data,fonte,nome,grupo,valor,fluxo,metrica_origem,unidade,tipo,descricao,variavel_calculada,formula,frequencia_original,frequencia_final
1997-01-31,Comex Stat/MDIC,comex_corrente_comercio_usd,comercio_exterior,6269630897,calculado,,US$,valor_monetario,Corrente mensal de comércio exterior brasileira.,True,comex_exportacoes_fob_usd + comex_importacoes_fob_usd,mensal,mensal
1997-02-28,Comex Stat/MDIC,comex_corrente_comercio_usd,comercio_exterior,7461582548,calculado,,US$,valor_monetario,Corrente mensal de comércio exterior brasileira.,True,comex_exportacoes_fob_usd + comex_importacoes_fob_usd,mensal,mensal
1997-03-31,Comex Stat/MDIC,comex_corrente_comercio_usd,comercio_exterior,8613006171,calculado,,US$,valor_monetario,Corrente mensal de comércio exterior brasileira.,True,comex_exportacoes_fob_usd + comex_importacoes_fob_usd,mensal,mensal
1997-04-30,Comex Stat/MDIC,comex_corrente_comercio_usd,comercio_exterior,10214262049,calculado,,US$,valor_monetario,Corrente mensal de comércio exterior brasileira.,True,comex_exportacoes_fob_usd + comex_importacoes_fob_usd,mensal,mensal
1997-05-31,Comex Stat/MDIC,comex_corrente_comercio_usd,comercio_exterior,9444227862,calculado,,US$,valor_monetario,Corrente mensal de comércio exterior brasileira.,True,comex_exportacoes_fob_usd + comex_importacoes_fob_usd,mensal,mensal
1997-06-30,Comex Stat/MDIC,comex_corrente_comercio_usd,comercio_exterior,10112427863,calculado,,US$,valor_monetario,Corrente mensal de comércio exterior brasileira.,True,comex_exportacoes_fob_usd + comex_importacoes_fob_usd,mensal,mensal
1997-07-31,Comex Stat/MDIC,comex_corrente_comercio_usd,comercio_exterior,11087376527,calculado,,US$,valor_monetario,Corrente mensal de comércio exterior brasileira.,True,comex_exportacoes_fob_usd + comex_importacoes_fob_usd,mensal,mensal
1997-08-31,Comex Stat/MDIC,comex_corrente_comercio_usd,comercio_exterior,10504760219,calculado,,US$,valor_monetario,Corrente mensal de comércio exterior brasileira.,True,comex_exportacoes_fob_usd + comex_importacoes_fob_usd,mensal,mensal
1997-09-30,Comex Stat/MDIC,comex_corrente_comercio_usd,comercio_exterior,10080158929,calculado,,US$,valor_monetario,Corrente mensal de comércio exterior brasileira.,True,comex_exportacoes_fob_usd + comex_importacoes_fob_usd,mensal,mensal
1997-10-31,Comex Stat/MDIC,comex_corrente_comercio_usd,comercio_exterior,10499530889,calculado,,US$,valor_monetario,Corrente mensal de comércio exterior brasileira.,True,comex_exportacoes_fob_usd + comex_importacoes_fob_usd,mensal,mensal
1997-11-30,Comex Stat/MDIC,comex_corrente_comercio_usd,comercio_exterior,9305192249,calculado,,US$,valor_monetario,Corrente mensal de comércio exterior brasileira.,True,comex_exportacoes_fob_usd + comex_importacoes_fob_usd,mensal,mensal
1997-12-31,Comex Stat/MDIC,comex_corrente_comercio_usd,comercio_exterior,9893301388,calculado,,US$,valor_monetario,Corrente mensal de comércio exterior brasileira.,True,comex_exportacoes_fob_usd + comex_importacoes_fob_usd,mensal,mensal
1998-01-31,Comex Stat/MDIC,comex_corrente_comercio_usd,comercio_exterior,8619890608,calculado,,US$,valor_monetario,Corrente mensal de comércio exterior brasileira.,True,comex_exportacoes_fob_usd + comex_importacoes_fob_usd,mensal,mensal
1998-02-28,Comex Stat/MDIC,comex_corrente_comercio_usd,comercio_exterior,7732583598,calculado,,US$,valor_monetario,Corrente mensal de comércio exterior brasileira.,True,comex_exportacoes_fob_usd + comex_importacoes_fob_usd,mensal,mensal
1998-03-31,Comex Stat/MDIC,comex_corrente_comercio_usd,comercio_exterior,9516615306,calculado,,US$,valor_monetario,Corrente mensal de comércio exterior brasileira.,True,comex_exportacoes_fob_usd + comex_importacoes_fob_usd,mensal,mensal
1998-04-30,Comex Stat/MDIC,comex_corrente_comercio_usd,comercio_exterior,9278836038,calculado,,US$,valor_monetario,Corrente mensal de comércio exterior brasileira.,True,comex_exportacoes_fob_usd + comex_importacoes_fob_usd,mensal,mensal
1998-05-31,Comex Stat/MDIC,comex_corrente_comercio_usd,comercio_exterior,9422503303,calculado,,US$,valor_monetario,Corrente mensal de comércio exterior brasileira.,True,comex_exportacoes_fob_usd + comex_importacoes_fob_usd,mensal,mensal
1998-06-30,Comex Stat/MDIC,comex_corrente_comercio_usd,comercio_exterior,9658729341,calculado,,US$,valor_monetario,Corrente mensal de comércio exterior brasileira.,True,comex_exportacoes_fob_usd + comex_importacoes_fob_usd,mensal,mensal
1998-07-31,Comex Stat/MDIC,comex_corrente_comercio_usd,comercio_exterior,10445973424,calculado,,US$,valor_monetario,Corrente mensal de comércio exterior brasileira.,True,comex_exportacoes_fob_usd + comex_importacoes_fob_usd,mensal,mensal
1998-08-31,Comex Stat/MDIC,comex_corrente_comercio_usd,comercio_exterior,8211413733,calculado,,US$,valor_monetario,Corrente mensal de comércio exterior brasileira.,True,comex_exportacoes_fob_usd + comex_importacoes_fob_usd,mensal,mensal
1998-09-30,Comex Stat/MDIC,comex_corrente_comercio_usd,comercio_exterior,10337860374,calculado,,US$,valor_monetario,Corrente mensal de comércio exterior brasileira.,True,comex_exportacoes_fob_usd + comex_importacoes_fob_usd,mensal,mensal
1998-10-31,Comex Stat/MDIC,comex_corrente_comercio_usd,comercio_exterior,9541362423,calculado,,US$,valor_monetario,Corrente mensal de comércio exterior brasileira.,True,comex_exportacoes_fob_usd + comex_importacoes_fob_usd,mensal,mensal
1998-11-30,Comex Stat/MDIC,comex_corrente_comercio_usd,comercio_exterior,8510676868,calculado,,US$,valor_monetario,Corrente mensal de comércio exterior brasileira.,True,comex_exportacoes_fob_usd + comex_importacoes_fob_usd,mensal,mensal
1998-12-31,Comex Stat/MDIC,comex_corrente_comercio_usd,comercio_exterior,8473019441,calculado,,US$,valor_monetario,Corrente mensal de comércio exterior brasileira.,True,comex_exportacoes_fob_usd + comex_importacoes_fob_usd,mensal,mensal
1999-01-31,Comex Stat/MDIC,comex_corrente_comercio_usd,comercio_exterior,6693879237,calculado,,US$,valor_monetario,Corrente mensal de comércio exterior brasileira.,True,comex_exportacoes_fob_usd + comex_importacoes_fob_usd,mensal,mensal
1999-02-28,Comex Stat/MDIC,comex_corrente_comercio_usd,comercio_exterior,6499890547,calculado,,US$,valor_monetario,Corrente mensal de comércio exterior brasileira.,True,comex_exportacoes_fob_usd + comex_importacoes_fob_usd,mensal,mensal
1999-03-31,Comex Stat/MDIC,comex_corrente_comercio_usd,comercio_exterior,7960429322,calculado,,US$,valor_monetario,Corrente mensal de comércio exterior brasileira.,True,comex_exportacoes_fob_usd + comex_importacoes_fob_usd,mensal,mensal
1999-04-30,Comex Stat/MDIC,comex_corrente_comercio_usd,comercio_exterior,7459251694,calculado,,US$,valor_monetario,Corrente mensal de comércio exterior brasileira.,True,comex_exportacoes_fob_usd + comex_importacoes_fob_usd,mensal,mensal
1999-05-31,Comex Stat/MDIC,comex_corrente_comercio_usd,comercio_exterior,8554315030,calculado,,US$,valor_monetario,Corrente mensal de comércio exterior brasileira.,True,comex_exportacoes_fob_usd + comex_importacoes_fob_usd,mensal,mensal
1999-06-30,Comex Stat/MDIC,comex_corrente_comercio_usd,comercio_exterior,8849996530,calculado,,US$,valor_monetario,Corrente mensal de comércio exterior brasileira.,True,comex_exportacoes_fob_usd + comex_importacoes_fob_usd,mensal,mensal
1999-07-31,Comex Stat/MDIC,comex_corrente_comercio_usd,comercio_exterior,8227315248,calculado,,US$,valor_monetario,Corrente mensal de comércio exterior brasileira.,True,comex_exportacoes_fob_usd + comex_importacoes_fob_usd,mensal,mensal
1999-08-31,Comex Stat/MDIC,comex_corrente_comercio_usd,comercio_exterior,8815421981,calculado,,US$,valor_monetario,Corrente mensal de comércio exterior brasileira.,True,comex_exportacoes_fob_usd + comex_importacoes_fob_usd,mensal,mensal
1999-09-30,Comex Stat/MDIC,comex_corrente_comercio_usd,comercio_exterior,8498420890,calculado,,US$,valor_monetario,Corrente mensal de comércio exterior brasileira.,True,comex_exportacoes_fob_usd + comex_importacoes_fob_usd,mensal,mensal
1999-10-31,Comex Stat/MDIC,comex_corrente_comercio_usd,comercio_exterior,8838445944,calculado,,US$,valor_monetario,Corrente mensal de comércio exterior brasileira.,True,comex_exportacoes_fob_usd + comex_importacoes_fob_usd,mensal,mensal
1999-11-30,Comex Stat/MDIC,comex_corrente_comercio_usd,comercio_exterior,8614263412,calculado,,US$,valor_monetario,Corrente mensal de comércio exterior brasileira.,True,comex_exportacoes_fob_usd + comex_importacoes_fob_usd,mensal,mensal
1999-12-31,Comex Stat/MDIC,comex_corrente_comercio_usd,comercio_exterior,9193819831,calculado,,US$,valor_monetario,Corrente mensal de comércio exterior brasileira.,True,comex_exportacoes_fob_usd + comex_importacoes_fob_usd,mensal,mensal
2000-01-31,Comex Stat/MDIC,comex_corrente_comercio_usd,comercio_exterior,7101344630,calculado,,US$,valor_monetario,Corrente mensal de comércio exterior brasileira.,True,comex_exportacoes_fob_usd + comex_importacoes_fob_usd,mensal,mensal
2000-02-29,Comex Stat/MDIC,comex_corrente_comercio_usd,comercio_exterior,8253862180,calculado,,US$,valor_monetario,Corrente mensal de comércio exterior brasileira.,True,comex_exportacoes_fob_usd + comex_importacoes_fob_usd,mensal,mensal
2000-03-31,Comex Stat/MDIC,comex_corrente_comercio_usd,comercio_exterior,9002770152,calculado,,US$,valor_monetario,Corrente mensal de comércio exterior brasileira.,True,comex_exportacoes_fob_usd + comex_importacoes_fob_usd,mensal,mensal
2000-04-30,Comex Stat/MDIC,comex_corrente_comercio_usd,comercio_exterior,8248505885,calculado,,US$,valor_monetario,Corrente mensal de comércio exterior brasileira.,True,comex_exportacoes_fob_usd + comex_importacoes_fob_usd,mensal,mensal
2000-05-31,Comex Stat/MDIC,comex_corrente_comercio_usd,comercio_exterior,9836670122,calculado,,US$,valor_monetario,Corrente mensal de comércio exterior brasileira.,True,comex_exportacoes_fob_usd + comex_importacoes_fob_usd,mensal,mensal
2000-06-30,Comex Stat/MDIC,comex_corrente_comercio_usd,comercio_exterior,9531811331,calculado,,US$,valor_monetario,Corrente mensal de comércio exterior brasileira.,True,comex_exportacoes_fob_usd + comex_importacoes_fob_usd,mensal,mensal
2000-07-31,Comex Stat/MDIC,comex_corrente_comercio_usd,comercio_exterior,9960721969,calculado,,US$,valor_monetario,Corrente mensal de comércio exterior brasileira.,True,comex_exportacoes_fob_usd + comex_importacoes_fob_usd,mensal,mensal
2000-08-31,Comex Stat/MDIC,comex_corrente_comercio_usd,comercio_exterior,11018381650,calculado,,US$,valor_monetario,Corrente mensal de comércio exterior brasileira.,True,comex_exportacoes_fob_usd + comex_importacoes_fob_usd,mensal,mensal
2000-09-30,Comex Stat/MDIC,comex_corrente_comercio_usd,comercio_exterior,9849305572,calculado,,US$,valor_monetario,Corrente mensal de comércio exterior brasileira.,True,comex_exportacoes_fob_usd + comex_importacoes_fob_usd,mensal,mensal
2000-10-31,Comex Stat/MDIC,comex_corrente_comercio_usd,comercio_exterior,9962053959,calculado,,US$,valor_monetario,Corrente mensal de comércio exterior brasileira.,True,comex_exportacoes_fob_usd + comex_importacoes_fob_usd,mensal,mensal
2000-11-30,Comex Stat/MDIC,comex_corrente_comercio_usd,comercio_exterior,9608363498,calculado,,US$,valor_monetario,Corrente mensal de comércio exterior brasileira.,True,comex_exportacoes_fob_usd + comex_importacoes_fob_usd,mensal,mensal
2000-12-31,Comex Stat/MDIC,comex_corrente_comercio_usd,comercio_exterior,9595718870,calculado,,US$,valor_monetario,Corrente mensal de comércio exterior brasileira.,True,comex_exportacoes_fob_usd + comex_importacoes_fob_usd,mensal,mensal
2001-01-31,Comex Stat/MDIC,comex_corrente_comercio_usd,comercio_exterior,9616915249,calculado,,US$,valor_monetario,Corrente mensal de comércio exterior brasileira.,True,comex_exportacoes_fob_usd + comex_importacoes_fob_usd,mensal,mensal
2001-02-28,Comex Stat/MDIC,comex_corrente_comercio_usd,comercio_exterior,8149587818,calculado,,US$,valor_monetario,Corrente mensal de comércio exterior brasileira.,True,comex_exportacoes_fob_usd + comex_importacoes_fob_usd,mensal,mensal
2001-03-31,Comex Stat/MDIC,comex_corrente_comercio_usd,comercio_exterior,10684397063,calculado,,US$,valor_monetario,Corrente mensal de comércio exterior brasileira.,True,comex_exportacoes_fob_usd + comex_importacoes_fob_usd,mensal,mensal
2001-04-30,Comex Stat/MDIC,comex_corrente_comercio_usd,comercio_exterior,9407450173,calculado,,US$,valor_monetario,Corrente mensal de comércio exterior brasileira.,True,comex_exportacoes_fob_usd + comex_importacoes_fob_usd,mensal,mensal
2001-05-31,Comex Stat/MDIC,comex_corrente_comercio_usd,comercio_exterior,10598776706,calculado,,US$,valor_monetario,Corrente mensal de comércio exterior brasileira.,True,comex_exportacoes_fob_usd + comex_importacoes_fob_usd,mensal,mensal
2001-06-30,Comex Stat/MDIC,comex_corrente_comercio_usd,comercio_exterior,9876143393,calculado,,US$,valor_monetario,Corrente mensal de comércio exterior brasileira.,True,comex_exportacoes_fob_usd + comex_importacoes_fob_usd,mensal,mensal
2001-07-31,Comex Stat/MDIC,comex_corrente_comercio_usd,comercio_exterior,9895892884,calculado,,US$,valor_monetario,Corrente mensal de comércio exterior brasileira.,True,comex_exportacoes_fob_usd + comex_importacoes_fob_usd,mensal,mensal
2001-08-31,Comex Stat/MDIC,comex_corrente_comercio_usd,comercio_exterior,10895967520,calculado,,US$,valor_monetario,Corrente mensal de comércio exterior brasileira.,True,comex_exportacoes_fob_usd + comex_importacoes_fob_usd,mensal,mensal
2001-09-30,Comex Stat/MDIC,comex_corrente_comercio_usd,comercio_exterior,8984404036,calculado,,US$,valor_monetario,Corrente mensal de comércio exterior brasileira.,True,comex_exportacoes_fob_usd + comex_importacoes_fob_usd,mensal,mensal
2001-10-31,Comex Stat/MDIC,comex_corrente_comercio_usd,comercio_exterior,9781624529,calculado,,US$,valor_monetario,Corrente mensal de comércio exterior brasileira.,True,comex_exportacoes_fob_usd + comex_importacoes_fob_usd,mensal,mensal
2001-11-30,Comex Stat/MDIC,comex_corrente_comercio_usd,comercio_exterior,8787063406,calculado,,US$,valor_monetario,Corrente mensal de comércio exterior brasileira.,True,comex_exportacoes_fob_usd + comex_importacoes_fob_usd,mensal,mensal
2001-12-31,Comex Stat/MDIC,comex_corrente_comercio_usd,comercio_exterior,7923091648,calculado,,US$,valor_monetario,Corrente mensal de comércio exterior brasileira.,True,comex_exportacoes_fob_usd + comex_importacoes_fob_usd,mensal,mensal
2002-01-31,Comex Stat/MDIC,comex_corrente_comercio_usd,comercio_exterior,7838460646,calculado,,US$,valor_monetario,Corrente mensal de comércio exterior brasileira.,True,comex_exportacoes_fob_usd + comex_importacoes_fob_usd,mensal,mensal
2002-02-28,Comex Stat/MDIC,comex_corrente_comercio_usd,comercio_exterior,7136249551,calculado,,US$,valor_monetario,Corrente mensal de comércio exterior brasileira.,True,comex_exportacoes_fob_usd + comex_importacoes_fob_usd,mensal,mensal
2002-03-31,Comex Stat/MDIC,comex_corrente_comercio_usd,comercio_exterior,8000870708,calculado,,US$,valor_monetario,Corrente mensal de comércio exterior brasileira.,True,comex_exportacoes_fob_usd + comex_importacoes_fob_usd,mensal,mensal
2002-04-30,Comex Stat/MDIC,comex_corrente_comercio_usd,comercio_exterior,8837912958,calculado,,US$,valor_monetario,Corrente mensal de comércio exterior brasileira.,True,comex_exportacoes_fob_usd + comex_importacoes_fob_usd,mensal,mensal
2002-05-31,Comex Stat/MDIC,comex_corrente_comercio_usd,comercio_exterior,8578345659,calculado,,US$,valor_monetario,Corrente mensal de comércio exterior brasileira.,True,comex_exportacoes_fob_usd + comex_importacoes_fob_usd,mensal,mensal
2002-06-30,Comex Stat/MDIC,comex_corrente_comercio_usd,comercio_exterior,7552940078,calculado,,US$,valor_monetario,Corrente mensal de comércio exterior brasileira.,True,comex_exportacoes_fob_usd + comex_importacoes_fob_usd,mensal,mensal
2002-07-31,Comex Stat/MDIC,comex_corrente_comercio_usd,comercio_exterior,11308090521,calculado,,US$,valor_monetario,Corrente mensal de comércio exterior brasileira.,True,comex_exportacoes_fob_usd + comex_importacoes_fob_usd,mensal,mensal
2002-08-31,Comex Stat/MDIC,comex_corrente_comercio_usd,comercio_exterior,9996663809,calculado,,US$,valor_monetario,Corrente mensal de comércio exterior brasileira.,True,comex_exportacoes_fob_usd + comex_importacoes_fob_usd,mensal,mensal
2002-09-30,Comex Stat/MDIC,comex_corrente_comercio_usd,comercio_exterior,10566174187,calculado,,US$,valor_monetario,Corrente mensal de comércio exterior brasileira.,True,comex_exportacoes_fob_usd + comex_importacoes_fob_usd,mensal,mensal
2002-10-31,Comex Stat/MDIC,comex_corrente_comercio_usd,comercio_exterior,10826346833,calculado,,US$,valor_monetario,Corrente mensal de comércio exterior brasileira.,True,comex_exportacoes_fob_usd + comex_importacoes_fob_usd,mensal,mensal
2002-11-30,Comex Stat/MDIC,comex_corrente_comercio_usd,comercio_exterior,9038753201,calculado,,US$,valor_monetario,Corrente mensal de comércio exterior brasileira.,True,comex_exportacoes_fob_usd + comex_importacoes_fob_usd,mensal,mensal
2002-12-31,Comex Stat/MDIC,comex_corrente_comercio_usd,comercio_exterior,8741113505,calculado,,US$,valor_monetario,Corrente mensal de comércio exterior brasileira.,True,comex_exportacoes_fob_usd + comex_importacoes_fob_usd,mensal,mensal
2003-01-31,Comex Stat/MDIC,comex_corrente_comercio_usd,comercio_exterior,8520267582,calculado,,US$,valor_monetario,Corrente mensal de comércio exterior brasileira.,True,comex_exportacoes_fob_usd + comex_importacoes_fob_usd,mensal,mensal
2003-02-28,Comex Stat/MDIC,comex_corrente_comercio_usd,comercio_exterior,8954771024,calculado,,US$,valor_monetario,Corrente mensal de comércio exterior brasileira.,True,comex_exportacoes_fob_usd + comex_importacoes_fob_usd,mensal,mensal
2003-03-31,Comex Stat/MDIC,comex_corrente_comercio_usd,comercio_exterior,8996825602,calculado,,US$,valor_monetario,Corrente mensal de comércio exterior brasileira.,True,comex_exportacoes_fob_usd + comex_importacoes_fob_usd,mensal,mensal
2003-04-30,Comex Stat/MDIC,comex_corrente_comercio_usd,comercio_exterior,9763186303,calculado,,US$,valor_monetario,Corrente mensal de comércio exterior brasileira.,True,comex_exportacoes_fob_usd + comex_importacoes_fob_usd,mensal,mensal
2003-05-31,Comex Stat/MDIC,comex_corrente_comercio_usd,comercio_exterior,10309507269,calculado,,US$,valor_monetario,Corrente mensal de comércio exterior brasileira.,True,comex_exportacoes_fob_usd + comex_importacoes_fob_usd,mensal,mensal
2003-06-30,Comex Stat/MDIC,comex_corrente_comercio_usd,comercio_exterior,9455203393,calculado,,US$,valor_monetario,Corrente mensal de comércio exterior brasileira.,True,comex_exportacoes_fob_usd + comex_importacoes_fob_usd,mensal,mensal
2003-07-31,Comex Stat/MDIC,comex_corrente_comercio_usd,comercio_exterior,10210144802,calculado,,US$,valor_monetario,Corrente mensal de comércio exterior brasileira.,True,comex_exportacoes_fob_usd + comex_importacoes_fob_usd,mensal,mensal
2003-08-31,Comex Stat/MDIC,comex_corrente_comercio_usd,comercio_exterior,10198319117,calculado,,US$,valor_monetario,Corrente mensal de comércio exterior brasileira.,True,comex_exportacoes_fob_usd + comex_importacoes_fob_usd,mensal,mensal
2003-09-30,Comex Stat/MDIC,comex_corrente_comercio_usd,comercio_exterior,11957534497,calculado,,US$,valor_monetario,Corrente mensal de comércio exterior brasileira.,True,comex_exportacoes_fob_usd + comex_importacoes_fob_usd,mensal,mensal
2003-10-31,Comex Stat/MDIC,comex_corrente_comercio_usd,comercio_exterior,12640598611,calculado,,US$,valor_monetario,Corrente mensal de comércio exterior brasileira.,True,comex_exportacoes_fob_usd + comex_importacoes_fob_usd,mensal,mensal
2003-11-30,Comex Stat/MDIC,comex_corrente_comercio_usd,comercio_exterior,10266524722,calculado,,US$,valor_monetario,Corrente mensal de comércio exterior brasileira.,True,comex_exportacoes_fob_usd + comex_importacoes_fob_usd,mensal,mensal
2003-12-31,Comex Stat/MDIC,comex_corrente_comercio_usd,comercio_exterior,10811026920,calculado,,US$,valor_monetario,Corrente mensal de comércio exterior brasileira.,True,comex_exportacoes_fob_usd + comex_importacoes_fob_usd,mensal,mensal
2004-01-31,Comex Stat/MDIC,comex_corrente_comercio_usd,comercio_exterior,10079084179,calculado,,US$,valor_monetario,Corrente mensal de comércio exterior brasileira.,True,comex_exportacoes_fob_usd + comex_importacoes_fob_usd,mensal,mensal
2004-02-29,Comex Stat/MDIC,comex_corrente_comercio_usd,comercio_exterior,9549385850,calculado,,US$,valor_monetario,Corrente mensal de comércio exterior brasileira.,True,comex_exportacoes_fob_usd + comex_importacoes_fob_usd,mensal,mensal
2004-03-31,Comex Stat/MDIC,comex_corrente_comercio_usd,comercio_exterior,13329973851,calculado,,US$,valor_monetario,Corrente mensal de comércio exterior brasileira.,True,comex_exportacoes_fob_usd + comex_importacoes_fob_usd,mensal,mensal
2004-04-30,Comex Stat/MDIC,comex_corrente_comercio_usd,comercio_exterior,11295143516,calculado,,US$,valor_monetario,Corrente mensal de comércio exterior brasileira.,True,comex_exportacoes_fob_usd + comex_importacoes_fob_usd,mensal,mensal
2004-05-31,Comex Stat/MDIC,comex_corrente_comercio_usd,comercio_exterior,12839656371,calculado,,US$,valor_monetario,Corrente mensal de comércio exterior brasileira.,True,comex_exportacoes_fob_usd + comex_importacoes_fob_usd,mensal,mensal
2004-06-30,Comex Stat/MDIC,comex_corrente_comercio_usd,comercio_exterior,14921309047,calculado,,US$,valor_monetario,Corrente mensal de comércio exterior brasileira.,True,comex_exportacoes_fob_usd + comex_importacoes_fob_usd,mensal,mensal
2004-07-31,Comex Stat/MDIC,comex_corrente_comercio_usd,comercio_exterior,14576293953,calculado,,US$,valor_monetario,Corrente mensal de comércio exterior brasileira.,True,comex_exportacoes_fob_usd + comex_importacoes_fob_usd,mensal,mensal
2004-08-31,Comex Stat/MDIC,comex_corrente_comercio_usd,comercio_exterior,14747933648,calculado,,US$,valor_monetario,Corrente mensal de comércio exterior brasileira.,True,comex_exportacoes_fob_usd + comex_importacoes_fob_usd,mensal,mensal
2004-09-30,Comex Stat/MDIC,comex_corrente_comercio_usd,comercio_exterior,14744959047,calculado,,US$,valor_monetario,Corrente mensal de comércio exterior brasileira.,True,comex_exportacoes_fob_usd + comex_importacoes_fob_usd,mensal,mensal
2004-10-31,Comex Stat/MDIC,comex_corrente_comercio_usd,comercio_exterior,14109784422,calculado,,US$,valor_monetario,Corrente mensal de comércio exterior brasileira.,True,comex_exportacoes_fob_usd + comex_importacoes_fob_usd,mensal,mensal
2004-11-30,Comex Stat/MDIC,comex_corrente_comercio_usd,comercio_exterior,14306832021,calculado,,US$,valor_monetario,Corrente mensal de comércio exterior brasileira.,True,comex_exportacoes_fob_usd + comex_importacoes_fob_usd,mensal,mensal
2004-12-31,Comex Stat/MDIC,comex_corrente_comercio_usd,comercio_exterior,14434953132,calculado,,US$,valor_monetario,Corrente mensal de comércio exterior brasileira.,True,comex_exportacoes_fob_usd + comex_importacoes_fob_usd,mensal,mensal
2005-01-31,Comex Stat/MDIC,comex_corrente_comercio_usd,comercio_exterior,12830348148,calculado,,US$,valor_monetario,Corrente mensal de comércio exterior brasileira.,True,comex_exportacoes_fob_usd + comex_importacoes_fob_usd,mensal,mensal
2005-02-28,Comex Stat/MDIC,comex_corrente_comercio_usd,comercio_exterior,12849713450,calculado,,US$,valor_monetario,Corrente mensal de comércio exterior brasileira.,True,comex_exportacoes_fob_usd + comex_importacoes_fob_usd,mensal,mensal
2005-03-31,Comex Stat/MDIC,comex_corrente_comercio_usd,comercio_exterior,15256704943,calculado,,US$,valor_monetario,Corrente mensal de comércio exterior brasileira.,True,comex_exportacoes_fob_usd + comex_importacoes_fob_usd,mensal,mensal
2005-04-30,Comex Stat/MDIC,comex_corrente_comercio_usd,comercio_exterior,14670988736,calculado,,US$,valor_monetario,Corrente mensal de comércio exterior brasileira.,True,comex_exportacoes_fob_usd + comex_importacoes_fob_usd,mensal,mensal
2005-05-31,Comex Stat/MDIC,comex_corrente_comercio_usd,comercio_exterior,16312585264,calculado,,US$,valor_monetario,Corrente mensal de comércio exterior brasileira.,True,comex_exportacoes_fob_usd + comex_importacoes_fob_usd,mensal,mensal
2005-06-30,Comex Stat/MDIC,comex_corrente_comercio_usd,comercio_exterior,16477399581,calculado,,US$,valor_monetario,Corrente mensal de comércio exterior brasileira.,True,comex_exportacoes_fob_usd + comex_importacoes_fob_usd,mensal,mensal
2005-07-31,Comex Stat/MDIC,comex_corrente_comercio_usd,comercio_exterior,17232031273,calculado,,US$,valor_monetario,Corrente mensal de comércio exterior brasileira.,True,comex_exportacoes_fob_usd + comex_importacoes_fob_usd,mensal,mensal
2005-08-31,Comex Stat/MDIC,comex_corrente_comercio_usd,comercio_exterior,19129674440,calculado,,US$,valor_monetario,Corrente mensal de comércio exterior brasileira.,True,comex_exportacoes_fob_usd + comex_importacoes_fob_usd,mensal,mensal
2005-09-30,Comex Stat/MDIC,comex_corrente_comercio_usd,comercio_exterior,17059789854,calculado,,US$,valor_monetario,Corrente mensal de comércio exterior brasileira.,True,comex_exportacoes_fob_usd + comex_importacoes_fob_usd,mensal,mensal
2005-10-31,Comex Stat/MDIC,comex_corrente_comercio_usd,comercio_exterior,16256516931,calculado,,US$,valor_monetario,Corrente mensal de comércio exterior brasileira.,True,comex_exportacoes_fob_usd + comex_importacoes_fob_usd,mensal,mensal
2005-11-30,Comex Stat/MDIC,comex_corrente_comercio_usd,comercio_exterior,17647814520,calculado,,US$,valor_monetario,Corrente mensal de comércio exterior brasileira.,True,comex_exportacoes_fob_usd + comex_importacoes_fob_usd,mensal,mensal
2005-12-31,Comex Stat/MDIC,comex_corrente_comercio_usd,comercio_exterior,17566483821,calculado,,US$,valor_monetario,Corrente mensal de comércio exterior brasileira.,True,comex_exportacoes_fob_usd + comex_importacoes_fob_usd,mensal,mensal
2006-01-31,Comex Stat/MDIC,comex_corrente_comercio_usd,comercio_exterior,15834441016,calculado,,US$,valor_monetario,Corrente mensal de comércio exterior brasileira.,True,comex_exportacoes_fob_usd + comex_importacoes_fob_usd,mensal,mensal
2006-02-28,Comex Stat/MDIC,comex_corrente_comercio_usd,comercio_exterior,14829596933,calculado,,US$,valor_monetario,Corrente mensal de comércio exterior brasileira.,True,comex_exportacoes_fob_usd + comex_importacoes_fob_usd,mensal,mensal
2006-03-31,Comex Stat/MDIC,comex_corrente_comercio_usd,comercio_exterior,19194357850,calculado,,US$,valor_monetario,Corrente mensal de comércio exterior brasileira.,True,comex_exportacoes_fob_usd + comex_importacoes_fob_usd,mensal,mensal
2006-04-30,Comex Stat/MDIC,comex_corrente_comercio_usd,comercio_exterior,16668027232,calculado,,US$,valor_monetario,Corrente mensal de comércio exterior brasileira.,True,comex_exportacoes_fob_usd + comex_importacoes_fob_usd,mensal,mensal
2006-05-31,Comex Stat/MDIC,comex_corrente_comercio_usd,comercio_exterior,17660998253,calculado,,US$,valor_monetario,Corrente mensal de comércio exterior brasileira.,True,comex_exportacoes_fob_usd + comex_importacoes_fob_usd,mensal,mensal
2006-06-30,Comex Stat/MDIC,comex_corrente_comercio_usd,comercio_exterior,18906100693,calculado,,US$,valor_monetario,Corrente mensal de comércio exterior brasileira.,True,comex_exportacoes_fob_usd + comex_importacoes_fob_usd,mensal,mensal
2006-07-31,Comex Stat/MDIC,comex_corrente_comercio_usd,comercio_exterior,21723096024,calculado,,US$,valor_monetario,Corrente mensal de comércio exterior brasileira.,True,comex_exportacoes_fob_usd + comex_importacoes_fob_usd,mensal,mensal
2006-08-31,Comex Stat/MDIC,comex_corrente_comercio_usd,comercio_exterior,22858685729,calculado,,US$,valor_monetario,Corrente mensal de comércio exterior brasileira.,True,comex_exportacoes_fob_usd + comex_importacoes_fob_usd,mensal,mensal
2006-09-30,Comex Stat/MDIC,comex_corrente_comercio_usd,comercio_exterior,20763847155,calculado,,US$,valor_monetario,Corrente mensal de comércio exterior brasileira.,True,comex_exportacoes_fob_usd + comex_importacoes_fob_usd,mensal,mensal
2006-10-31,Comex Stat/MDIC,comex_corrente_comercio_usd,comercio_exterior,21486261982,calculado,,US$,valor_monetario,Corrente mensal de comércio exterior brasileira.,True,comex_exportacoes_fob_usd + comex_importacoes_fob_usd,mensal,mensal
2006-11-30,Comex Stat/MDIC,comex_corrente_comercio_usd,comercio_exterior,20635656202,calculado,,US$,valor_monetario,Corrente mensal de comércio exterior brasileira.,True,comex_exportacoes_fob_usd + comex_importacoes_fob_usd,mensal,mensal
2006-12-31,Comex Stat/MDIC,comex_corrente_comercio_usd,comercio_exterior,19551179010,calculado,,US$,valor_monetario,Corrente mensal de comércio exterior brasileira.,True,comex_exportacoes_fob_usd + comex_importacoes_fob_usd,mensal,mensal
2007-01-31,Comex Stat/MDIC,comex_corrente_comercio_usd,comercio_exterior,19529827012,calculado,,US$,valor_monetario,Corrente mensal de comércio exterior brasileira.,True,comex_exportacoes_fob_usd + comex_importacoes_fob_usd,mensal,mensal
2007-02-28,Comex Stat/MDIC,comex_corrente_comercio_usd,comercio_exterior,17448158582,calculado,,US$,valor_monetario,Corrente mensal de comércio exterior brasileira.,True,comex_exportacoes_fob_usd + comex_importacoes_fob_usd,mensal,mensal
2007-03-31,Comex Stat/MDIC,comex_corrente_comercio_usd,comercio_exterior,22486842814,calculado,,US$,valor_monetario,Corrente mensal de comércio exterior brasileira.,True,comex_exportacoes_fob_usd + comex_importacoes_fob_usd,mensal,mensal
2007-04-30,Comex Stat/MDIC,comex_corrente_comercio_usd,comercio_exterior,20815643830,calculado,,US$,valor_monetario,Corrente mensal de comércio exterior brasileira.,True,comex_exportacoes_fob_usd + comex_importacoes_fob_usd,mensal,mensal
2007-05-31,Comex Stat/MDIC,comex_corrente_comercio_usd,comercio_exterior,23532029025,calculado,,US$,valor_monetario,Corrente mensal de comércio exterior brasileira.,True,comex_exportacoes_fob_usd + comex_importacoes_fob_usd,mensal,mensal
2007-06-30,Comex Stat/MDIC,comex_corrente_comercio_usd,comercio_exterior,22505165669,calculado,,US$,valor_monetario,Corrente mensal de comércio exterior brasileira.,True,comex_exportacoes_fob_usd + comex_importacoes_fob_usd,mensal,mensal
2007-07-31,Comex Stat/MDIC,comex_corrente_comercio_usd,comercio_exterior,24983447770,calculado,,US$,valor_monetario,Corrente mensal de comércio exterior brasileira.,True,comex_exportacoes_fob_usd + comex_importacoes_fob_usd,mensal,mensal
2007-08-31,Comex Stat/MDIC,comex_corrente_comercio_usd,comercio_exterior,26777162418,calculado,,US$,valor_monetario,Corrente mensal de comércio exterior brasileira.,True,comex_exportacoes_fob_usd + comex_importacoes_fob_usd,mensal,mensal
2007-09-30,Comex Stat/MDIC,comex_corrente_comercio_usd,comercio_exterior,24426184777,calculado,,US$,valor_monetario,Corrente mensal de comércio exterior brasileira.,True,comex_exportacoes_fob_usd + comex_importacoes_fob_usd,mensal,mensal
2007-10-31,Comex Stat/MDIC,comex_corrente_comercio_usd,comercio_exterior,28225917806,calculado,,US$,valor_monetario,Corrente mensal de comércio exterior brasileira.,True,comex_exportacoes_fob_usd + comex_importacoes_fob_usd,mensal,mensal
2007-11-30,Comex Stat/MDIC,comex_corrente_comercio_usd,comercio_exterior,26177158521,calculado,,US$,valor_monetario,Corrente mensal de comércio exterior brasileira.,True,comex_exportacoes_fob_usd + comex_importacoes_fob_usd,mensal,mensal
2007-12-31,Comex Stat/MDIC,comex_corrente_comercio_usd,comercio_exterior,24950794729,calculado,,US$,valor_monetario,Corrente mensal de comércio exterior brasileira.,True,comex_exportacoes_fob_usd + comex_importacoes_fob_usd,mensal,mensal
2008-01-31,Comex Stat/MDIC,comex_corrente_comercio_usd,comercio_exterior,25722023979,calculado,,US$,valor_monetario,Corrente mensal de comércio exterior brasileira.,True,comex_exportacoes_fob_usd + comex_importacoes_fob_usd,mensal,mensal
2008-02-29,Comex Stat/MDIC,comex_corrente_comercio_usd,comercio_exterior,24863861337,calculado,,US$,valor_monetario,Corrente mensal de comércio exterior brasileira.,True,comex_exportacoes_fob_usd + comex_importacoes_fob_usd,mensal,mensal
2008-03-31,Comex Stat/MDIC,comex_corrente_comercio_usd,comercio_exterior,24338584589,calculado,,US$,valor_monetario,Corrente mensal de comércio exterior brasileira.,True,comex_exportacoes_fob_usd + comex_importacoes_fob_usd,mensal,mensal
2008-04-30,Comex Stat/MDIC,comex_corrente_comercio_usd,comercio_exterior,26516428829,calculado,,US$,valor_monetario,Corrente mensal de comércio exterior brasileira.,True,comex_exportacoes_fob_usd + comex_importacoes_fob_usd,mensal,mensal
2008-05-31,Comex Stat/MDIC,comex_corrente_comercio_usd,comercio_exterior,34618695981,calculado,,US$,valor_monetario,Corrente mensal de comércio exterior brasileira.,True,comex_exportacoes_fob_usd + comex_importacoes_fob_usd,mensal,mensal
2008-06-30,Comex Stat/MDIC,comex_corrente_comercio_usd,comercio_exterior,34589491111,calculado,,US$,valor_monetario,Corrente mensal de comércio exterior brasileira.,True,comex_exportacoes_fob_usd + comex_importacoes_fob_usd,mensal,mensal
2008-07-31,Comex Stat/MDIC,comex_corrente_comercio_usd,comercio_exterior,37680860290,calculado,,US$,valor_monetario,Corrente mensal de comércio exterior brasileira.,True,comex_exportacoes_fob_usd + comex_importacoes_fob_usd,mensal,mensal
2008-08-31,Comex Stat/MDIC,comex_corrente_comercio_usd,comercio_exterior,37275314882,calculado,,US$,valor_monetario,Corrente mensal de comércio exterior brasileira.,True,comex_exportacoes_fob_usd + comex_importacoes_fob_usd,mensal,mensal
2008-09-30,Comex Stat/MDIC,comex_corrente_comercio_usd,comercio_exterior,36494506775,calculado,,US$,valor_monetario,Corrente mensal de comércio exterior brasileira.,True,comex_exportacoes_fob_usd + comex_importacoes_fob_usd,mensal,mensal
2008-10-31,Comex Stat/MDIC,comex_corrente_comercio_usd,comercio_exterior,35753076590,calculado,,US$,valor_monetario,Corrente mensal de comércio exterior brasileira.,True,comex_exportacoes_fob_usd + comex_importacoes_fob_usd,mensal,mensal
2008-11-30,Comex Stat/MDIC,comex_corrente_comercio_usd,comercio_exterior,27294349381,calculado,,US$,valor_monetario,Corrente mensal de comércio exterior brasileira.,True,comex_exportacoes_fob_usd + comex_importacoes_fob_usd,mensal,mensal
2008-12-31,Comex Stat/MDIC,comex_corrente_comercio_usd,comercio_exterior,25324518059,calculado,,US$,valor_monetario,Corrente mensal de comércio exterior brasileira.,True,comex_exportacoes_fob_usd + comex_importacoes_fob_usd,mensal,mensal
2009-01-31,Comex Stat/MDIC,comex_corrente_comercio_usd,comercio_exterior,20102445374,calculado,,US$,valor_monetario,Corrente mensal de comércio exterior brasileira.,True,comex_exportacoes_fob_usd + comex_importacoes_fob_usd,mensal,mensal
2009-02-28,Comex Stat/MDIC,comex_corrente_comercio_usd,comercio_exterior,17447552985,calculado,,US$,valor_monetario,Corrente mensal de comércio exterior brasileira.,True,comex_exportacoes_fob_usd + comex_importacoes_fob_usd,mensal,mensal
2009-03-31,Comex Stat/MDIC,comex_corrente_comercio_usd,comercio_exterior,21799015743,calculado,,US$,valor_monetario,Corrente mensal de comércio exterior brasileira.,True,comex_exportacoes_fob_usd + comex_importacoes_fob_usd,mensal,mensal
2009-04-30,Comex Stat/MDIC,comex_corrente_comercio_usd,comercio_exterior,20985338141,calculado,,US$,valor_monetario,Corrente mensal de comércio exterior brasileira.,True,comex_exportacoes_fob_usd + comex_importacoes_fob_usd,mensal,mensal
2009-05-31,Comex Stat/MDIC,comex_corrente_comercio_usd,comercio_exterior,21421702889,calculado,,US$,valor_monetario,Corrente mensal de comércio exterior brasileira.,True,comex_exportacoes_fob_usd + comex_importacoes_fob_usd,mensal,mensal
2009-06-30,Comex Stat/MDIC,comex_corrente_comercio_usd,comercio_exterior,24354098164,calculado,,US$,valor_monetario,Corrente mensal de comércio exterior brasileira.,True,comex_exportacoes_fob_usd + comex_importacoes_fob_usd,mensal,mensal
2009-07-31,Comex Stat/MDIC,comex_corrente_comercio_usd,comercio_exterior,25431386867,calculado,,US$,valor_monetario,Corrente mensal de comércio exterior brasileira.,True,comex_exportacoes_fob_usd + comex_importacoes_fob_usd,mensal,mensal
2009-08-31,Comex Stat/MDIC,comex_corrente_comercio_usd,comercio_exterior,24726175735,calculado,,US$,valor_monetario,Corrente mensal de comércio exterior brasileira.,True,comex_exportacoes_fob_usd + comex_importacoes_fob_usd,mensal,mensal
2009-09-30,Comex Stat/MDIC,comex_corrente_comercio_usd,comercio_exterior,26499892687,calculado,,US$,valor_monetario,Corrente mensal de comércio exterior brasileira.,True,comex_exportacoes_fob_usd + comex_importacoes_fob_usd,mensal,mensal
2009-10-31,Comex Stat/MDIC,comex_corrente_comercio_usd,comercio_exterior,26925862070,calculado,,US$,valor_monetario,Corrente mensal de comércio exterior brasileira.,True,comex_exportacoes_fob_usd + comex_importacoes_fob_usd,mensal,mensal
2009-11-30,Comex Stat/MDIC,comex_corrente_comercio_usd,comercio_exterior,24680496103,calculado,,US$,valor_monetario,Corrente mensal de comércio exterior brasileira.,True,comex_exportacoes_fob_usd + comex_importacoes_fob_usd,mensal,mensal
2009-12-31,Comex Stat/MDIC,comex_corrente_comercio_usd,comercio_exterior,26815318951,calculado,,US$,valor_monetario,Corrente mensal de comércio exterior brasileira.,True,comex_exportacoes_fob_usd + comex_importacoes_fob_usd,mensal,mensal
2010-01-31,Comex Stat/MDIC,comex_corrente_comercio_usd,comercio_exterior,22781218812,calculado,,US$,valor_monetario,Corrente mensal de comércio exterior brasileira.,True,comex_exportacoes_fob_usd + comex_importacoes_fob_usd,mensal,mensal
2010-02-28,Comex Stat/MDIC,comex_corrente_comercio_usd,comercio_exterior,24002761868,calculado,,US$,valor_monetario,Corrente mensal de comércio exterior brasileira.,True,comex_exportacoes_fob_usd + comex_importacoes_fob_usd,mensal,mensal
2010-03-31,Comex Stat/MDIC,comex_corrente_comercio_usd,comercio_exterior,30819099648,calculado,,US$,valor_monetario,Corrente mensal de comércio exterior brasileira.,True,comex_exportacoes_fob_usd + comex_importacoes_fob_usd,mensal,mensal
2010-04-30,Comex Stat/MDIC,comex_corrente_comercio_usd,comercio_exterior,29081942807,calculado,,US$,valor_monetario,Corrente mensal de comércio exterior brasileira.,True,comex_exportacoes_fob_usd + comex_importacoes_fob_usd,mensal,mensal
2010-05-31,Comex Stat/MDIC,comex_corrente_comercio_usd,comercio_exterior,32006346032,calculado,,US$,valor_monetario,Corrente mensal de comércio exterior brasileira.,True,comex_exportacoes_fob_usd + comex_importacoes_fob_usd,mensal,mensal
2010-06-30,Comex Stat/MDIC,comex_corrente_comercio_usd,comercio_exterior,31972823096,calculado,,US$,valor_monetario,Corrente mensal de comércio exterior brasileira.,True,comex_exportacoes_fob_usd + comex_importacoes_fob_usd,mensal,mensal
2010-07-31,Comex Stat/MDIC,comex_corrente_comercio_usd,comercio_exterior,34020310988,calculado,,US$,valor_monetario,Corrente mensal de comércio exterior brasileira.,True,comex_exportacoes_fob_usd + comex_importacoes_fob_usd,mensal,mensal
2010-08-31,Comex Stat/MDIC,comex_corrente_comercio_usd,comercio_exterior,36046825586,calculado,,US$,valor_monetario,Corrente mensal de comércio exterior brasileira.,True,comex_exportacoes_fob_usd + comex_importacoes_fob_usd,mensal,mensal
2010-09-30,Comex Stat/MDIC,comex_corrente_comercio_usd,comercio_exterior,36618101379,calculado,,US$,valor_monetario,Corrente mensal de comércio exterior brasileira.,True,comex_exportacoes_fob_usd + comex_importacoes_fob_usd,mensal,mensal
2010-10-31,Comex Stat/MDIC,comex_corrente_comercio_usd,comercio_exterior,34821590352,calculado,,US$,valor_monetario,Corrente mensal de comércio exterior brasileira.,True,comex_exportacoes_fob_usd + comex_importacoes_fob_usd,mensal,mensal
2010-11-30,Comex Stat/MDIC,comex_corrente_comercio_usd,comercio_exterior,35097012520,calculado,,US$,valor_monetario,Corrente mensal de comércio exterior brasileira.,True,comex_exportacoes_fob_usd + comex_importacoes_fob_usd,mensal,mensal
2010-12-31,Comex Stat/MDIC,comex_corrente_comercio_usd,comercio_exterior,36503066584,calculado,,US$,valor_monetario,Corrente mensal de comércio exterior brasileira.,True,comex_exportacoes_fob_usd + comex_importacoes_fob_usd,mensal,mensal
2011-01-31,Comex Stat/MDIC,comex_corrente_comercio_usd,comercio_exterior,29993680684,calculado,,US$,valor_monetario,Corrente mensal de comércio exterior brasileira.,True,comex_exportacoes_fob_usd + comex_importacoes_fob_usd,mensal,mensal
2011-02-28,Comex Stat/MDIC,comex_corrente_comercio_usd,comercio_exterior,32310035651,calculado,,US$,valor_monetario,Corrente mensal de comércio exterior brasileira.,True,comex_exportacoes_fob_usd + comex_importacoes_fob_usd,mensal,mensal
2011-03-31,Comex Stat/MDIC,comex_corrente_comercio_usd,comercio_exterior,37044856831,calculado,,US$,valor_monetario,Corrente mensal de comércio exterior brasileira.,True,comex_exportacoes_fob_usd + comex_importacoes_fob_usd,mensal,mensal
2011-04-30,Comex Stat/MDIC,comex_corrente_comercio_usd,comercio_exterior,38541872961,calculado,,US$,valor_monetario,Corrente mensal de comércio exterior brasileira.,True,comex_exportacoes_fob_usd + comex_importacoes_fob_usd,mensal,mensal
2011-05-31,Comex Stat/MDIC,comex_corrente_comercio_usd,comercio_exterior,42883626607,calculado,,US$,valor_monetario,Corrente mensal de comércio exterior brasileira.,True,comex_exportacoes_fob_usd + comex_importacoes_fob_usd,mensal,mensal
2011-06-30,Comex Stat/MDIC,comex_corrente_comercio_usd,comercio_exterior,41916986596,calculado,,US$,valor_monetario,Corrente mensal de comércio exterior brasileira.,True,comex_exportacoes_fob_usd + comex_importacoes_fob_usd,mensal,mensal
2011-07-31,Comex Stat/MDIC,comex_corrente_comercio_usd,comercio_exterior,41452134541,calculado,,US$,valor_monetario,Corrente mensal de comércio exterior brasileira.,True,comex_exportacoes_fob_usd + comex_importacoes_fob_usd,mensal,mensal
2011-08-31,Comex Stat/MDIC,comex_corrente_comercio_usd,comercio_exterior,48482103093,calculado,,US$,valor_monetario,Corrente mensal de comércio exterior brasileira.,True,comex_exportacoes_fob_usd + comex_importacoes_fob_usd,mensal,mensal
2011-09-30,Comex Stat/MDIC,comex_corrente_comercio_usd,comercio_exterior,43547628183,calculado,,US$,valor_monetario,Corrente mensal de comércio exterior brasileira.,True,comex_exportacoes_fob_usd + comex_importacoes_fob_usd,mensal,mensal
2011-10-31,Comex Stat/MDIC,comex_corrente_comercio_usd,comercio_exterior,41975071203,calculado,,US$,valor_monetario,Corrente mensal de comércio exterior brasileira.,True,comex_exportacoes_fob_usd + comex_importacoes_fob_usd,mensal,mensal
2011-11-30,Comex Stat/MDIC,comex_corrente_comercio_usd,comercio_exterior,43011745241,calculado,,US$,valor_monetario,Corrente mensal de comércio exterior brasileira.,True,comex_exportacoes_fob_usd + comex_importacoes_fob_usd,mensal,mensal
2011-12-31,Comex Stat/MDIC,comex_corrente_comercio_usd,comercio_exterior,40476324617,calculado,,US$,valor_monetario,Corrente mensal de comércio exterior brasileira.,True,comex_exportacoes_fob_usd + comex_importacoes_fob_usd,mensal,mensal
2012-01-31,Comex Stat/MDIC,comex_corrente_comercio_usd,comercio_exterior,33538584335,calculado,,US$,valor_monetario,Corrente mensal de comércio exterior brasileira.,True,comex_exportacoes_fob_usd + comex_importacoes_fob_usd,mensal,mensal
2012-02-29,Comex Stat/MDIC,comex_corrente_comercio_usd,comercio_exterior,34402645761,calculado,,US$,valor_monetario,Corrente mensal de comércio exterior brasileira.,True,comex_exportacoes_fob_usd + comex_importacoes_fob_usd,mensal,mensal
2012-03-31,Comex Stat/MDIC,comex_corrente_comercio_usd,comercio_exterior,39773132712,calculado,,US$,valor_monetario,Corrente mensal de comércio exterior brasileira.,True,comex_exportacoes_fob_usd + comex_importacoes_fob_usd,mensal,mensal
2012-04-30,Comex Stat/MDIC,comex_corrente_comercio_usd,comercio_exterior,38311356453,calculado,,US$,valor_monetario,Corrente mensal de comércio exterior brasileira.,True,comex_exportacoes_fob_usd + comex_importacoes_fob_usd,mensal,mensal
2012-05-31,Comex Stat/MDIC,comex_corrente_comercio_usd,comercio_exterior,43563143430,calculado,,US$,valor_monetario,Corrente mensal de comércio exterior brasileira.,True,comex_exportacoes_fob_usd + comex_importacoes_fob_usd,mensal,mensal
2012-06-30,Comex Stat/MDIC,comex_corrente_comercio_usd,comercio_exterior,37890906089,calculado,,US$,valor_monetario,Corrente mensal de comércio exterior brasileira.,True,comex_exportacoes_fob_usd + comex_importacoes_fob_usd,mensal,mensal
2012-07-31,Comex Stat/MDIC,comex_corrente_comercio_usd,comercio_exterior,39131590448,calculado,,US$,valor_monetario,Corrente mensal de comércio exterior brasileira.,True,comex_exportacoes_fob_usd + comex_importacoes_fob_usd,mensal,mensal
2012-08-31,Comex Stat/MDIC,comex_corrente_comercio_usd,comercio_exterior,41554032435,calculado,,US$,valor_monetario,Corrente mensal de comércio exterior brasileira.,True,comex_exportacoes_fob_usd + comex_importacoes_fob_usd,mensal,mensal
2012-09-30,Comex Stat/MDIC,comex_corrente_comercio_usd,comercio_exterior,37495544149,calculado,,US$,valor_monetario,Corrente mensal de comércio exterior brasileira.,True,comex_exportacoes_fob_usd + comex_importacoes_fob_usd,mensal,mensal
2012-10-31,Comex Stat/MDIC,comex_corrente_comercio_usd,comercio_exterior,41582662595,calculado,,US$,valor_monetario,Corrente mensal de comércio exterior brasileira.,True,comex_exportacoes_fob_usd + comex_importacoes_fob_usd,mensal,mensal
2012-11-30,Comex Stat/MDIC,comex_corrente_comercio_usd,comercio_exterior,40528782916,calculado,,US$,valor_monetario,Corrente mensal de comércio exterior brasileira.,True,comex_exportacoes_fob_usd + comex_importacoes_fob_usd,mensal,mensal
2012-12-31,Comex Stat/MDIC,comex_corrente_comercio_usd,comercio_exterior,37346582904,calculado,,US$,valor_monetario,Corrente mensal de comércio exterior brasileira.,True,comex_exportacoes_fob_usd + comex_importacoes_fob_usd,mensal,mensal
2013-01-31,Comex Stat/MDIC,comex_corrente_comercio_usd,comercio_exterior,35913874625,calculado,,US$,valor_monetario,Corrente mensal de comércio exterior brasileira.,True,comex_exportacoes_fob_usd + comex_importacoes_fob_usd,mensal,mensal
2013-02-28,Comex Stat/MDIC,comex_corrente_comercio_usd,comercio_exterior,32460508749,calculado,,US$,valor_monetario,Corrente mensal de comércio exterior brasileira.,True,comex_exportacoes_fob_usd + comex_importacoes_fob_usd,mensal,mensal
2013-03-31,Comex Stat/MDIC,comex_corrente_comercio_usd,comercio_exterior,37642468038,calculado,,US$,valor_monetario,Corrente mensal de comércio exterior brasileira.,True,comex_exportacoes_fob_usd + comex_importacoes_fob_usd,mensal,mensal
2013-04-30,Comex Stat/MDIC,comex_corrente_comercio_usd,comercio_exterior,42339581264,calculado,,US$,valor_monetario,Corrente mensal de comércio exterior brasileira.,True,comex_exportacoes_fob_usd + comex_importacoes_fob_usd,mensal,mensal
2013-05-31,Comex Stat/MDIC,comex_corrente_comercio_usd,comercio_exterior,42858618357,calculado,,US$,valor_monetario,Corrente mensal de comércio exterior brasileira.,True,comex_exportacoes_fob_usd + comex_importacoes_fob_usd,mensal,mensal
2013-06-30,Comex Stat/MDIC,comex_corrente_comercio_usd,comercio_exterior,38318591456,calculado,,US$,valor_monetario,Corrente mensal de comércio exterior brasileira.,True,comex_exportacoes_fob_usd + comex_importacoes_fob_usd,mensal,mensal
2013-07-31,Comex Stat/MDIC,comex_corrente_comercio_usd,comercio_exterior,43224967517,calculado,,US$,valor_monetario,Corrente mensal de comércio exterior brasileira.,True,comex_exportacoes_fob_usd + comex_importacoes_fob_usd,mensal,mensal
2013-08-31,Comex Stat/MDIC,comex_corrente_comercio_usd,comercio_exterior,41578724523,calculado,,US$,valor_monetario,Corrente mensal de comércio exterior brasileira.,True,comex_exportacoes_fob_usd + comex_importacoes_fob_usd,mensal,mensal
2013-09-30,Comex Stat/MDIC,comex_corrente_comercio_usd,comercio_exterior,39781175812,calculado,,US$,valor_monetario,Corrente mensal de comércio exterior brasileira.,True,comex_exportacoes_fob_usd + comex_importacoes_fob_usd,mensal,mensal
2013-10-31,Comex Stat/MDIC,comex_corrente_comercio_usd,comercio_exterior,43838312676,calculado,,US$,valor_monetario,Corrente mensal de comércio exterior brasileira.,True,comex_exportacoes_fob_usd + comex_importacoes_fob_usd,mensal,mensal
2013-11-30,Comex Stat/MDIC,comex_corrente_comercio_usd,comercio_exterior,38198407834,calculado,,US$,valor_monetario,Corrente mensal de comércio exterior brasileira.,True,comex_exportacoes_fob_usd + comex_importacoes_fob_usd,mensal,mensal
2013-12-31,Comex Stat/MDIC,comex_corrente_comercio_usd,comercio_exterior,37889911214,calculado,,US$,valor_monetario,Corrente mensal de comércio exterior brasileira.,True,comex_exportacoes_fob_usd + comex_importacoes_fob_usd,mensal,mensal
2014-01-31,Comex Stat/MDIC,comex_corrente_comercio_usd,comercio_exterior,35979788117,calculado,,US$,valor_monetario,Corrente mensal de comércio exterior brasileira.,True,comex_exportacoes_fob_usd + comex_importacoes_fob_usd,mensal,mensal
2014-02-28,Comex Stat/MDIC,comex_corrente_comercio_usd,comercio_exterior,34016432403,calculado,,US$,valor_monetario,Corrente mensal de comércio exterior brasileira.,True,comex_exportacoes_fob_usd + comex_importacoes_fob_usd,mensal,mensal
2014-03-31,Comex Stat/MDIC,comex_corrente_comercio_usd,comercio_exterior,35108275299,calculado,,US$,valor_monetario,Corrente mensal de comércio exterior brasileira.,True,comex_exportacoes_fob_usd + comex_importacoes_fob_usd,mensal,mensal
2014-04-30,Comex Stat/MDIC,comex_corrente_comercio_usd,comercio_exterior,38929550523,calculado,,US$,valor_monetario,Corrente mensal de comércio exterior brasileira.,True,comex_exportacoes_fob_usd + comex_importacoes_fob_usd,mensal,mensal
2014-05-31,Comex Stat/MDIC,comex_corrente_comercio_usd,comercio_exterior,40769748102,calculado,,US$,valor_monetario,Corrente mensal de comércio exterior brasileira.,True,comex_exportacoes_fob_usd + comex_importacoes_fob_usd,mensal,mensal
2014-06-30,Comex Stat/MDIC,comex_corrente_comercio_usd,comercio_exterior,38549060567,calculado,,US$,valor_monetario,Corrente mensal de comércio exterior brasileira.,True,comex_exportacoes_fob_usd + comex_importacoes_fob_usd,mensal,mensal
2014-07-31,Comex Stat/MDIC,comex_corrente_comercio_usd,comercio_exterior,43531851905,calculado,,US$,valor_monetario,Corrente mensal de comércio exterior brasileira.,True,comex_exportacoes_fob_usd + comex_importacoes_fob_usd,mensal,mensal
2014-08-31,Comex Stat/MDIC,comex_corrente_comercio_usd,comercio_exterior,38661690858,calculado,,US$,valor_monetario,Corrente mensal de comércio exterior brasileira.,True,comex_exportacoes_fob_usd + comex_importacoes_fob_usd,mensal,mensal
2014-09-30,Comex Stat/MDIC,comex_corrente_comercio_usd,comercio_exterior,40092440614,calculado,,US$,valor_monetario,Corrente mensal de comércio exterior brasileira.,True,comex_exportacoes_fob_usd + comex_importacoes_fob_usd,mensal,mensal
2014-10-31,Comex Stat/MDIC,comex_corrente_comercio_usd,comercio_exterior,37805098221,calculado,,US$,valor_monetario,Corrente mensal de comércio exterior brasileira.,True,comex_exportacoes_fob_usd + comex_importacoes_fob_usd,mensal,mensal
2014-11-30,Comex Stat/MDIC,comex_corrente_comercio_usd,comercio_exterior,33698249317,calculado,,US$,valor_monetario,Corrente mensal de comércio exterior brasileira.,True,comex_exportacoes_fob_usd + comex_importacoes_fob_usd,mensal,mensal
2014-12-31,Comex Stat/MDIC,comex_corrente_comercio_usd,comercio_exterior,34604069708,calculado,,US$,valor_monetario,Corrente mensal de comércio exterior brasileira.,True,comex_exportacoes_fob_usd + comex_importacoes_fob_usd,mensal,mensal
2015-01-31,Comex Stat/MDIC,comex_corrente_comercio_usd,comercio_exterior,30482390199,calculado,,US$,valor_monetario,Corrente mensal de comércio exterior brasileira.,True,comex_exportacoes_fob_usd + comex_importacoes_fob_usd,mensal,mensal
2015-02-28,Comex Stat/MDIC,comex_corrente_comercio_usd,comercio_exterior,27073653592,calculado,,US$,valor_monetario,Corrente mensal de comércio exterior brasileira.,True,comex_exportacoes_fob_usd + comex_importacoes_fob_usd,mensal,mensal
2015-03-31,Comex Stat/MDIC,comex_corrente_comercio_usd,comercio_exterior,33409025570,calculado,,US$,valor_monetario,Corrente mensal de comércio exterior brasileira.,True,comex_exportacoes_fob_usd + comex_importacoes_fob_usd,mensal,mensal
2015-04-30,Comex Stat/MDIC,comex_corrente_comercio_usd,comercio_exterior,29786747202,calculado,,US$,valor_monetario,Corrente mensal de comércio exterior brasileira.,True,comex_exportacoes_fob_usd + comex_importacoes_fob_usd,mensal,mensal
2015-05-31,Comex Stat/MDIC,comex_corrente_comercio_usd,comercio_exterior,30778838872,calculado,,US$,valor_monetario,Corrente mensal de comércio exterior brasileira.,True,comex_exportacoes_fob_usd + comex_importacoes_fob_usd,mensal,mensal
2015-06-30,Comex Stat/MDIC,comex_corrente_comercio_usd,comercio_exterior,33985892704,calculado,,US$,valor_monetario,Corrente mensal de comércio exterior brasileira.,True,comex_exportacoes_fob_usd + comex_importacoes_fob_usd,mensal,mensal
2015-07-31,Comex Stat/MDIC,comex_corrente_comercio_usd,comercio_exterior,34621264718,calculado,,US$,valor_monetario,Corrente mensal de comércio exterior brasileira.,True,comex_exportacoes_fob_usd + comex_importacoes_fob_usd,mensal,mensal
2015-08-31,Comex Stat/MDIC,comex_corrente_comercio_usd,comercio_exterior,28257972444,calculado,,US$,valor_monetario,Corrente mensal de comércio exterior brasileira.,True,comex_exportacoes_fob_usd + comex_importacoes_fob_usd,mensal,mensal
2015-09-30,Comex Stat/MDIC,comex_corrente_comercio_usd,comercio_exterior,28804549005,calculado,,US$,valor_monetario,Corrente mensal de comércio exterior brasileira.,True,comex_exportacoes_fob_usd + comex_importacoes_fob_usd,mensal,mensal
2015-10-31,Comex Stat/MDIC,comex_corrente_comercio_usd,comercio_exterior,29957137211,calculado,,US$,valor_monetario,Corrente mensal de comércio exterior brasileira.,True,comex_exportacoes_fob_usd + comex_importacoes_fob_usd,mensal,mensal
2015-11-30,Comex Stat/MDIC,comex_corrente_comercio_usd,comercio_exterior,26348572582,calculado,,US$,valor_monetario,Corrente mensal de comércio exterior brasileira.,True,comex_exportacoes_fob_usd + comex_importacoes_fob_usd,mensal,mensal
2015-12-31,Comex Stat/MDIC,comex_corrente_comercio_usd,comercio_exterior,26380570041,calculado,,US$,valor_monetario,Corrente mensal de comércio exterior brasileira.,True,comex_exportacoes_fob_usd + comex_importacoes_fob_usd,mensal,mensal
2016-01-31,Comex Stat/MDIC,comex_corrente_comercio_usd,comercio_exterior,21480572184,calculado,,US$,valor_monetario,Corrente mensal de comércio exterior brasileira.,True,comex_exportacoes_fob_usd + comex_importacoes_fob_usd,mensal,mensal
2016-02-29,Comex Stat/MDIC,comex_corrente_comercio_usd,comercio_exterior,23552431796,calculado,,US$,valor_monetario,Corrente mensal de comércio exterior brasileira.,True,comex_exportacoes_fob_usd + comex_importacoes_fob_usd,mensal,mensal
2016-03-31,Comex Stat/MDIC,comex_corrente_comercio_usd,comercio_exterior,27551738662,calculado,,US$,valor_monetario,Corrente mensal de comércio exterior brasileira.,True,comex_exportacoes_fob_usd + comex_importacoes_fob_usd,mensal,mensal
2016-04-30,Comex Stat/MDIC,comex_corrente_comercio_usd,comercio_exterior,25741222799,calculado,,US$,valor_monetario,Corrente mensal de comércio exterior brasileira.,True,comex_exportacoes_fob_usd + comex_importacoes_fob_usd,mensal,mensal
2016-05-31,Comex Stat/MDIC,comex_corrente_comercio_usd,comercio_exterior,27887533681,calculado,,US$,valor_monetario,Corrente mensal de comércio exterior brasileira.,True,comex_exportacoes_fob_usd + comex_importacoes_fob_usd,mensal,mensal
2016-06-30,Comex Stat/MDIC,comex_corrente_comercio_usd,comercio_exterior,29526838371,calculado,,US$,valor_monetario,Corrente mensal de comércio exterior brasileira.,True,comex_exportacoes_fob_usd + comex_importacoes_fob_usd,mensal,mensal
2016-07-31,Comex Stat/MDIC,comex_corrente_comercio_usd,comercio_exterior,27049133478,calculado,,US$,valor_monetario,Corrente mensal de comércio exterior brasileira.,True,comex_exportacoes_fob_usd + comex_importacoes_fob_usd,mensal,mensal
2016-08-31,Comex Stat/MDIC,comex_corrente_comercio_usd,comercio_exterior,29863702680,calculado,,US$,valor_monetario,Corrente mensal de comércio exterior brasileira.,True,comex_exportacoes_fob_usd + comex_importacoes_fob_usd,mensal,mensal
2016-09-30,Comex Stat/MDIC,comex_corrente_comercio_usd,comercio_exterior,27825418641,calculado,,US$,valor_monetario,Corrente mensal de comércio exterior brasileira.,True,comex_exportacoes_fob_usd + comex_importacoes_fob_usd,mensal,mensal
2016-10-31,Comex Stat/MDIC,comex_corrente_comercio_usd,comercio_exterior,25113135701,calculado,,US$,valor_monetario,Corrente mensal de comércio exterior brasileira.,True,comex_exportacoes_fob_usd + comex_importacoes_fob_usd,mensal,mensal
2016-11-30,Comex Stat/MDIC,comex_corrente_comercio_usd,comercio_exterior,25815824804,calculado,,US$,valor_monetario,Corrente mensal de comércio exterior brasileira.,True,comex_exportacoes_fob_usd + comex_importacoes_fob_usd,mensal,mensal
2016-12-31,Comex Stat/MDIC,comex_corrente_comercio_usd,comercio_exterior,27439934070,calculado,,US$,valor_monetario,Corrente mensal de comércio exterior brasileira.,True,comex_exportacoes_fob_usd + comex_importacoes_fob_usd,mensal,mensal
2017-01-31,Comex Stat/MDIC,comex_corrente_comercio_usd,comercio_exterior,27163204059,calculado,,US$,valor_monetario,Corrente mensal de comércio exterior brasileira.,True,comex_exportacoes_fob_usd + comex_importacoes_fob_usd,mensal,mensal
2017-02-28,Comex Stat/MDIC,comex_corrente_comercio_usd,comercio_exterior,26322752004,calculado,,US$,valor_monetario,Corrente mensal de comércio exterior brasileira.,True,comex_exportacoes_fob_usd + comex_importacoes_fob_usd,mensal,mensal
2017-03-31,Comex Stat/MDIC,comex_corrente_comercio_usd,comercio_exterior,33417631782,calculado,,US$,valor_monetario,Corrente mensal de comércio exterior brasileira.,True,comex_exportacoes_fob_usd + comex_importacoes_fob_usd,mensal,mensal
2017-04-30,Comex Stat/MDIC,comex_corrente_comercio_usd,comercio_exterior,28944216046,calculado,,US$,valor_monetario,Corrente mensal de comércio exterior brasileira.,True,comex_exportacoes_fob_usd + comex_importacoes_fob_usd,mensal,mensal
2017-05-31,Comex Stat/MDIC,comex_corrente_comercio_usd,comercio_exterior,32694995444,calculado,,US$,valor_monetario,Corrente mensal de comércio exterior brasileira.,True,comex_exportacoes_fob_usd + comex_importacoes_fob_usd,mensal,mensal
2017-06-30,Comex Stat/MDIC,comex_corrente_comercio_usd,comercio_exterior,32944150072,calculado,,US$,valor_monetario,Corrente mensal de comércio exterior brasileira.,True,comex_exportacoes_fob_usd + comex_importacoes_fob_usd,mensal,mensal
2017-07-31,Comex Stat/MDIC,comex_corrente_comercio_usd,comercio_exterior,30921965301,calculado,,US$,valor_monetario,Corrente mensal de comércio exterior brasileira.,True,comex_exportacoes_fob_usd + comex_importacoes_fob_usd,mensal,mensal
2017-08-31,Comex Stat/MDIC,comex_corrente_comercio_usd,comercio_exterior,34126090638,calculado,,US$,valor_monetario,Corrente mensal de comércio exterior brasileira.,True,comex_exportacoes_fob_usd + comex_importacoes_fob_usd,mensal,mensal
2017-09-30,Comex Stat/MDIC,comex_corrente_comercio_usd,comercio_exterior,32775742506,calculado,,US$,valor_monetario,Corrente mensal de comércio exterior brasileira.,True,comex_exportacoes_fob_usd + comex_importacoes_fob_usd,mensal,mensal
2017-10-31,Comex Stat/MDIC,comex_corrente_comercio_usd,comercio_exterior,33293228729,calculado,,US$,valor_monetario,Corrente mensal de comércio exterior brasileira.,True,comex_exportacoes_fob_usd + comex_importacoes_fob_usd,mensal,mensal
2017-11-30,Comex Stat/MDIC,comex_corrente_comercio_usd,comercio_exterior,30535835268,calculado,,US$,valor_monetario,Corrente mensal de comércio exterior brasileira.,True,comex_exportacoes_fob_usd + comex_importacoes_fob_usd,mensal,mensal
2017-12-31,Comex Stat/MDIC,comex_corrente_comercio_usd,comercio_exterior,30799740507,calculado,,US$,valor_monetario,Corrente mensal de comércio exterior brasileira.,True,comex_exportacoes_fob_usd + comex_importacoes_fob_usd,mensal,mensal
2018-01-31,Comex Stat/MDIC,comex_corrente_comercio_usd,comercio_exterior,31883939721,calculado,,US$,valor_monetario,Corrente mensal de comércio exterior brasileira.,True,comex_exportacoes_fob_usd + comex_importacoes_fob_usd,mensal,mensal
2018-02-28,Comex Stat/MDIC,comex_corrente_comercio_usd,comercio_exterior,29070755619,calculado,,US$,valor_monetario,Corrente mensal de comércio exterior brasileira.,True,comex_exportacoes_fob_usd + comex_importacoes_fob_usd,mensal,mensal
2018-03-31,Comex Stat/MDIC,comex_corrente_comercio_usd,comercio_exterior,34897223956,calculado,,US$,valor_monetario,Corrente mensal de comércio exterior brasileira.,True,comex_exportacoes_fob_usd + comex_importacoes_fob_usd,mensal,mensal
2018-04-30,Comex Stat/MDIC,comex_corrente_comercio_usd,comercio_exterior,34331895525,calculado,,US$,valor_monetario,Corrente mensal de comércio exterior brasileira.,True,comex_exportacoes_fob_usd + comex_importacoes_fob_usd,mensal,mensal
2018-05-31,Comex Stat/MDIC,comex_corrente_comercio_usd,comercio_exterior,33311585602,calculado,,US$,valor_monetario,Corrente mensal de comércio exterior brasileira.,True,comex_exportacoes_fob_usd + comex_importacoes_fob_usd,mensal,mensal
2018-06-30,Comex Stat/MDIC,comex_corrente_comercio_usd,comercio_exterior,34838174201,calculado,,US$,valor_monetario,Corrente mensal de comércio exterior brasileira.,True,comex_exportacoes_fob_usd + comex_importacoes_fob_usd,mensal,mensal
2018-07-31,Comex Stat/MDIC,comex_corrente_comercio_usd,comercio_exterior,38815131372,calculado,,US$,valor_monetario,Corrente mensal de comércio exterior brasileira.,True,comex_exportacoes_fob_usd + comex_importacoes_fob_usd,mensal,mensal
2018-08-31,Comex Stat/MDIC,comex_corrente_comercio_usd,comercio_exterior,39852414566,calculado,,US$,valor_monetario,Corrente mensal de comércio exterior brasileira.,True,comex_exportacoes_fob_usd + comex_importacoes_fob_usd,mensal,mensal
2018-09-30,Comex Stat/MDIC,comex_corrente_comercio_usd,comercio_exterior,33989444729,calculado,,US$,valor_monetario,Corrente mensal de comércio exterior brasileira.,True,comex_exportacoes_fob_usd + comex_importacoes_fob_usd,mensal,mensal
2018-10-31,Comex Stat/MDIC,comex_corrente_comercio_usd,comercio_exterior,38593300048,calculado,,US$,valor_monetario,Corrente mensal de comércio exterior brasileira.,True,comex_exportacoes_fob_usd + comex_importacoes_fob_usd,mensal,mensal
2018-11-30,Comex Stat/MDIC,comex_corrente_comercio_usd,comercio_exterior,34729586181,calculado,,US$,valor_monetario,Corrente mensal de comércio exterior brasileira.,True,comex_exportacoes_fob_usd + comex_importacoes_fob_usd,mensal,mensal
2018-12-31,Comex Stat/MDIC,comex_corrente_comercio_usd,comercio_exterior,32898055381,calculado,,US$,valor_monetario,Corrente mensal de comércio exterior brasileira.,True,comex_exportacoes_fob_usd + comex_importacoes_fob_usd,mensal,mensal
2019-01-31,Comex Stat/MDIC,comex_corrente_comercio_usd,comercio_exterior,34091471174,calculado,,US$,valor_monetario,Corrente mensal de comércio exterior brasileira.,True,comex_exportacoes_fob_usd + comex_importacoes_fob_usd,mensal,mensal
2019-02-28,Comex Stat/MDIC,comex_corrente_comercio_usd,comercio_exterior,29184847135,calculado,,US$,valor_monetario,Corrente mensal de comércio exterior brasileira.,True,comex_exportacoes_fob_usd + comex_importacoes_fob_usd,mensal,mensal
2019-03-31,Comex Stat/MDIC,comex_corrente_comercio_usd,comercio_exterior,31374722370,calculado,,US$,valor_monetario,Corrente mensal de comércio exterior brasileira.,True,comex_exportacoes_fob_usd + comex_importacoes_fob_usd,mensal,mensal
2019-04-30,Comex Stat/MDIC,comex_corrente_comercio_usd,comercio_exterior,33754666665,calculado,,US$,valor_monetario,Corrente mensal de comércio exterior brasileira.,True,comex_exportacoes_fob_usd + comex_importacoes_fob_usd,mensal,mensal
2019-05-31,Comex Stat/MDIC,comex_corrente_comercio_usd,comercio_exterior,36631089341,calculado,,US$,valor_monetario,Corrente mensal de comércio exterior brasileira.,True,comex_exportacoes_fob_usd + comex_importacoes_fob_usd,mensal,mensal
2019-06-30,Comex Stat/MDIC,comex_corrente_comercio_usd,comercio_exterior,32251089491,calculado,,US$,valor_monetario,Corrente mensal de comércio exterior brasileira.,True,comex_exportacoes_fob_usd + comex_importacoes_fob_usd,mensal,mensal
2019-07-31,Comex Stat/MDIC,comex_corrente_comercio_usd,comercio_exterior,37953592726,calculado,,US$,valor_monetario,Corrente mensal de comércio exterior brasileira.,True,comex_exportacoes_fob_usd + comex_importacoes_fob_usd,mensal,mensal
2019-08-31,Comex Stat/MDIC,comex_corrente_comercio_usd,comercio_exterior,37169482346,calculado,,US$,valor_monetario,Corrente mensal de comércio exterior brasileira.,True,comex_exportacoes_fob_usd + comex_importacoes_fob_usd,mensal,mensal
2019-09-30,Comex Stat/MDIC,comex_corrente_comercio_usd,comercio_exterior,33983136159,calculado,,US$,valor_monetario,Corrente mensal de comércio exterior brasileira.,True,comex_exportacoes_fob_usd + comex_importacoes_fob_usd,mensal,mensal
2019-10-31,Comex Stat/MDIC,comex_corrente_comercio_usd,comercio_exterior,36471113738,calculado,,US$,valor_monetario,Corrente mensal de comércio exterior brasileira.,True,comex_exportacoes_fob_usd + comex_importacoes_fob_usd,mensal,mensal
2019-11-30,Comex Stat/MDIC,comex_corrente_comercio_usd,comercio_exterior,32478109251,calculado,,US$,valor_monetario,Corrente mensal de comércio exterior brasileira.,True,comex_exportacoes_fob_usd + comex_importacoes_fob_usd,mensal,mensal
2019-12-31,Comex Stat/MDIC,comex_corrente_comercio_usd,comercio_exterior,31711454831,calculado,,US$,valor_monetario,Corrente mensal de comércio exterior brasileira.,True,comex_exportacoes_fob_usd + comex_importacoes_fob_usd,mensal,mensal
2020-01-31,Comex Stat/MDIC,comex_corrente_comercio_usd,comercio_exterior,31619880755,calculado,,US$,valor_monetario,Corrente mensal de comércio exterior brasileira.,True,comex_exportacoes_fob_usd + comex_importacoes_fob_usd,mensal,mensal
2020-02-29,Comex Stat/MDIC,comex_corrente_comercio_usd,comercio_exterior,29205900099,calculado,,US$,valor_monetario,Corrente mensal de comércio exterior brasileira.,True,comex_exportacoes_fob_usd + comex_importacoes_fob_usd,mensal,mensal
2020-03-31,Comex Stat/MDIC,comex_corrente_comercio_usd,comercio_exterior,32579094971,calculado,,US$,valor_monetario,Corrente mensal de comércio exterior brasileira.,True,comex_exportacoes_fob_usd + comex_importacoes_fob_usd,mensal,mensal
2020-04-30,Comex Stat/MDIC,comex_corrente_comercio_usd,comercio_exterior,29024818375,calculado,,US$,valor_monetario,Corrente mensal de comércio exterior brasileira.,True,comex_exportacoes_fob_usd + comex_importacoes_fob_usd,mensal,mensal
2020-05-31,Comex Stat/MDIC,comex_corrente_comercio_usd,comercio_exterior,28201787033,calculado,,US$,valor_monetario,Corrente mensal de comércio exterior brasileira.,True,comex_exportacoes_fob_usd + comex_importacoes_fob_usd,mensal,mensal
2020-06-30,Comex Stat/MDIC,comex_corrente_comercio_usd,comercio_exterior,28456077666,calculado,,US$,valor_monetario,Corrente mensal de comércio exterior brasileira.,True,comex_exportacoes_fob_usd + comex_importacoes_fob_usd,mensal,mensal
2020-07-31,Comex Stat/MDIC,comex_corrente_comercio_usd,comercio_exterior,31230771361,calculado,,US$,valor_monetario,Corrente mensal de comércio exterior brasileira.,True,comex_exportacoes_fob_usd + comex_importacoes_fob_usd,mensal,mensal
2020-08-31,Comex Stat/MDIC,comex_corrente_comercio_usd,comercio_exterior,28988976092,calculado,,US$,valor_monetario,Corrente mensal de comércio exterior brasileira.,True,comex_exportacoes_fob_usd + comex_importacoes_fob_usd,mensal,mensal
2020-09-30,Comex Stat/MDIC,comex_corrente_comercio_usd,comercio_exterior,31363339398,calculado,,US$,valor_monetario,Corrente mensal de comércio exterior brasileira.,True,comex_exportacoes_fob_usd + comex_importacoes_fob_usd,mensal,mensal
2020-10-31,Comex Stat/MDIC,comex_corrente_comercio_usd,comercio_exterior,30894639953,calculado,,US$,valor_monetario,Corrente mensal de comércio exterior brasileira.,True,comex_exportacoes_fob_usd + comex_importacoes_fob_usd,mensal,mensal
2020-11-30,Comex Stat/MDIC,comex_corrente_comercio_usd,comercio_exterior,32201482610,calculado,,US$,valor_monetario,Corrente mensal de comércio exterior brasileira.,True,comex_exportacoes_fob_usd + comex_importacoes_fob_usd,mensal,mensal
2020-12-31,Comex Stat/MDIC,comex_corrente_comercio_usd,comercio_exterior,34200298221,calculado,,US$,valor_monetario,Corrente mensal de comércio exterior brasileira.,True,comex_exportacoes_fob_usd + comex_importacoes_fob_usd,mensal,mensal
2021-01-31,Comex Stat/MDIC,comex_corrente_comercio_usd,comercio_exterior,30115018396,calculado,,US$,valor_monetario,Corrente mensal de comércio exterior brasileira.,True,comex_exportacoes_fob_usd + comex_importacoes_fob_usd,mensal,mensal
2021-02-28,Comex Stat/MDIC,comex_corrente_comercio_usd,comercio_exterior,30914463439,calculado,,US$,valor_monetario,Corrente mensal de comércio exterior brasileira.,True,comex_exportacoes_fob_usd + comex_importacoes_fob_usd,mensal,mensal
2021-03-31,Comex Stat/MDIC,comex_corrente_comercio_usd,comercio_exterior,42201038716,calculado,,US$,valor_monetario,Corrente mensal de comércio exterior brasileira.,True,comex_exportacoes_fob_usd + comex_importacoes_fob_usd,mensal,mensal
2021-04-30,Comex Stat/MDIC,comex_corrente_comercio_usd,comercio_exterior,42155755951,calculado,,US$,valor_monetario,Corrente mensal de comércio exterior brasileira.,True,comex_exportacoes_fob_usd + comex_importacoes_fob_usd,mensal,mensal
2021-05-31,Comex Stat/MDIC,comex_corrente_comercio_usd,comercio_exterior,43865344342,calculado,,US$,valor_monetario,Corrente mensal de comércio exterior brasileira.,True,comex_exportacoes_fob_usd + comex_importacoes_fob_usd,mensal,mensal
2021-06-30,Comex Stat/MDIC,comex_corrente_comercio_usd,comercio_exterior,46101500217,calculado,,US$,valor_monetario,Corrente mensal de comércio exterior brasileira.,True,comex_exportacoes_fob_usd + comex_importacoes_fob_usd,mensal,mensal
2021-07-31,Comex Stat/MDIC,comex_corrente_comercio_usd,comercio_exterior,43637240732,calculado,,US$,valor_monetario,Corrente mensal de comércio exterior brasileira.,True,comex_exportacoes_fob_usd + comex_importacoes_fob_usd,mensal,mensal
2021-08-31,Comex Stat/MDIC,comex_corrente_comercio_usd,comercio_exterior,46773652538,calculado,,US$,valor_monetario,Corrente mensal de comércio exterior brasileira.,True,comex_exportacoes_fob_usd + comex_importacoes_fob_usd,mensal,mensal
2021-09-30,Comex Stat/MDIC,comex_corrente_comercio_usd,comercio_exterior,44351577091,calculado,,US$,valor_monetario,Corrente mensal de comércio exterior brasileira.,True,comex_exportacoes_fob_usd + comex_importacoes_fob_usd,mensal,mensal
2021-10-31,Comex Stat/MDIC,comex_corrente_comercio_usd,comercio_exterior,43141555662,calculado,,US$,valor_monetario,Corrente mensal de comércio exterior brasileira.,True,comex_exportacoes_fob_usd + comex_importacoes_fob_usd,mensal,mensal
2021-11-30,Comex Stat/MDIC,comex_corrente_comercio_usd,comercio_exterior,42113606729,calculado,,US$,valor_monetario,Corrente mensal de comércio exterior brasileira.,True,comex_exportacoes_fob_usd + comex_importacoes_fob_usd,mensal,mensal
2021-12-31,Comex Stat/MDIC,comex_corrente_comercio_usd,comercio_exterior,44851872827,calculado,,US$,valor_monetario,Corrente mensal de comércio exterior brasileira.,True,comex_exportacoes_fob_usd + comex_importacoes_fob_usd,mensal,mensal
2022-01-31,Comex Stat/MDIC,comex_corrente_comercio_usd,comercio_exterior,39618965789,calculado,,US$,valor_monetario,Corrente mensal de comércio exterior brasileira.,True,comex_exportacoes_fob_usd + comex_importacoes_fob_usd,mensal,mensal
2022-02-28,Comex Stat/MDIC,comex_corrente_comercio_usd,comercio_exterior,42397337756,calculado,,US$,valor_monetario,Corrente mensal de comércio exterior brasileira.,True,comex_exportacoes_fob_usd + comex_importacoes_fob_usd,mensal,mensal
2022-03-31,Comex Stat/MDIC,comex_corrente_comercio_usd,comercio_exterior,51231459437,calculado,,US$,valor_monetario,Corrente mensal de comércio exterior brasileira.,True,comex_exportacoes_fob_usd + comex_importacoes_fob_usd,mensal,mensal
2022-04-30,Comex Stat/MDIC,comex_corrente_comercio_usd,comercio_exterior,49712637488,calculado,,US$,valor_monetario,Corrente mensal de comércio exterior brasileira.,True,comex_exportacoes_fob_usd + comex_importacoes_fob_usd,mensal,mensal
2022-05-31,Comex Stat/MDIC,comex_corrente_comercio_usd,comercio_exterior,54328045545,calculado,,US$,valor_monetario,Corrente mensal de comércio exterior brasileira.,True,comex_exportacoes_fob_usd + comex_importacoes_fob_usd,mensal,mensal
2022-06-30,Comex Stat/MDIC,comex_corrente_comercio_usd,comercio_exterior,56594453663,calculado,,US$,valor_monetario,Corrente mensal de comércio exterior brasileira.,True,comex_exportacoes_fob_usd + comex_importacoes_fob_usd,mensal,mensal
2022-07-31,Comex Stat/MDIC,comex_corrente_comercio_usd,comercio_exterior,54331334665,calculado,,US$,valor_monetario,Corrente mensal de comércio exterior brasileira.,True,comex_exportacoes_fob_usd + comex_importacoes_fob_usd,mensal,mensal
2022-08-31,Comex Stat/MDIC,comex_corrente_comercio_usd,comercio_exterior,57467135669,calculado,,US$,valor_monetario,Corrente mensal de comércio exterior brasileira.,True,comex_exportacoes_fob_usd + comex_importacoes_fob_usd,mensal,mensal
2022-09-30,Comex Stat/MDIC,comex_corrente_comercio_usd,comercio_exterior,53480045503,calculado,,US$,valor_monetario,Corrente mensal de comércio exterior brasileira.,True,comex_exportacoes_fob_usd + comex_importacoes_fob_usd,mensal,mensal
2022-10-31,Comex Stat/MDIC,comex_corrente_comercio_usd,comercio_exterior,50329581587,calculado,,US$,valor_monetario,Corrente mensal de comércio exterior brasileira.,True,comex_exportacoes_fob_usd + comex_importacoes_fob_usd,mensal,mensal
2022-11-30,Comex Stat/MDIC,comex_corrente_comercio_usd,comercio_exterior,49104289360,calculado,,US$,valor_monetario,Corrente mensal de comércio exterior brasileira.,True,comex_exportacoes_fob_usd + comex_importacoes_fob_usd,mensal,mensal
2022-12-31,Comex Stat/MDIC,comex_corrente_comercio_usd,comercio_exterior,48151438704,calculado,,US$,valor_monetario,Corrente mensal de comércio exterior brasileira.,True,comex_exportacoes_fob_usd + comex_importacoes_fob_usd,mensal,mensal
2023-01-31,Comex Stat/MDIC,comex_corrente_comercio_usd,comercio_exterior,43307183371,calculado,,US$,valor_monetario,Corrente mensal de comércio exterior brasileira.,True,comex_exportacoes_fob_usd + comex_importacoes_fob_usd,mensal,mensal
2023-02-28,Comex Stat/MDIC,comex_corrente_comercio_usd,comercio_exterior,37911464097,calculado,,US$,valor_monetario,Corrente mensal de comércio exterior brasileira.,True,comex_exportacoes_fob_usd + comex_importacoes_fob_usd,mensal,mensal
2023-03-31,Comex Stat/MDIC,comex_corrente_comercio_usd,comercio_exterior,54894542889,calculado,,US$,valor_monetario,Corrente mensal de comércio exterior brasileira.,True,comex_exportacoes_fob_usd + comex_importacoes_fob_usd,mensal,mensal
2023-04-30,Comex Stat/MDIC,comex_corrente_comercio_usd,comercio_exterior,46246287323,calculado,,US$,valor_monetario,Corrente mensal de comércio exterior brasileira.,True,comex_exportacoes_fob_usd + comex_importacoes_fob_usd,mensal,mensal
2023-05-31,Comex Stat/MDIC,comex_corrente_comercio_usd,comercio_exterior,54354443989,calculado,,US$,valor_monetario,Corrente mensal de comércio exterior brasileira.,True,comex_exportacoes_fob_usd + comex_importacoes_fob_usd,mensal,mensal
2023-06-30,Comex Stat/MDIC,comex_corrente_comercio_usd,comercio_exterior,49123857366,calculado,,US$,valor_monetario,Corrente mensal de comércio exterior brasileira.,True,comex_exportacoes_fob_usd + comex_importacoes_fob_usd,mensal,mensal
2023-07-31,Comex Stat/MDIC,comex_corrente_comercio_usd,comercio_exterior,48421086259,calculado,,US$,valor_monetario,Corrente mensal de comércio exterior brasileira.,True,comex_exportacoes_fob_usd + comex_importacoes_fob_usd,mensal,mensal
2023-08-31,Comex Stat/MDIC,comex_corrente_comercio_usd,comercio_exterior,52569574243,calculado,,US$,valor_monetario,Corrente mensal de comércio exterior brasileira.,True,comex_exportacoes_fob_usd + comex_importacoes_fob_usd,mensal,mensal
2023-09-30,Comex Stat/MDIC,comex_corrente_comercio_usd,comercio_exterior,48244598376,calculado,,US$,valor_monetario,Corrente mensal de comércio exterior brasileira.,True,comex_exportacoes_fob_usd + comex_importacoes_fob_usd,mensal,mensal
2023-10-31,Comex Stat/MDIC,comex_corrente_comercio_usd,comercio_exterior,50182813195,calculado,,US$,valor_monetario,Corrente mensal de comércio exterior brasileira.,True,comex_exportacoes_fob_usd + comex_importacoes_fob_usd,mensal,mensal
2023-11-30,Comex Stat/MDIC,comex_corrente_comercio_usd,comercio_exterior,46983465062,calculado,,US$,valor_monetario,Corrente mensal de comércio exterior brasileira.,True,comex_exportacoes_fob_usd + comex_importacoes_fob_usd,mensal,mensal
2023-12-31,Comex Stat/MDIC,comex_corrente_comercio_usd,comercio_exterior,48249289062,calculado,,US$,valor_monetario,Corrente mensal de comércio exterior brasileira.,True,comex_exportacoes_fob_usd + comex_importacoes_fob_usd,mensal,mensal
2024-01-31,Comex Stat/MDIC,comex_corrente_comercio_usd,comercio_exterior,47209211417,calculado,,US$,valor_monetario,Corrente mensal de comércio exterior brasileira.,True,comex_exportacoes_fob_usd + comex_importacoes_fob_usd,mensal,mensal
2024-02-29,Comex Stat/MDIC,comex_corrente_comercio_usd,comercio_exterior,41566179256,calculado,,US$,valor_monetario,Corrente mensal de comércio exterior brasileira.,True,comex_exportacoes_fob_usd + comex_importacoes_fob_usd,mensal,mensal
2024-03-31,Comex Stat/MDIC,comex_corrente_comercio_usd,comercio_exterior,48147629003,calculado,,US$,valor_monetario,Corrente mensal de comércio exterior brasileira.,True,comex_exportacoes_fob_usd + comex_importacoes_fob_usd,mensal,mensal
2024-04-30,Comex Stat/MDIC,comex_corrente_comercio_usd,comercio_exterior,52223890023,calculado,,US$,valor_monetario,Corrente mensal de comércio exterior brasileira.,True,comex_exportacoes_fob_usd + comex_importacoes_fob_usd,mensal,mensal
2024-05-31,Comex Stat/MDIC,comex_corrente_comercio_usd,comercio_exterior,52078741246,calculado,,US$,valor_monetario,Corrente mensal de comércio exterior brasileira.,True,comex_exportacoes_fob_usd + comex_importacoes_fob_usd,mensal,mensal
2024-06-30,Comex Stat/MDIC,comex_corrente_comercio_usd,comercio_exterior,51135141223,calculado,,US$,valor_monetario,Corrente mensal de comércio exterior brasileira.,True,comex_exportacoes_fob_usd + comex_importacoes_fob_usd,mensal,mensal
2024-07-31,Comex Stat/MDIC,comex_corrente_comercio_usd,comercio_exterior,54131303149,calculado,,US$,valor_monetario,Corrente mensal de comércio exterior brasileira.,True,comex_exportacoes_fob_usd + comex_importacoes_fob_usd,mensal,mensal
2024-08-31,Comex Stat/MDIC,comex_corrente_comercio_usd,comercio_exterior,52955539981,calculado,,US$,valor_monetario,Corrente mensal de comércio exterior brasileira.,True,comex_exportacoes_fob_usd + comex_importacoes_fob_usd,mensal,mensal
2024-09-30,Comex Stat/MDIC,comex_corrente_comercio_usd,comercio_exterior,51863217155,calculado,,US$,valor_monetario,Corrente mensal de comércio exterior brasileira.,True,comex_exportacoes_fob_usd + comex_importacoes_fob_usd,mensal,mensal
2024-10-31,Comex Stat/MDIC,comex_corrente_comercio_usd,comercio_exterior,54510514061,calculado,,US$,valor_monetario,Corrente mensal de comércio exterior brasileira.,True,comex_exportacoes_fob_usd + comex_importacoes_fob_usd,mensal,mensal
2024-11-30,Comex Stat/MDIC,comex_corrente_comercio_usd,comercio_exterior,48968199519,calculado,,US$,valor_monetario,Corrente mensal de comércio exterior brasileira.,True,comex_exportacoes_fob_usd + comex_importacoes_fob_usd,mensal,mensal
2024-12-31,Comex Stat/MDIC,comex_corrente_comercio_usd,comercio_exterior,45126201851,calculado,,US$,valor_monetario,Corrente mensal de comércio exterior brasileira.,True,comex_exportacoes_fob_usd + comex_importacoes_fob_usd,mensal,mensal
2025-01-31,Comex Stat/MDIC,comex_corrente_comercio_usd,comercio_exterior,48459151163,calculado,,US$,valor_monetario,Corrente mensal de comércio exterior brasileira.,True,comex_exportacoes_fob_usd + comex_importacoes_fob_usd,mensal,mensal
2025-02-28,Comex Stat/MDIC,comex_corrente_comercio_usd,comercio_exterior,45974860087,calculado,,US$,valor_monetario,Corrente mensal de comércio exterior brasileira.,True,comex_exportacoes_fob_usd + comex_importacoes_fob_usd,mensal,mensal
2025-03-31,Comex Stat/MDIC,comex_corrente_comercio_usd,comercio_exterior,49715821687,calculado,,US$,valor_monetario,Corrente mensal de comércio exterior brasileira.,True,comex_exportacoes_fob_usd + comex_importacoes_fob_usd,mensal,mensal
2025-04-30,Comex Stat/MDIC,comex_corrente_comercio_usd,comercio_exterior,52108338160,calculado,,US$,valor_monetario,Corrente mensal de comércio exterior brasileira.,True,comex_exportacoes_fob_usd + comex_importacoes_fob_usd,mensal,mensal
2025-05-31,Comex Stat/MDIC,comex_corrente_comercio_usd,comercio_exterior,52780407147,calculado,,US$,valor_monetario,Corrente mensal de comércio exterior brasileira.,True,comex_exportacoes_fob_usd + comex_importacoes_fob_usd,mensal,mensal
2025-06-30,Comex Stat/MDIC,comex_corrente_comercio_usd,comercio_exterior,52215935412,calculado,,US$,valor_monetario,Corrente mensal de comércio exterior brasileira.,True,comex_exportacoes_fob_usd + comex_importacoes_fob_usd,mensal,mensal
2025-07-31,Comex Stat/MDIC,comex_corrente_comercio_usd,comercio_exterior,57259995155,calculado,,US$,valor_monetario,Corrente mensal de comércio exterior brasileira.,True,comex_exportacoes_fob_usd + comex_importacoes_fob_usd,mensal,mensal
2025-08-31,Comex Stat/MDIC,comex_corrente_comercio_usd,comercio_exterior,53142631813,calculado,,US$,valor_monetario,Corrente mensal de comércio exterior brasileira.,True,comex_exportacoes_fob_usd + comex_importacoes_fob_usd,mensal,mensal
2025-09-30,Comex Stat/MDIC,comex_corrente_comercio_usd,comercio_exterior,57832330858,calculado,,US$,valor_monetario,Corrente mensal de comércio exterior brasileira.,True,comex_exportacoes_fob_usd + comex_importacoes_fob_usd,mensal,mensal
2025-10-31,Comex Stat/MDIC,comex_corrente_comercio_usd,comercio_exterior,56332754555,calculado,,US$,valor_monetario,Corrente mensal de comércio exterior brasileira.,True,comex_exportacoes_fob_usd + comex_importacoes_fob_usd,mensal,mensal
2025-11-30,Comex Stat/MDIC,comex_corrente_comercio_usd,comercio_exterior,50569106034,calculado,,US$,valor_monetario,Corrente mensal de comércio exterior brasileira.,True,comex_exportacoes_fob_usd + comex_importacoes_fob_usd,mensal,mensal
2025-12-31,Comex Stat/MDIC,comex_corrente_comercio_usd,comercio_exterior,52095564254,calculado,,US$,valor_monetario,Corrente mensal de comércio exterior brasileira.,True,comex_exportacoes_fob_usd + comex_importacoes_fob_usd,mensal,mensal
2026-01-31,Comex Stat/MDIC,comex_corrente_comercio_usd,comercio_exterior,45408297469,calculado,,US$,valor_monetario,Corrente mensal de comércio exterior brasileira.,True,comex_exportacoes_fob_usd + comex_importacoes_fob_usd,mensal,mensal
2026-02-28,Comex Stat/MDIC,comex_corrente_comercio_usd,comercio_exterior,48491619057,calculado,,US$,valor_monetario,Corrente mensal de comércio exterior brasileira.,True,comex_exportacoes_fob_usd + comex_importacoes_fob_usd,mensal,mensal
2026-03-31,Comex Stat/MDIC,comex_corrente_comercio_usd,comercio_exterior,57076781203,calculado,,US$,valor_monetario,Corrente mensal de comércio exterior brasileira.,True,comex_exportacoes_fob_usd + comex_importacoes_fob_usd,mensal,mensal
2026-04-30,Comex Stat/MDIC,comex_corrente_comercio_usd,comercio_exterior,57950195039,calculado,,US$,valor_monetario,Corrente mensal de comércio exterior brasileira.,True,comex_exportacoes_fob_usd + comex_importacoes_fob_usd,mensal,mensal
2026-05-31,Comex Stat/MDIC,comex_corrente_comercio_usd,comercio_exterior,55675568346,calculado,,US$,valor_monetario,Corrente mensal de comércio exterior brasileira.,True,comex_exportacoes_fob_usd + comex_importacoes_fob_usd,mensal,mensal
2026-06-30,Comex Stat/MDIC,comex_corrente_comercio_usd,comercio_exterior,61986814442,calculado,,US$,valor_monetario,Corrente mensal de comércio exterior brasileira.,True,comex_exportacoes_fob_usd + comex_importacoes_fob_usd,mensal,mensal
2026-07-31,Comex Stat/MDIC,comex_corrente_comercio_usd,comercio_exterior,60881716784,calculado,,US$,valor_monetario,Corrente mensal de comércio exterior brasileira.,True,comex_exportacoes_fob_usd + comex_importacoes_fob_usd,mensal,mensal
2026-08-31,Comex Stat/MDIC,comex_corrente_comercio_usd,comercio_exterior,58921666470,calculado,,US$,valor_monetario,Corrente mensal de comércio exterior brasileira.,True,comex_exportacoes_fob_usd + comex_importacoes_fob_usd,mensal,mensal
1997-01-31,Comex Stat/MDIC,comex_exportacoes_fob_usd,comercio_exterior,3680971118,exportacao,metricFOB,US$ FOB,valor_monetario,Valor mensal total das exportações brasileiras em dólares FOB.,False,,mensal,mensal
1997-02-28,Comex Stat/MDIC,comex_exportacoes_fob_usd,comercio_exterior,3142779857,exportacao,metricFOB,US$ FOB,valor_monetario,Valor mensal total das exportações brasileiras em dólares FOB.,False,,mensal,mensal
1997-03-31,Comex Stat/MDIC,comex_exportacoes_fob_usd,comercio_exterior,3824075802,exportacao,metricFOB,US$ FOB,valor_monetario,Valor mensal total das exportações brasileiras em dólares FOB.,False,,mensal,mensal
1997-04-30,Comex Stat/MDIC,comex_exportacoes_fob_usd,comercio_exterior,4624157101,exportacao,metricFOB,US$ FOB,valor_monetario,Valor mensal total das exportações brasileiras em dólares FOB.,False,,mensal,mensal
1997-05-31,Comex Stat/MDIC,comex_exportacoes_fob_usd,comercio_exterior,4654892460,exportacao,metricFOB,US$ FOB,valor_monetario,Valor mensal total das exportações brasileiras em dólares FOB.,False,,mensal,mensal
1997-06-30,Comex Stat/MDIC,comex_exportacoes_fob_usd,comercio_exterior,4841600876,exportacao,metricFOB,US$ FOB,valor_monetario,Valor mensal total das exportações brasileiras em dólares FOB.,False,,mensal,mensal
1997-07-31,Comex Stat/MDIC,comex_exportacoes_fob_usd,comercio_exterior,5235223160,exportacao,metricFOB,US$ FOB,valor_monetario,Valor mensal total das exportações brasileiras em dólares FOB.,False,,mensal,mensal
1997-08-31,Comex Stat/MDIC,comex_exportacoes_fob_usd,comercio_exterior,5071719487,exportacao,metricFOB,US$ FOB,valor_monetario,Valor mensal total das exportações brasileiras em dólares FOB.,False,,mensal,mensal
1997-09-30,Comex Stat/MDIC,comex_exportacoes_fob_usd,comercio_exterior,4584627988,exportacao,metricFOB,US$ FOB,valor_monetario,Valor mensal total das exportações brasileiras em dólares FOB.,False,,mensal,mensal
1997-10-31,Comex Stat/MDIC,comex_exportacoes_fob_usd,comercio_exterior,4785884731,exportacao,metricFOB,US$ FOB,valor_monetario,Valor mensal total das exportações brasileiras em dólares FOB.,False,,mensal,mensal
1997-11-30,Comex Stat/MDIC,comex_exportacoes_fob_usd,comercio_exterior,3972863432,exportacao,metricFOB,US$ FOB,valor_monetario,Valor mensal total das exportações brasileiras em dólares FOB.,False,,mensal,mensal
1997-12-31,Comex Stat/MDIC,comex_exportacoes_fob_usd,comercio_exterior,4528699520,exportacao,metricFOB,US$ FOB,valor_monetario,Valor mensal total das exportações brasileiras em dólares FOB.,False,,mensal,mensal
1998-01-31,Comex Stat/MDIC,comex_exportacoes_fob_usd,comercio_exterior,3907773890,exportacao,metricFOB,US$ FOB,valor_monetario,Valor mensal total das exportações brasileiras em dólares FOB.,False,,mensal,mensal
1998-02-28,Comex Stat/MDIC,comex_exportacoes_fob_usd,comercio_exterior,3712105426,exportacao,metricFOB,US$ FOB,valor_monetario,Valor mensal total das exportações brasileiras em dólares FOB.,False,,mensal,mensal
1998-03-31,Comex Stat/MDIC,comex_exportacoes_fob_usd,comercio_exterior,4270735544,exportacao,metricFOB,US$ FOB,valor_monetario,Valor mensal total das exportações brasileiras em dólares FOB.,False,,mensal,mensal
1998-04-30,Comex Stat/MDIC,comex_exportacoes_fob_usd,comercio_exterior,4573738237,exportacao,metricFOB,US$ FOB,valor_monetario,Valor mensal total das exportações brasileiras em dólares FOB.,False,,mensal,mensal
1998-05-31,Comex Stat/MDIC,comex_exportacoes_fob_usd,comercio_exterior,4608298209,exportacao,metricFOB,US$ FOB,valor_monetario,Valor mensal total das exportações brasileiras em dólares FOB.,False,,mensal,mensal
1998-06-30,Comex Stat/MDIC,comex_exportacoes_fob_usd,comercio_exterior,4881133088,exportacao,metricFOB,US$ FOB,valor_monetario,Valor mensal total das exportações brasileiras em dólares FOB.,False,,mensal,mensal
1998-07-31,Comex Stat/MDIC,comex_exportacoes_fob_usd,comercio_exterior,4966901159,exportacao,metricFOB,US$ FOB,valor_monetario,Valor mensal total das exportações brasileiras em dólares FOB.,False,,mensal,mensal
1998-08-31,Comex Stat/MDIC,comex_exportacoes_fob_usd,comercio_exterior,3978706756,exportacao,metricFOB,US$ FOB,valor_monetario,Valor mensal total das exportações brasileiras em dólares FOB.,False,,mensal,mensal
1998-09-30,Comex Stat/MDIC,comex_exportacoes_fob_usd,comercio_exterior,4527631631,exportacao,metricFOB,US$ FOB,valor_monetario,Valor mensal total das exportações brasileiras em dólares FOB.,False,,mensal,mensal
1998-10-31,Comex Stat/MDIC,comex_exportacoes_fob_usd,comercio_exterior,4010526061,exportacao,metricFOB,US$ FOB,valor_monetario,Valor mensal total das exportações brasileiras em dólares FOB.,False,,mensal,mensal
1998-11-30,Comex Stat/MDIC,comex_exportacoes_fob_usd,comercio_exterior,3698225717,exportacao,metricFOB,US$ FOB,valor_monetario,Valor mensal total das exportações brasileiras em dólares FOB.,False,,mensal,mensal
1998-12-31,Comex Stat/MDIC,comex_exportacoes_fob_usd,comercio_exterior,3940827831,exportacao,metricFOB,US$ FOB,valor_monetario,Valor mensal total das exportações brasileiras em dólares FOB.,False,,mensal,mensal
1999-01-31,Comex Stat/MDIC,comex_exportacoes_fob_usd,comercio_exterior,2947694137,exportacao,metricFOB,US$ FOB,valor_monetario,Valor mensal total das exportações brasileiras em dólares FOB.,False,,mensal,mensal
1999-02-28,Comex Stat/MDIC,comex_exportacoes_fob_usd,comercio_exterior,3264023488,exportacao,metricFOB,US$ FOB,valor_monetario,Valor mensal total das exportações brasileiras em dólares FOB.,False,,mensal,mensal
1999-03-31,Comex Stat/MDIC,comex_exportacoes_fob_usd,comercio_exterior,3825933128,exportacao,metricFOB,US$ FOB,valor_monetario,Valor mensal total das exportações brasileiras em dólares FOB.,False,,mensal,mensal
1999-04-30,Comex Stat/MDIC,comex_exportacoes_fob_usd,comercio_exterior,3701836009,exportacao,metricFOB,US$ FOB,valor_monetario,Valor mensal total das exportações brasileiras em dólares FOB.,False,,mensal,mensal
1999-05-31,Comex Stat/MDIC,comex_exportacoes_fob_usd,comercio_exterior,4382344317,exportacao,metricFOB,US$ FOB,valor_monetario,Valor mensal total das exportações brasileiras em dólares FOB.,False,,mensal,mensal
1999-06-30,Comex Stat/MDIC,comex_exportacoes_fob_usd,comercio_exterior,4304074451,exportacao,metricFOB,US$ FOB,valor_monetario,Valor mensal total das exportações brasileiras em dólares FOB.,False,,mensal,mensal
1999-07-31,Comex Stat/MDIC,comex_exportacoes_fob_usd,comercio_exterior,4112429031,exportacao,metricFOB,US$ FOB,valor_monetario,Valor mensal total das exportações brasileiras em dólares FOB.,False,,mensal,mensal
1999-08-31,Comex Stat/MDIC,comex_exportacoes_fob_usd,comercio_exterior,4266851497,exportacao,metricFOB,US$ FOB,valor_monetario,Valor mensal total das exportações brasileiras em dólares FOB.,False,,mensal,mensal
1999-09-30,Comex Stat/MDIC,comex_exportacoes_fob_usd,comercio_exterior,4178479790,exportacao,metricFOB,US$ FOB,valor_monetario,Valor mensal total das exportações brasileiras em dólares FOB.,False,,mensal,mensal
1999-10-31,Comex Stat/MDIC,comex_exportacoes_fob_usd,comercio_exterior,4298685972,exportacao,metricFOB,US$ FOB,valor_monetario,Valor mensal total das exportações brasileiras em dólares FOB.,False,,mensal,mensal
1999-11-30,Comex Stat/MDIC,comex_exportacoes_fob_usd,comercio_exterior,3996446244,exportacao,metricFOB,US$ FOB,valor_monetario,Valor mensal total das exportações brasileiras em dólares FOB.,False,,mensal,mensal
1999-12-31,Comex Stat/MDIC,comex_exportacoes_fob_usd,comercio_exterior,4667111246,exportacao,metricFOB,US$ FOB,valor_monetario,Valor mensal total das exportações brasileiras em dólares FOB.,False,,mensal,mensal
2000-01-31,Comex Stat/MDIC,comex_exportacoes_fob_usd,comercio_exterior,3446768506,exportacao,metricFOB,US$ FOB,valor_monetario,Valor mensal total das exportações brasileiras em dólares FOB.,False,,mensal,mensal
2000-02-29,Comex Stat/MDIC,comex_exportacoes_fob_usd,comercio_exterior,4120793391,exportacao,metricFOB,US$ FOB,valor_monetario,Valor mensal total das exportações brasileiras em dólares FOB.,False,,mensal,mensal
2000-03-31,Comex Stat/MDIC,comex_exportacoes_fob_usd,comercio_exterior,4467447649,exportacao,metricFOB,US$ FOB,valor_monetario,Valor mensal total das exportações brasileiras em dólares FOB.,False,,mensal,mensal
2000-04-30,Comex Stat/MDIC,comex_exportacoes_fob_usd,comercio_exterior,4170220598,exportacao,metricFOB,US$ FOB,valor_monetario,Valor mensal total das exportações brasileiras em dólares FOB.,False,,mensal,mensal
2000-05-31,Comex Stat/MDIC,comex_exportacoes_fob_usd,comercio_exterior,5060389264,exportacao,metricFOB,US$ FOB,valor_monetario,Valor mensal total das exportações brasileiras em dólares FOB.,False,,mensal,mensal
2000-06-30,Comex Stat/MDIC,comex_exportacoes_fob_usd,comercio_exterior,4850102157,exportacao,metricFOB,US$ FOB,valor_monetario,Valor mensal total das exportações brasileiras em dólares FOB.,False,,mensal,mensal
2000-07-31,Comex Stat/MDIC,comex_exportacoes_fob_usd,comercio_exterior,5000307451,exportacao,metricFOB,US$ FOB,valor_monetario,Valor mensal total das exportações brasileiras em dólares FOB.,False,,mensal,mensal
2000-08-31,Comex Stat/MDIC,comex_exportacoes_fob_usd,comercio_exterior,5516407914,exportacao,metricFOB,US$ FOB,valor_monetario,Valor mensal total das exportações brasileiras em dólares FOB.,False,,mensal,mensal
2000-09-30,Comex Stat/MDIC,comex_exportacoes_fob_usd,comercio_exterior,4705729616,exportacao,metricFOB,US$ FOB,valor_monetario,Valor mensal total das exportações brasileiras em dólares FOB.,False,,mensal,mensal
2000-10-31,Comex Stat/MDIC,comex_exportacoes_fob_usd,comercio_exterior,4634820927,exportacao,metricFOB,US$ FOB,valor_monetario,Valor mensal total das exportações brasileiras em dólares FOB.,False,,mensal,mensal
2000-11-30,Comex Stat/MDIC,comex_exportacoes_fob_usd,comercio_exterior,4374176633,exportacao,metricFOB,US$ FOB,valor_monetario,Valor mensal total das exportações brasileiras em dólares FOB.,False,,mensal,mensal
2000-12-31,Comex Stat/MDIC,comex_exportacoes_fob_usd,comercio_exterior,4645995542,exportacao,metricFOB,US$ FOB,valor_monetario,Valor mensal total das exportações brasileiras em dólares FOB.,False,,mensal,mensal
2001-01-31,Comex Stat/MDIC,comex_exportacoes_fob_usd,comercio_exterior,4528675856,exportacao,metricFOB,US$ FOB,valor_monetario,Valor mensal total das exportações brasileiras em dólares FOB.,False,,mensal,mensal
2001-02-28,Comex Stat/MDIC,comex_exportacoes_fob_usd,comercio_exterior,4062887664,exportacao,metricFOB,US$ FOB,valor_monetario,Valor mensal total das exportações brasileiras em dólares FOB.,False,,mensal,mensal
2001-03-31,Comex Stat/MDIC,comex_exportacoes_fob_usd,comercio_exterior,5153769468,exportacao,metricFOB,US$ FOB,valor_monetario,Valor mensal total das exportações brasileiras em dólares FOB.,False,,mensal,mensal
2001-04-30,Comex Stat/MDIC,comex_exportacoes_fob_usd,comercio_exterior,4713703708,exportacao,metricFOB,US$ FOB,valor_monetario,Valor mensal total das exportações brasileiras em dólares FOB.,False,,mensal,mensal
2001-05-31,Comex Stat/MDIC,comex_exportacoes_fob_usd,comercio_exterior,5362183737,exportacao,metricFOB,US$ FOB,valor_monetario,Valor mensal total das exportações brasileiras em dólares FOB.,False,,mensal,mensal
2001-06-30,Comex Stat/MDIC,comex_exportacoes_fob_usd,comercio_exterior,5033408207,exportacao,metricFOB,US$ FOB,valor_monetario,Valor mensal total das exportações brasileiras em dólares FOB.,False,,mensal,mensal
2001-07-31,Comex Stat/MDIC,comex_exportacoes_fob_usd,comercio_exterior,4957564819,exportacao,metricFOB,US$ FOB,valor_monetario,Valor mensal total das exportações brasileiras em dólares FOB.,False,,mensal,mensal
2001-08-31,Comex Stat/MDIC,comex_exportacoes_fob_usd,comercio_exterior,5719937959,exportacao,metricFOB,US$ FOB,valor_monetario,Valor mensal total das exportações brasileiras em dólares FOB.,False,,mensal,mensal
2001-09-30,Comex Stat/MDIC,comex_exportacoes_fob_usd,comercio_exterior,4738230423,exportacao,metricFOB,US$ FOB,valor_monetario,Valor mensal total das exportações brasileiras em dólares FOB.,False,,mensal,mensal
2001-10-31,Comex Stat/MDIC,comex_exportacoes_fob_usd,comercio_exterior,4943932135,exportacao,metricFOB,US$ FOB,valor_monetario,Valor mensal total das exportações brasileiras em dólares FOB.,False,,mensal,mensal
2001-11-30,Comex Stat/MDIC,comex_exportacoes_fob_usd,comercio_exterior,4487381285,exportacao,metricFOB,US$ FOB,valor_monetario,Valor mensal total das exportações brasileiras em dólares FOB.,False,,mensal,mensal
2001-12-31,Comex Stat/MDIC,comex_exportacoes_fob_usd,comercio_exterior,4330618982,exportacao,metricFOB,US$ FOB,valor_monetario,Valor mensal total das exportações brasileiras em dólares FOB.,False,,mensal,mensal
2002-01-31,Comex Stat/MDIC,comex_exportacoes_fob_usd,comercio_exterior,3952038148,exportacao,metricFOB,US$ FOB,valor_monetario,Valor mensal total das exportações brasileiras em dólares FOB.,False,,mensal,mensal
2002-02-28,Comex Stat/MDIC,comex_exportacoes_fob_usd,comercio_exterior,3652691211,exportacao,metricFOB,US$ FOB,valor_monetario,Valor mensal total das exportações brasileiras em dólares FOB.,False,,mensal,mensal
2002-03-31,Comex Stat/MDIC,comex_exportacoes_fob_usd,comercio_exterior,4251755321,exportacao,metricFOB,US$ FOB,valor_monetario,Valor mensal total das exportações brasileiras em dólares FOB.,False,,mensal,mensal
2002-04-30,Comex Stat/MDIC,comex_exportacoes_fob_usd,comercio_exterior,4612069084,exportacao,metricFOB,US$ FOB,valor_monetario,Valor mensal total das exportações brasileiras em dólares FOB.,False,,mensal,mensal
2002-05-31,Comex Stat/MDIC,comex_exportacoes_fob_usd,comercio_exterior,4424075300,exportacao,metricFOB,US$ FOB,valor_monetario,Valor mensal total das exportações brasileiras em dólares FOB.,False,,mensal,mensal
2002-06-30,Comex Stat/MDIC,comex_exportacoes_fob_usd,comercio_exterior,4064856073,exportacao,metricFOB,US$ FOB,valor_monetario,Valor mensal total das exportações brasileiras em dólares FOB.,False,,mensal,mensal
2002-07-31,Comex Stat/MDIC,comex_exportacoes_fob_usd,comercio_exterior,6202182481,exportacao,metricFOB,US$ FOB,valor_monetario,Valor mensal total das exportações brasileiras em dólares FOB.,False,,mensal,mensal
2002-08-31,Comex Stat/MDIC,comex_exportacoes_fob_usd,comercio_exterior,5738521055,exportacao,metricFOB,US$ FOB,valor_monetario,Valor mensal total das exportações brasileiras em dólares FOB.,False,,mensal,mensal
2002-09-30,Comex Stat/MDIC,comex_exportacoes_fob_usd,comercio_exterior,6478828752,exportacao,metricFOB,US$ FOB,valor_monetario,Valor mensal total das exportações brasileiras em dólares FOB.,False,,mensal,mensal
2002-10-31,Comex Stat/MDIC,comex_exportacoes_fob_usd,comercio_exterior,6456465000,exportacao,metricFOB,US$ FOB,valor_monetario,Valor mensal total das exportações brasileiras em dólares FOB.,False,,mensal,mensal
2002-11-30,Comex Stat/MDIC,comex_exportacoes_fob_usd,comercio_exterior,5102634927,exportacao,metricFOB,US$ FOB,valor_monetario,Valor mensal total das exportações brasileiras em dólares FOB.,False,,mensal,mensal
2002-12-31,Comex Stat/MDIC,comex_exportacoes_fob_usd,comercio_exterior,5211040751,exportacao,metricFOB,US$ FOB,valor_monetario,Valor mensal total das exportações brasileiras em dólares FOB.,False,,mensal,mensal
2003-01-31,Comex Stat/MDIC,comex_exportacoes_fob_usd,comercio_exterior,4780278337,exportacao,metricFOB,US$ FOB,valor_monetario,Valor mensal total das exportações brasileiras em dólares FOB.,False,,mensal,mensal
2003-02-28,Comex Stat/MDIC,comex_exportacoes_fob_usd,comercio_exterior,4981697380,exportacao,metricFOB,US$ FOB,valor_monetario,Valor mensal total das exportações brasileiras em dólares FOB.,False,,mensal,mensal
2003-03-31,Comex Stat/MDIC,comex_exportacoes_fob_usd,comercio_exterior,5209857493,exportacao,metricFOB,US$ FOB,valor_monetario,Valor mensal total das exportações brasileiras em dólares FOB.,False,,mensal,mensal
2003-04-30,Comex Stat/MDIC,comex_exportacoes_fob_usd,comercio_exterior,5681705996,exportacao,metricFOB,US$ FOB,valor_monetario,Valor mensal total das exportações brasileiras em dólares FOB.,False,,mensal,mensal
2003-05-31,Comex Stat/MDIC,comex_exportacoes_fob_usd,comercio_exterior,6363120746,exportacao,metricFOB,US$ FOB,valor_monetario,Valor mensal total das exportações brasileiras em dólares FOB.,False,,mensal,mensal
2003-06-30,Comex Stat/MDIC,comex_exportacoes_fob_usd,comercio_exterior,5851302730,exportacao,metricFOB,US$ FOB,valor_monetario,Valor mensal total das exportações brasileiras em dólares FOB.,False,,mensal,mensal
2003-07-31,Comex Stat/MDIC,comex_exportacoes_fob_usd,comercio_exterior,6087497688,exportacao,metricFOB,US$ FOB,valor_monetario,Valor mensal total das exportações brasileiras em dólares FOB.,False,,mensal,mensal
2003-08-31,Comex Stat/MDIC,comex_exportacoes_fob_usd,comercio_exterior,6386781075,exportacao,metricFOB,US$ FOB,valor_monetario,Valor mensal total das exportações brasileiras em dólares FOB.,False,,mensal,mensal
2003-09-30,Comex Stat/MDIC,comex_exportacoes_fob_usd,comercio_exterior,7255157716,exportacao,metricFOB,US$ FOB,valor_monetario,Valor mensal total das exportações brasileiras em dólares FOB.,False,,mensal,mensal
2003-10-31,Comex Stat/MDIC,comex_exportacoes_fob_usd,comercio_exterior,7532647324,exportacao,metricFOB,US$ FOB,valor_monetario,Valor mensal total das exportações brasileiras em dólares FOB.,False,,mensal,mensal
2003-11-30,Comex Stat/MDIC,comex_exportacoes_fob_usd,comercio_exterior,5918226834,exportacao,metricFOB,US$ FOB,valor_monetario,Valor mensal total das exportações brasileiras em dólares FOB.,False,,mensal,mensal
2003-12-31,Comex Stat/MDIC,comex_exportacoes_fob_usd,comercio_exterior,6728473371,exportacao,metricFOB,US$ FOB,valor_monetario,Valor mensal total das exportações brasileiras em dólares FOB.,False,,mensal,mensal
2004-01-31,Comex Stat/MDIC,comex_exportacoes_fob_usd,comercio_exterior,5785343912,exportacao,metricFOB,US$ FOB,valor_monetario,Valor mensal total das exportações brasileiras em dólares FOB.,False,,mensal,mensal
2004-02-29,Comex Stat/MDIC,comex_exportacoes_fob_usd,comercio_exterior,5715580929,exportacao,metricFOB,US$ FOB,valor_monetario,Valor mensal total das exportações brasileiras em dólares FOB.,False,,mensal,mensal
2004-03-31,Comex Stat/MDIC,comex_exportacoes_fob_usd,comercio_exterior,7907130664,exportacao,metricFOB,US$ FOB,valor_monetario,Valor mensal total das exportações brasileiras em dólares FOB.,False,,mensal,mensal
2004-04-30,Comex Stat/MDIC,comex_exportacoes_fob_usd,comercio_exterior,6581422428,exportacao,metricFOB,US$ FOB,valor_monetario,Valor mensal total das exportações brasileiras em dólares FOB.,False,,mensal,mensal
2004-05-31,Comex Stat/MDIC,comex_exportacoes_fob_usd,comercio_exterior,7921661037,exportacao,metricFOB,US$ FOB,valor_monetario,Valor mensal total das exportações brasileiras em dólares FOB.,False,,mensal,mensal
2004-06-30,Comex Stat/MDIC,comex_exportacoes_fob_usd,comercio_exterior,9306490756,exportacao,metricFOB,US$ FOB,valor_monetario,Valor mensal total das exportações brasileiras em dólares FOB.,False,,mensal,mensal
2004-07-31,Comex Stat/MDIC,comex_exportacoes_fob_usd,comercio_exterior,8962900814,exportacao,metricFOB,US$ FOB,valor_monetario,Valor mensal total das exportações brasileiras em dólares FOB.,False,,mensal,mensal
2004-08-31,Comex Stat/MDIC,comex_exportacoes_fob_usd,comercio_exterior,9039689359,exportacao,metricFOB,US$ FOB,valor_monetario,Valor mensal total das exportações brasileiras em dólares FOB.,False,,mensal,mensal
2004-09-30,Comex Stat/MDIC,comex_exportacoes_fob_usd,comercio_exterior,8910068943,exportacao,metricFOB,US$ FOB,valor_monetario,Valor mensal total das exportações brasileiras em dólares FOB.,False,,mensal,mensal
2004-10-31,Comex Stat/MDIC,comex_exportacoes_fob_usd,comercio_exterior,8177723377,exportacao,metricFOB,US$ FOB,valor_monetario,Valor mensal total das exportações brasileiras em dólares FOB.,False,,mensal,mensal
2004-11-30,Comex Stat/MDIC,comex_exportacoes_fob_usd,comercio_exterior,8145723119,exportacao,metricFOB,US$ FOB,valor_monetario,Valor mensal total das exportações brasileiras em dólares FOB.,False,,mensal,mensal
2004-12-31,Comex Stat/MDIC,comex_exportacoes_fob_usd,comercio_exterior,8667937031,exportacao,metricFOB,US$ FOB,valor_monetario,Valor mensal total das exportações brasileiras em dólares FOB.,False,,mensal,mensal
2005-01-31,Comex Stat/MDIC,comex_exportacoes_fob_usd,comercio_exterior,7480600323,exportacao,metricFOB,US$ FOB,valor_monetario,Valor mensal total das exportações brasileiras em dólares FOB.,False,,mensal,mensal
2005-02-28,Comex Stat/MDIC,comex_exportacoes_fob_usd,comercio_exterior,7777720295,exportacao,metricFOB,US$ FOB,valor_monetario,Valor mensal total das exportações brasileiras em dólares FOB.,False,,mensal,mensal
2005-03-31,Comex Stat/MDIC,comex_exportacoes_fob_usd,comercio_exterior,9258176578,exportacao,metricFOB,US$ FOB,valor_monetario,Valor mensal total das exportações brasileiras em dólares FOB.,False,,mensal,mensal
2005-04-30,Comex Stat/MDIC,comex_exportacoes_fob_usd,comercio_exterior,9247138198,exportacao,metricFOB,US$ FOB,valor_monetario,Valor mensal total das exportações brasileiras em dólares FOB.,False,,mensal,mensal
2005-05-31,Comex Stat/MDIC,comex_exportacoes_fob_usd,comercio_exterior,9849729906,exportacao,metricFOB,US$ FOB,valor_monetario,Valor mensal total das exportações brasileiras em dólares FOB.,False,,mensal,mensal
2005-06-30,Comex Stat/MDIC,comex_exportacoes_fob_usd,comercio_exterior,10220075837,exportacao,metricFOB,US$ FOB,valor_monetario,Valor mensal total das exportações brasileiras em dólares FOB.,False,,mensal,mensal
2005-07-31,Comex Stat/MDIC,comex_exportacoes_fob_usd,comercio_exterior,11084278042,exportacao,metricFOB,US$ FOB,valor_monetario,Valor mensal total das exportações brasileiras em dólares FOB.,False,,mensal,mensal
2005-08-31,Comex Stat/MDIC,comex_exportacoes_fob_usd,comercio_exterior,11345352257,exportacao,metricFOB,US$ FOB,valor_monetario,Valor mensal total das exportações brasileiras em dólares FOB.,False,,mensal,mensal
2005-09-30,Comex Stat/MDIC,comex_exportacoes_fob_usd,comercio_exterior,10658371596,exportacao,metricFOB,US$ FOB,valor_monetario,Valor mensal total das exportações brasileiras em dólares FOB.,False,,mensal,mensal
2005-10-31,Comex Stat/MDIC,comex_exportacoes_fob_usd,comercio_exterior,9929497189,exportacao,metricFOB,US$ FOB,valor_monetario,Valor mensal total das exportações brasileiras em dólares FOB.,False,,mensal,mensal
2005-11-30,Comex Stat/MDIC,comex_exportacoes_fob_usd,comercio_exterior,10841578180,exportacao,metricFOB,US$ FOB,valor_monetario,Valor mensal total das exportações brasileiras em dólares FOB.,False,,mensal,mensal
2005-12-31,Comex Stat/MDIC,comex_exportacoes_fob_usd,comercio_exterior,10905317006,exportacao,metricFOB,US$ FOB,valor_monetario,Valor mensal total das exportações brasileiras em dólares FOB.,False,,mensal,mensal
2006-01-31,Comex Stat/MDIC,comex_exportacoes_fob_usd,comercio_exterior,9282148569,exportacao,metricFOB,US$ FOB,valor_monetario,Valor mensal total das exportações brasileiras em dólares FOB.,False,,mensal,mensal
2006-02-28,Comex Stat/MDIC,comex_exportacoes_fob_usd,comercio_exterior,8757143569,exportacao,metricFOB,US$ FOB,valor_monetario,Valor mensal total das exportações brasileiras em dólares FOB.,False,,mensal,mensal
2006-03-31,Comex Stat/MDIC,comex_exportacoes_fob_usd,comercio_exterior,11379482701,exportacao,metricFOB,US$ FOB,valor_monetario,Valor mensal total das exportações brasileiras em dólares FOB.,False,,mensal,mensal
2006-04-30,Comex Stat/MDIC,comex_exportacoes_fob_usd,comercio_exterior,9822123658,exportacao,metricFOB,US$ FOB,valor_monetario,Valor mensal total das exportações brasileiras em dólares FOB.,False,,mensal,mensal
2006-05-31,Comex Stat/MDIC,comex_exportacoes_fob_usd,comercio_exterior,10277429381,exportacao,metricFOB,US$ FOB,valor_monetario,Valor mensal total das exportações brasileiras em dólares FOB.,False,,mensal,mensal
2006-06-30,Comex Stat/MDIC,comex_exportacoes_fob_usd,comercio_exterior,11441854586,exportacao,metricFOB,US$ FOB,valor_monetario,Valor mensal total das exportações brasileiras em dólares FOB.,False,,mensal,mensal
2006-07-31,Comex Stat/MDIC,comex_exportacoes_fob_usd,comercio_exterior,13637840111,exportacao,metricFOB,US$ FOB,valor_monetario,Valor mensal total das exportações brasileiras em dólares FOB.,False,,mensal,mensal
2006-08-31,Comex Stat/MDIC,comex_exportacoes_fob_usd,comercio_exterior,13646473652,exportacao,metricFOB,US$ FOB,valor_monetario,Valor mensal total das exportações brasileiras em dólares FOB.,False,,mensal,mensal
2006-09-30,Comex Stat/MDIC,comex_exportacoes_fob_usd,comercio_exterior,12556054220,exportacao,metricFOB,US$ FOB,valor_monetario,Valor mensal total das exportações brasileiras em dólares FOB.,False,,mensal,mensal
2006-10-31,Comex Stat/MDIC,comex_exportacoes_fob_usd,comercio_exterior,12655903297,exportacao,metricFOB,US$ FOB,valor_monetario,Valor mensal total das exportações brasileiras em dólares FOB.,False,,mensal,mensal
2006-11-30,Comex Stat/MDIC,comex_exportacoes_fob_usd,comercio_exterior,11874489874,exportacao,metricFOB,US$ FOB,valor_monetario,Valor mensal total das exportações brasileiras em dólares FOB.,False,,mensal,mensal
2006-12-31,Comex Stat/MDIC,comex_exportacoes_fob_usd,comercio_exterior,12250207591,exportacao,metricFOB,US$ FOB,valor_monetario,Valor mensal total das exportações brasileiras em dólares FOB.,False,,mensal,mensal
2007-01-31,Comex Stat/MDIC,comex_exportacoes_fob_usd,comercio_exterior,10966848594,exportacao,metricFOB,US$ FOB,valor_monetario,Valor mensal total das exportações brasileiras em dólares FOB.,False,,mensal,mensal
2007-02-28,Comex Stat/MDIC,comex_exportacoes_fob_usd,comercio_exterior,10107260537,exportacao,metricFOB,US$ FOB,valor_monetario,Valor mensal total das exportações brasileiras em dólares FOB.,False,,mensal,mensal
2007-03-31,Comex Stat/MDIC,comex_exportacoes_fob_usd,comercio_exterior,12858871518,exportacao,metricFOB,US$ FOB,valor_monetario,Valor mensal total das exportações brasileiras em dólares FOB.,False,,mensal,mensal
2007-04-30,Comex Stat/MDIC,comex_exportacoes_fob_usd,comercio_exterior,12433002581,exportacao,metricFOB,US$ FOB,valor_monetario,Valor mensal total das exportações brasileiras em dólares FOB.,False,,mensal,mensal
2007-05-31,Comex Stat/MDIC,comex_exportacoes_fob_usd,comercio_exterior,13627574398,exportacao,metricFOB,US$ FOB,valor_monetario,Valor mensal total das exportações brasileiras em dólares FOB.,False,,mensal,mensal
2007-06-30,Comex Stat/MDIC,comex_exportacoes_fob_usd,comercio_exterior,13087980628,exportacao,metricFOB,US$ FOB,valor_monetario,Valor mensal total das exportações brasileiras em dólares FOB.,False,,mensal,mensal
2007-07-31,Comex Stat/MDIC,comex_exportacoes_fob_usd,comercio_exterior,14086693575,exportacao,metricFOB,US$ FOB,valor_monetario,Valor mensal total das exportações brasileiras em dólares FOB.,False,,mensal,mensal
2007-08-31,Comex Stat/MDIC,comex_exportacoes_fob_usd,comercio_exterior,15093709639,exportacao,metricFOB,US$ FOB,valor_monetario,Valor mensal total das exportações brasileiras em dólares FOB.,False,,mensal,mensal
2007-09-30,Comex Stat/MDIC,comex_exportacoes_fob_usd,comercio_exterior,13593241730,exportacao,metricFOB,US$ FOB,valor_monetario,Valor mensal total das exportações brasileiras em dólares FOB.,False,,mensal,mensal
2007-10-31,Comex Stat/MDIC,comex_exportacoes_fob_usd,comercio_exterior,15744759674,exportacao,metricFOB,US$ FOB,valor_monetario,Valor mensal total das exportações brasileiras em dólares FOB.,False,,mensal,mensal
2007-11-30,Comex Stat/MDIC,comex_exportacoes_fob_usd,comercio_exterior,14001345906,exportacao,metricFOB,US$ FOB,valor_monetario,Valor mensal total das exportações brasileiras em dólares FOB.,False,,mensal,mensal
2007-12-31,Comex Stat/MDIC,comex_exportacoes_fob_usd,comercio_exterior,14215095053,exportacao,metricFOB,US$ FOB,valor_monetario,Valor mensal total das exportações brasileiras em dólares FOB.,False,,mensal,mensal
2008-01-31,Comex Stat/MDIC,comex_exportacoes_fob_usd,comercio_exterior,13234232944,exportacao,metricFOB,US$ FOB,valor_monetario,Valor mensal total das exportações brasileiras em dólares FOB.,False,,mensal,mensal
2008-02-29,Comex Stat/MDIC,comex_exportacoes_fob_usd,comercio_exterior,12763889431,exportacao,metricFOB,US$ FOB,valor_monetario,Valor mensal total das exportações brasileiras em dólares FOB.,False,,mensal,mensal
2008-03-31,Comex Stat/MDIC,comex_exportacoes_fob_usd,comercio_exterior,12565657530,exportacao,metricFOB,US$ FOB,valor_monetario,Valor mensal total das exportações brasileiras em dólares FOB.,False,,mensal,mensal
2008-04-30,Comex Stat/MDIC,comex_exportacoes_fob_usd,comercio_exterior,14038688872,exportacao,metricFOB,US$ FOB,valor_monetario,Valor mensal total das exportações brasileiras em dólares FOB.,False,,mensal,mensal
2008-05-31,Comex Stat/MDIC,comex_exportacoes_fob_usd,comercio_exterior,19244058215,exportacao,metricFOB,US$ FOB,valor_monetario,Valor mensal total das exportações brasileiras em dólares FOB.,False,,mensal,mensal
2008-06-30,Comex Stat/MDIC,comex_exportacoes_fob_usd,comercio_exterior,18572704209,exportacao,metricFOB,US$ FOB,valor_monetario,Valor mensal total das exportações brasileiras em dólares FOB.,False,,mensal,mensal
2008-07-31,Comex Stat/MDIC,comex_exportacoes_fob_usd,comercio_exterior,20401417806,exportacao,metricFOB,US$ FOB,valor_monetario,Valor mensal total das exportações brasileiras em dólares FOB.,False,,mensal,mensal
2008-08-31,Comex Stat/MDIC,comex_exportacoes_fob_usd,comercio_exterior,19678943462,exportacao,metricFOB,US$ FOB,valor_monetario,Valor mensal total das exportações brasileiras em dólares FOB.,False,,mensal,mensal
2008-09-30,Comex Stat/MDIC,comex_exportacoes_fob_usd,comercio_exterior,19091207639,exportacao,metricFOB,US$ FOB,valor_monetario,Valor mensal total das exportações brasileiras em dólares FOB.,False,,mensal,mensal
2008-10-31,Comex Stat/MDIC,comex_exportacoes_fob_usd,comercio_exterior,18423675325,exportacao,metricFOB,US$ FOB,valor_monetario,Valor mensal total das exportações brasileiras em dólares FOB.,False,,mensal,mensal
2008-11-30,Comex Stat/MDIC,comex_exportacoes_fob_usd,comercio_exterior,14057917989,exportacao,metricFOB,US$ FOB,valor_monetario,Valor mensal total das exportações brasileiras em dólares FOB.,False,,mensal,mensal
2008-12-31,Comex Stat/MDIC,comex_exportacoes_fob_usd,comercio_exterior,13692230755,exportacao,metricFOB,US$ FOB,valor_monetario,Valor mensal total das exportações brasileiras em dólares FOB.,False,,mensal,mensal
2009-01-31,Comex Stat/MDIC,comex_exportacoes_fob_usd,comercio_exterior,9663351384,exportacao,metricFOB,US$ FOB,valor_monetario,Valor mensal total das exportações brasileiras em dólares FOB.,False,,mensal,mensal
2009-02-28,Comex Stat/MDIC,comex_exportacoes_fob_usd,comercio_exterior,9491899751,exportacao,metricFOB,US$ FOB,valor_monetario,Valor mensal total das exportações brasileiras em dólares FOB.,False,,mensal,mensal
2009-03-31,Comex Stat/MDIC,comex_exportacoes_fob_usd,comercio_exterior,11607785367,exportacao,metricFOB,US$ FOB,valor_monetario,Valor mensal total das exportações brasileiras em dólares FOB.,False,,mensal,mensal
2009-04-30,Comex Stat/MDIC,comex_exportacoes_fob_usd,comercio_exterior,12221834909,exportacao,metricFOB,US$ FOB,valor_monetario,Valor mensal total das exportações brasileiras em dólares FOB.,False,,mensal,mensal
2009-05-31,Comex Stat/MDIC,comex_exportacoes_fob_usd,comercio_exterior,11921111818,exportacao,metricFOB,US$ FOB,valor_monetario,Valor mensal total das exportações brasileiras em dólares FOB.,False,,mensal,mensal
2009-06-30,Comex Stat/MDIC,comex_exportacoes_fob_usd,comercio_exterior,14344895088,exportacao,metricFOB,US$ FOB,valor_monetario,Valor mensal total das exportações brasileiras em dólares FOB.,False,,mensal,mensal
2009-07-31,Comex Stat/MDIC,comex_exportacoes_fob_usd,comercio_exterior,14050671665,exportacao,metricFOB,US$ FOB,valor_monetario,Valor mensal total das exportações brasileiras em dólares FOB.,False,,mensal,mensal
2009-08-31,Comex Stat/MDIC,comex_exportacoes_fob_usd,comercio_exterior,13792127247,exportacao,metricFOB,US$ FOB,valor_monetario,Valor mensal total das exportações brasileiras em dólares FOB.,False,,mensal,mensal
2009-09-30,Comex Stat/MDIC,comex_exportacoes_fob_usd,comercio_exterior,13801853467,exportacao,metricFOB,US$ FOB,valor_monetario,Valor mensal total das exportações brasileiras em dólares FOB.,False,,mensal,mensal
2009-10-31,Comex Stat/MDIC,comex_exportacoes_fob_usd,comercio_exterior,14015803246,exportacao,metricFOB,US$ FOB,valor_monetario,Valor mensal total das exportações brasileiras em dólares FOB.,False,,mensal,mensal
2009-11-30,Comex Stat/MDIC,comex_exportacoes_fob_usd,comercio_exterior,12498222627,exportacao,metricFOB,US$ FOB,valor_monetario,Valor mensal total das exportações brasileiras em dólares FOB.,False,,mensal,mensal
2009-12-31,Comex Stat/MDIC,comex_exportacoes_fob_usd,comercio_exterior,14382117617,exportacao,metricFOB,US$ FOB,valor_monetario,Valor mensal total das exportações brasileiras em dólares FOB.,False,,mensal,mensal
2010-01-31,Comex Stat/MDIC,comex_exportacoes_fob_usd,comercio_exterior,11153005703,exportacao,metricFOB,US$ FOB,valor_monetario,Valor mensal total das exportações brasileiras em dólares FOB.,False,,mensal,mensal
2010-02-28,Comex Stat/MDIC,comex_exportacoes_fob_usd,comercio_exterior,12066643269,exportacao,metricFOB,US$ FOB,valor_monetario,Valor mensal total das exportações brasileiras em dólares FOB.,False,,mensal,mensal
2010-03-31,Comex Stat/MDIC,comex_exportacoes_fob_usd,comercio_exterior,15637886925,exportacao,metricFOB,US$ FOB,valor_monetario,Valor mensal total das exportações brasileiras em dólares FOB.,False,,mensal,mensal
2010-04-30,Comex Stat/MDIC,comex_exportacoes_fob_usd,comercio_exterior,15074159639,exportacao,metricFOB,US$ FOB,valor_monetario,Valor mensal total das exportações brasileiras em dólares FOB.,False,,mensal,mensal
2010-05-31,Comex Stat/MDIC,comex_exportacoes_fob_usd,comercio_exterior,17632178264,exportacao,metricFOB,US$ FOB,valor_monetario,Valor mensal total das exportações brasileiras em dólares FOB.,False,,mensal,mensal
2010-06-30,Comex Stat/MDIC,comex_exportacoes_fob_usd,comercio_exterior,17012419860,exportacao,metricFOB,US$ FOB,valor_monetario,Valor mensal total das exportações brasileiras em dólares FOB.,False,,mensal,mensal
2010-07-31,Comex Stat/MDIC,comex_exportacoes_fob_usd,comercio_exterior,17555470535,exportacao,metricFOB,US$ FOB,valor_monetario,Valor mensal total das exportações brasileiras em dólares FOB.,False,,mensal,mensal
2010-08-31,Comex Stat/MDIC,comex_exportacoes_fob_usd,comercio_exterior,19084996312,exportacao,metricFOB,US$ FOB,valor_monetario,Valor mensal total das exportações brasileiras em dólares FOB.,False,,mensal,mensal
2010-09-30,Comex Stat/MDIC,comex_exportacoes_fob_usd,comercio_exterior,18726305741,exportacao,metricFOB,US$ FOB,valor_monetario,Valor mensal total das exportações brasileiras em dólares FOB.,False,,mensal,mensal
2010-10-31,Comex Stat/MDIC,comex_exportacoes_fob_usd,comercio_exterior,18136570769,exportacao,metricFOB,US$ FOB,valor_monetario,Valor mensal total das exportações brasileiras em dólares FOB.,False,,mensal,mensal
2010-11-30,Comex Stat/MDIC,comex_exportacoes_fob_usd,comercio_exterior,17558595004,exportacao,metricFOB,US$ FOB,valor_monetario,Valor mensal total das exportações brasileiras em dólares FOB.,False,,mensal,mensal
2010-12-31,Comex Stat/MDIC,comex_exportacoes_fob_usd,comercio_exterior,20795902805,exportacao,metricFOB,US$ FOB,valor_monetario,Valor mensal total das exportações brasileiras em dólares FOB.,False,,mensal,mensal
2011-01-31,Comex Stat/MDIC,comex_exportacoes_fob_usd,comercio_exterior,15031610457,exportacao,metricFOB,US$ FOB,valor_monetario,Valor mensal total das exportações brasileiras em dólares FOB.,False,,mensal,mensal
2011-02-28,Comex Stat/MDIC,comex_exportacoes_fob_usd,comercio_exterior,16621034760,exportacao,metricFOB,US$ FOB,valor_monetario,Valor mensal total das exportações brasileiras em dólares FOB.,False,,mensal,mensal
2011-03-31,Comex Stat/MDIC,comex_exportacoes_fob_usd,comercio_exterior,19172557483,exportacao,metricFOB,US$ FOB,valor_monetario,Valor mensal total das exportações brasileiras em dólares FOB.,False,,mensal,mensal
2011-04-30,Comex Stat/MDIC,comex_exportacoes_fob_usd,comercio_exterior,20083002562,exportacao,metricFOB,US$ FOB,valor_monetario,Valor mensal total das exportações brasileiras em dólares FOB.,False,,mensal,mensal
2011-05-31,Comex Stat/MDIC,comex_exportacoes_fob_usd,comercio_exterior,23057404066,exportacao,metricFOB,US$ FOB,valor_monetario,Valor mensal total das exportações brasileiras em dólares FOB.,False,,mensal,mensal
2011-06-30,Comex Stat/MDIC,comex_exportacoes_fob_usd,comercio_exterior,22518366011,exportacao,metricFOB,US$ FOB,valor_monetario,Valor mensal total das exportações brasileiras em dólares FOB.,False,,mensal,mensal
2011-07-31,Comex Stat/MDIC,comex_exportacoes_fob_usd,comercio_exterior,22193042186,exportacao,metricFOB,US$ FOB,valor_monetario,Valor mensal total das exportações brasileiras em dólares FOB.,False,,mensal,mensal
2011-08-31,Comex Stat/MDIC,comex_exportacoes_fob_usd,comercio_exterior,26076703082,exportacao,metricFOB,US$ FOB,valor_monetario,Valor mensal total das exportações brasileiras em dólares FOB.,False,,mensal,mensal
2011-09-30,Comex Stat/MDIC,comex_exportacoes_fob_usd,comercio_exterior,23191369933,exportacao,metricFOB,US$ FOB,valor_monetario,Valor mensal total das exportações brasileiras em dólares FOB.,False,,mensal,mensal
2011-10-31,Comex Stat/MDIC,comex_exportacoes_fob_usd,comercio_exterior,22056074475,exportacao,metricFOB,US$ FOB,valor_monetario,Valor mensal total das exportações brasileiras em dólares FOB.,False,,mensal,mensal
2011-11-30,Comex Stat/MDIC,comex_exportacoes_fob_usd,comercio_exterior,21666081911,exportacao,metricFOB,US$ FOB,valor_monetario,Valor mensal total das exportações brasileiras em dólares FOB.,False,,mensal,mensal
2011-12-31,Comex Stat/MDIC,comex_exportacoes_fob_usd,comercio_exterior,21999062581,exportacao,metricFOB,US$ FOB,valor_monetario,Valor mensal total das exportações brasileiras em dólares FOB.,False,,mensal,mensal
2012-01-31,Comex Stat/MDIC,comex_exportacoes_fob_usd,comercio_exterior,15949177033,exportacao,metricFOB,US$ FOB,valor_monetario,Valor mensal total das exportações brasileiras em dólares FOB.,False,,mensal,mensal
2012-02-29,Comex Stat/MDIC,comex_exportacoes_fob_usd,comercio_exterior,17926499266,exportacao,metricFOB,US$ FOB,valor_monetario,Valor mensal total das exportações brasileiras em dólares FOB.,False,,mensal,mensal
2012-03-31,Comex Stat/MDIC,comex_exportacoes_fob_usd,comercio_exterior,20739368495,exportacao,metricFOB,US$ FOB,valor_monetario,Valor mensal total das exportações brasileiras em dólares FOB.,False,,mensal,mensal
2012-04-30,Comex Stat/MDIC,comex_exportacoes_fob_usd,comercio_exterior,19461604595,exportacao,metricFOB,US$ FOB,valor_monetario,Valor mensal total das exportações brasileiras em dólares FOB.,False,,mensal,mensal
2012-05-31,Comex Stat/MDIC,comex_exportacoes_fob_usd,comercio_exterior,23146072472,exportacao,metricFOB,US$ FOB,valor_monetario,Valor mensal total das exportações brasileiras em dólares FOB.,False,,mensal,mensal
2012-06-30,Comex Stat/MDIC,comex_exportacoes_fob_usd,comercio_exterior,19181689510,exportacao,metricFOB,US$ FOB,valor_monetario,Valor mensal total das exportações brasileiras em dólares FOB.,False,,mensal,mensal
2012-07-31,Comex Stat/MDIC,comex_exportacoes_fob_usd,comercio_exterior,20837121787,exportacao,metricFOB,US$ FOB,valor_monetario,Valor mensal total das exportações brasileiras em dólares FOB.,False,,mensal,mensal
2012-08-31,Comex Stat/MDIC,comex_exportacoes_fob_usd,comercio_exterior,22241316256,exportacao,metricFOB,US$ FOB,valor_monetario,Valor mensal total das exportações brasileiras em dólares FOB.,False,,mensal,mensal
2012-09-30,Comex Stat/MDIC,comex_exportacoes_fob_usd,comercio_exterior,19890116135,exportacao,metricFOB,US$ FOB,valor_monetario,Valor mensal total das exportações brasileiras em dólares FOB.,False,,mensal,mensal
2012-10-31,Comex Stat/MDIC,comex_exportacoes_fob_usd,comercio_exterior,21187492462,exportacao,metricFOB,US$ FOB,valor_monetario,Valor mensal total das exportações brasileiras em dólares FOB.,False,,mensal,mensal
2012-11-30,Comex Stat/MDIC,comex_exportacoes_fob_usd,comercio_exterior,19707711615,exportacao,metricFOB,US$ FOB,valor_monetario,Valor mensal total das exportações brasileiras em dólares FOB.,False,,mensal,mensal
2012-12-31,Comex Stat/MDIC,comex_exportacoes_fob_usd,comercio_exterior,19684368532,exportacao,metricFOB,US$ FOB,valor_monetario,Valor mensal total das exportações brasileiras em dólares FOB.,False,,mensal,mensal
2013-01-31,Comex Stat/MDIC,comex_exportacoes_fob_usd,comercio_exterior,15757148192,exportacao,metricFOB,US$ FOB,valor_monetario,Valor mensal total das exportações brasileiras em dólares FOB.,False,,mensal,mensal
2013-02-28,Comex Stat/MDIC,comex_exportacoes_fob_usd,comercio_exterior,15478937787,exportacao,metricFOB,US$ FOB,valor_monetario,Valor mensal total das exportações brasileiras em dólares FOB.,False,,mensal,mensal
2013-03-31,Comex Stat/MDIC,comex_exportacoes_fob_usd,comercio_exterior,18360470433,exportacao,metricFOB,US$ FOB,valor_monetario,Valor mensal total das exportações brasileiras em dólares FOB.,False,,mensal,mensal
2013-04-30,Comex Stat/MDIC,comex_exportacoes_fob_usd,comercio_exterior,20550843458,exportacao,metricFOB,US$ FOB,valor_monetario,Valor mensal total das exportações brasileiras em dólares FOB.,False,,mensal,mensal
2013-05-31,Comex Stat/MDIC,comex_exportacoes_fob_usd,comercio_exterior,21654862456,exportacao,metricFOB,US$ FOB,valor_monetario,Valor mensal total das exportações brasileiras em dólares FOB.,False,,mensal,mensal
2013-06-30,Comex Stat/MDIC,comex_exportacoes_fob_usd,comercio_exterior,19331841435,exportacao,metricFOB,US$ FOB,valor_monetario,Valor mensal total das exportações brasileiras em dólares FOB.,False,,mensal,mensal
2013-07-31,Comex Stat/MDIC,comex_exportacoes_fob_usd,comercio_exterior,20357391663,exportacao,metricFOB,US$ FOB,valor_monetario,Valor mensal total das exportações brasileiras em dólares FOB.,False,,mensal,mensal
2013-08-31,Comex Stat/MDIC,comex_exportacoes_fob_usd,comercio_exterior,21214505830,exportacao,metricFOB,US$ FOB,valor_monetario,Valor mensal total das exportações brasileiras em dólares FOB.,False,,mensal,mensal
2013-09-30,Comex Stat/MDIC,comex_exportacoes_fob_usd,comercio_exterior,20745602464,exportacao,metricFOB,US$ FOB,valor_monetario,Valor mensal total das exportações brasileiras em dólares FOB.,False,,mensal,mensal
2013-10-31,Comex Stat/MDIC,comex_exportacoes_fob_usd,comercio_exterior,20636722332,exportacao,metricFOB,US$ FOB,valor_monetario,Valor mensal total das exportações brasileiras em dólares FOB.,False,,mensal,mensal
2013-11-30,Comex Stat/MDIC,comex_exportacoes_fob_usd,comercio_exterior,18918406070,exportacao,metricFOB,US$ FOB,valor_monetario,Valor mensal total das exportações brasileiras em dólares FOB.,False,,mensal,mensal
2013-12-31,Comex Stat/MDIC,comex_exportacoes_fob_usd,comercio_exterior,19537523486,exportacao,metricFOB,US$ FOB,valor_monetario,Valor mensal total das exportações brasileiras em dólares FOB.,False,,mensal,mensal
2014-01-31,Comex Stat/MDIC,comex_exportacoes_fob_usd,comercio_exterior,15741666773,exportacao,metricFOB,US$ FOB,valor_monetario,Valor mensal total das exportações brasileiras em dólares FOB.,False,,mensal,mensal
2014-02-28,Comex Stat/MDIC,comex_exportacoes_fob_usd,comercio_exterior,15825850012,exportacao,metricFOB,US$ FOB,valor_monetario,Valor mensal total das exportações brasileiras em dólares FOB.,False,,mensal,mensal
2014-03-31,Comex Stat/MDIC,comex_exportacoes_fob_usd,comercio_exterior,17467727891,exportacao,metricFOB,US$ FOB,valor_monetario,Valor mensal total das exportações brasileiras em dólares FOB.,False,,mensal,mensal
2014-04-30,Comex Stat/MDIC,comex_exportacoes_fob_usd,comercio_exterior,19577249934,exportacao,metricFOB,US$ FOB,valor_monetario,Valor mensal total das exportações brasileiras em dólares FOB.,False,,mensal,mensal
2014-05-31,Comex Stat/MDIC,comex_exportacoes_fob_usd,comercio_exterior,20540376531,exportacao,metricFOB,US$ FOB,valor_monetario,Valor mensal total das exportações brasileiras em dólares FOB.,False,,mensal,mensal
2014-06-30,Comex Stat/MDIC,comex_exportacoes_fob_usd,comercio_exterior,20288075461,exportacao,metricFOB,US$ FOB,valor_monetario,Valor mensal total das exportações brasileiras em dólares FOB.,False,,mensal,mensal
2014-07-31,Comex Stat/MDIC,comex_exportacoes_fob_usd,comercio_exterior,21921458082,exportacao,metricFOB,US$ FOB,valor_monetario,Valor mensal total das exportações brasileiras em dólares FOB.,False,,mensal,mensal
2014-08-31,Comex Stat/MDIC,comex_exportacoes_fob_usd,comercio_exterior,19224653901,exportacao,metricFOB,US$ FOB,valor_monetario,Valor mensal total das exportações brasileiras em dólares FOB.,False,,mensal,mensal
2014-09-30,Comex Stat/MDIC,comex_exportacoes_fob_usd,comercio_exterior,19370174258,exportacao,metricFOB,US$ FOB,valor_monetario,Valor mensal total das exportações brasileiras em dólares FOB.,False,,mensal,mensal
2014-10-31,Comex Stat/MDIC,comex_exportacoes_fob_usd,comercio_exterior,18169787901,exportacao,metricFOB,US$ FOB,valor_monetario,Valor mensal total das exportações brasileiras em dólares FOB.,False,,mensal,mensal
2014-11-30,Comex Stat/MDIC,comex_exportacoes_fob_usd,comercio_exterior,15506384370,exportacao,metricFOB,US$ FOB,valor_monetario,Valor mensal total das exportações brasileiras em dólares FOB.,False,,mensal,mensal
2014-12-31,Comex Stat/MDIC,comex_exportacoes_fob_usd,comercio_exterior,17289831724,exportacao,metricFOB,US$ FOB,valor_monetario,Valor mensal total das exportações brasileiras em dólares FOB.,False,,mensal,mensal
2015-01-31,Comex Stat/MDIC,comex_exportacoes_fob_usd,comercio_exterior,13481501333,exportacao,metricFOB,US$ FOB,valor_monetario,Valor mensal total das exportações brasileiras em dólares FOB.,False,,mensal,mensal
2015-02-28,Comex Stat/MDIC,comex_exportacoes_fob_usd,comercio_exterior,12010576962,exportacao,metricFOB,US$ FOB,valor_monetario,Valor mensal total das exportações brasileiras em dólares FOB.,False,,mensal,mensal
2015-03-31,Comex Stat/MDIC,comex_exportacoes_fob_usd,comercio_exterior,16748831110,exportacao,metricFOB,US$ FOB,valor_monetario,Valor mensal total das exportações brasileiras em dólares FOB.,False,,mensal,mensal
2015-04-30,Comex Stat/MDIC,comex_exportacoes_fob_usd,comercio_exterior,14986768884,exportacao,metricFOB,US$ FOB,valor_monetario,Valor mensal total das exportações brasileiras em dólares FOB.,False,,mensal,mensal
2015-05-31,Comex Stat/MDIC,comex_exportacoes_fob_usd,comercio_exterior,16625676410,exportacao,metricFOB,US$ FOB,valor_monetario,Valor mensal total das exportações brasileiras em dólares FOB.,False,,mensal,mensal
2015-06-30,Comex Stat/MDIC,comex_exportacoes_fob_usd,comercio_exterior,18746127441,exportacao,metricFOB,US$ FOB,valor_monetario,Valor mensal total das exportações brasileiras em dólares FOB.,False,,mensal,mensal
2015-07-31,Comex Stat/MDIC,comex_exportacoes_fob_usd,comercio_exterior,18334876601,exportacao,metricFOB,US$ FOB,valor_monetario,Valor mensal total das exportações brasileiras em dólares FOB.,False,,mensal,mensal
2015-08-31,Comex Stat/MDIC,comex_exportacoes_fob_usd,comercio_exterior,15320171814,exportacao,metricFOB,US$ FOB,valor_monetario,Valor mensal total das exportações brasileiras em dólares FOB.,False,,mensal,mensal
2015-09-30,Comex Stat/MDIC,comex_exportacoes_fob_usd,comercio_exterior,15467635572,exportacao,metricFOB,US$ FOB,valor_monetario,Valor mensal total das exportações brasileiras em dólares FOB.,False,,mensal,mensal
2015-10-31,Comex Stat/MDIC,comex_exportacoes_fob_usd,comercio_exterior,15762365201,exportacao,metricFOB,US$ FOB,valor_monetario,Valor mensal total das exportações brasileiras em dólares FOB.,False,,mensal,mensal
2015-11-30,Comex Stat/MDIC,comex_exportacoes_fob_usd,comercio_exterior,13603593709,exportacao,metricFOB,US$ FOB,valor_monetario,Valor mensal total das exportações brasileiras em dólares FOB.,False,,mensal,mensal
2015-12-31,Comex Stat/MDIC,comex_exportacoes_fob_usd,comercio_exterior,15694230026,exportacao,metricFOB,US$ FOB,valor_monetario,Valor mensal total das exportações brasileiras em dólares FOB.,False,,mensal,mensal
2016-01-31,Comex Stat/MDIC,comex_exportacoes_fob_usd,comercio_exterior,11024617489,exportacao,metricFOB,US$ FOB,valor_monetario,Valor mensal total das exportações brasileiras em dólares FOB.,False,,mensal,mensal
2016-02-29,Comex Stat/MDIC,comex_exportacoes_fob_usd,comercio_exterior,13103865483,exportacao,metricFOB,US$ FOB,valor_monetario,Valor mensal total das exportações brasileiras em dólares FOB.,False,,mensal,mensal
2016-03-31,Comex Stat/MDIC,comex_exportacoes_fob_usd,comercio_exterior,15845539947,exportacao,metricFOB,US$ FOB,valor_monetario,Valor mensal total das exportações brasileiras em dólares FOB.,False,,mensal,mensal
2016-04-30,Comex Stat/MDIC,comex_exportacoes_fob_usd,comercio_exterior,15082231392,exportacao,metricFOB,US$ FOB,valor_monetario,Valor mensal total das exportações brasileiras em dólares FOB.,False,,mensal,mensal
2016-05-31,Comex Stat/MDIC,comex_exportacoes_fob_usd,comercio_exterior,16596334743,exportacao,metricFOB,US$ FOB,valor_monetario,Valor mensal total das exportações brasileiras em dólares FOB.,False,,mensal,mensal
2016-06-30,Comex Stat/MDIC,comex_exportacoes_fob_usd,comercio_exterior,16602945756,exportacao,metricFOB,US$ FOB,valor_monetario,Valor mensal total das exportações brasileiras em dólares FOB.,False,,mensal,mensal
2016-07-31,Comex Stat/MDIC,comex_exportacoes_fob_usd,comercio_exterior,15142715725,exportacao,metricFOB,US$ FOB,valor_monetario,Valor mensal total das exportações brasileiras em dólares FOB.,False,,mensal,mensal
2016-08-31,Comex Stat/MDIC,comex_exportacoes_fob_usd,comercio_exterior,16863031142,exportacao,metricFOB,US$ FOB,valor_monetario,Valor mensal total das exportações brasileiras em dólares FOB.,False,,mensal,mensal
2016-09-30,Comex Stat/MDIC,comex_exportacoes_fob_usd,comercio_exterior,15684375284,exportacao,metricFOB,US$ FOB,valor_monetario,Valor mensal total das exportações brasileiras em dólares FOB.,False,,mensal,mensal
2016-10-31,Comex Stat/MDIC,comex_exportacoes_fob_usd,comercio_exterior,13594442203,exportacao,metricFOB,US$ FOB,valor_monetario,Valor mensal total das exportações brasileiras em dólares FOB.,False,,mensal,mensal
2016-11-30,Comex Stat/MDIC,comex_exportacoes_fob_usd,comercio_exterior,14212824778,exportacao,metricFOB,US$ FOB,valor_monetario,Valor mensal total das exportações brasileiras em dólares FOB.,False,,mensal,mensal
2016-12-31,Comex Stat/MDIC,comex_exportacoes_fob_usd,comercio_exterior,15773205272,exportacao,metricFOB,US$ FOB,valor_monetario,Valor mensal total das exportações brasileiras em dólares FOB.,False,,mensal,mensal
2017-01-31,Comex Stat/MDIC,comex_exportacoes_fob_usd,comercio_exterior,14827875770,exportacao,metricFOB,US$ FOB,valor_monetario,Valor mensal total das exportações brasileiras em dólares FOB.,False,,mensal,mensal
2017-02-28,Comex Stat/MDIC,comex_exportacoes_fob_usd,comercio_exterior,15275976600,exportacao,metricFOB,US$ FOB,valor_monetario,Valor mensal total das exportações brasileiras em dólares FOB.,False,,mensal,mensal
2017-03-31,Comex Stat/MDIC,comex_exportacoes_fob_usd,comercio_exterior,19854737707,exportacao,metricFOB,US$ FOB,valor_monetario,Valor mensal total das exportações brasileiras em dólares FOB.,False,,mensal,mensal
2017-04-30,Comex Stat/MDIC,comex_exportacoes_fob_usd,comercio_exterior,17484572350,exportacao,metricFOB,US$ FOB,valor_monetario,Valor mensal total das exportações brasileiras em dólares FOB.,False,,mensal,mensal
2017-05-31,Comex Stat/MDIC,comex_exportacoes_fob_usd,comercio_exterior,19726040175,exportacao,metricFOB,US$ FOB,valor_monetario,Valor mensal total das exportações brasileiras em dólares FOB.,False,,mensal,mensal
2017-06-30,Comex Stat/MDIC,comex_exportacoes_fob_usd,comercio_exterior,19535151809,exportacao,metricFOB,US$ FOB,valor_monetario,Valor mensal total das exportações brasileiras em dólares FOB.,False,,mensal,mensal
2017-07-31,Comex Stat/MDIC,comex_exportacoes_fob_usd,comercio_exterior,17658900096,exportacao,metricFOB,US$ FOB,valor_monetario,Valor mensal total das exportações brasileiras em dólares FOB.,False,,mensal,mensal
2017-08-31,Comex Stat/MDIC,comex_exportacoes_fob_usd,comercio_exterior,19336799997,exportacao,metricFOB,US$ FOB,valor_monetario,Valor mensal total das exportações brasileiras em dólares FOB.,False,,mensal,mensal
2017-09-30,Comex Stat/MDIC,comex_exportacoes_fob_usd,comercio_exterior,18533214138,exportacao,metricFOB,US$ FOB,valor_monetario,Valor mensal total das exportações brasileiras em dólares FOB.,False,,mensal,mensal
2017-10-31,Comex Stat/MDIC,comex_exportacoes_fob_usd,comercio_exterior,18694329848,exportacao,metricFOB,US$ FOB,valor_monetario,Valor mensal total das exportações brasileiras em dólares FOB.,False,,mensal,mensal
2017-11-30,Comex Stat/MDIC,comex_exportacoes_fob_usd,comercio_exterior,16584235219,exportacao,metricFOB,US$ FOB,valor_monetario,Valor mensal total das exportações brasileiras em dólares FOB.,False,,mensal,mensal
2017-12-31,Comex Stat/MDIC,comex_exportacoes_fob_usd,comercio_exterior,17476274644,exportacao,metricFOB,US$ FOB,valor_monetario,Valor mensal total das exportações brasileiras em dólares FOB.,False,,mensal,mensal
2018-01-31,Comex Stat/MDIC,comex_exportacoes_fob_usd,comercio_exterior,16769724658,exportacao,metricFOB,US$ FOB,valor_monetario,Valor mensal total das exportações brasileiras em dólares FOB.,False,,mensal,mensal
2018-02-28,Comex Stat/MDIC,comex_exportacoes_fob_usd,comercio_exterior,15801987736,exportacao,metricFOB,US$ FOB,valor_monetario,Valor mensal total das exportações brasileiras em dólares FOB.,False,,mensal,mensal
2018-03-31,Comex Stat/MDIC,comex_exportacoes_fob_usd,comercio_exterior,20228663646,exportacao,metricFOB,US$ FOB,valor_monetario,Valor mensal total das exportações brasileiras em dólares FOB.,False,,mensal,mensal
2018-04-30,Comex Stat/MDIC,comex_exportacoes_fob_usd,comercio_exterior,19678336251,exportacao,metricFOB,US$ FOB,valor_monetario,Valor mensal total das exportações brasileiras em dólares FOB.,False,,mensal,mensal
2018-05-31,Comex Stat/MDIC,comex_exportacoes_fob_usd,comercio_exterior,19271601072,exportacao,metricFOB,US$ FOB,valor_monetario,Valor mensal total das exportações brasileiras em dólares FOB.,False,,mensal,mensal
2018-06-30,Comex Stat/MDIC,comex_exportacoes_fob_usd,comercio_exterior,19830021392,exportacao,metricFOB,US$ FOB,valor_monetario,Valor mensal total das exportações brasileiras em dólares FOB.,False,,mensal,mensal
2018-07-31,Comex Stat/MDIC,comex_exportacoes_fob_usd,comercio_exterior,21055288607,exportacao,metricFOB,US$ FOB,valor_monetario,Valor mensal total das exportações brasileiras em dólares FOB.,False,,mensal,mensal
2018-08-31,Comex Stat/MDIC,comex_exportacoes_fob_usd,comercio_exterior,20084138252,exportacao,metricFOB,US$ FOB,valor_monetario,Valor mensal total das exportações brasileiras em dólares FOB.,False,,mensal,mensal
2018-09-30,Comex Stat/MDIC,comex_exportacoes_fob_usd,comercio_exterior,19041023535,exportacao,metricFOB,US$ FOB,valor_monetario,Valor mensal total das exportações brasileiras em dólares FOB.,False,,mensal,mensal
2018-10-31,Comex Stat/MDIC,comex_exportacoes_fob_usd,comercio_exterior,21671364889,exportacao,metricFOB,US$ FOB,valor_monetario,Valor mensal total das exportações brasileiras em dólares FOB.,False,,mensal,mensal
2018-11-30,Comex Stat/MDIC,comex_exportacoes_fob_usd,comercio_exterior,19199739213,exportacao,metricFOB,US$ FOB,valor_monetario,Valor mensal total das exportações brasileiras em dólares FOB.,False,,mensal,mensal
2018-12-31,Comex Stat/MDIC,comex_exportacoes_fob_usd,comercio_exterior,19257634148,exportacao,metricFOB,US$ FOB,valor_monetario,Valor mensal total das exportações brasileiras em dólares FOB.,False,,mensal,mensal
2019-01-31,Comex Stat/MDIC,comex_exportacoes_fob_usd,comercio_exterior,16638094632,exportacao,metricFOB,US$ FOB,valor_monetario,Valor mensal total das exportações brasileiras em dólares FOB.,False,,mensal,mensal
2019-02-28,Comex Stat/MDIC,comex_exportacoes_fob_usd,comercio_exterior,15618080347,exportacao,metricFOB,US$ FOB,valor_monetario,Valor mensal total das exportações brasileiras em dólares FOB.,False,,mensal,mensal
2019-03-31,Comex Stat/MDIC,comex_exportacoes_fob_usd,comercio_exterior,17308721624,exportacao,metricFOB,US$ FOB,valor_monetario,Valor mensal total das exportações brasileiras em dólares FOB.,False,,mensal,mensal
2019-04-30,Comex Stat/MDIC,comex_exportacoes_fob_usd,comercio_exterior,19090646313,exportacao,metricFOB,US$ FOB,valor_monetario,Valor mensal total das exportações brasileiras em dólares FOB.,False,,mensal,mensal
2019-05-31,Comex Stat/MDIC,comex_exportacoes_fob_usd,comercio_exterior,20500498556,exportacao,metricFOB,US$ FOB,valor_monetario,Valor mensal total das exportações brasileiras em dólares FOB.,False,,mensal,mensal
2019-06-30,Comex Stat/MDIC,comex_exportacoes_fob_usd,comercio_exterior,18306721692,exportacao,metricFOB,US$ FOB,valor_monetario,Valor mensal total das exportações brasileiras em dólares FOB.,False,,mensal,mensal
2019-07-31,Comex Stat/MDIC,comex_exportacoes_fob_usd,comercio_exterior,19920683762,exportacao,metricFOB,US$ FOB,valor_monetario,Valor mensal total das exportações brasileiras em dólares FOB.,False,,mensal,mensal
2019-08-31,Comex Stat/MDIC,comex_exportacoes_fob_usd,comercio_exterior,19565551588,exportacao,metricFOB,US$ FOB,valor_monetario,Valor mensal total das exportações brasileiras em dólares FOB.,False,,mensal,mensal
2019-09-30,Comex Stat/MDIC,comex_exportacoes_fob_usd,comercio_exterior,18620814373,exportacao,metricFOB,US$ FOB,valor_monetario,Valor mensal total das exportações brasileiras em dólares FOB.,False,,mensal,mensal
2019-10-31,Comex Stat/MDIC,comex_exportacoes_fob_usd,comercio_exterior,19483912811,exportacao,metricFOB,US$ FOB,valor_monetario,Valor mensal total das exportações brasileiras em dólares FOB.,False,,mensal,mensal
2019-11-30,Comex Stat/MDIC,comex_exportacoes_fob_usd,comercio_exterior,17609813357,exportacao,metricFOB,US$ FOB,valor_monetario,Valor mensal total das exportações brasileiras em dólares FOB.,False,,mensal,mensal
2019-12-31,Comex Stat/MDIC,comex_exportacoes_fob_usd,comercio_exterior,18463268592,exportacao,metricFOB,US$ FOB,valor_monetario,Valor mensal total das exportações brasileiras em dólares FOB.,False,,mensal,mensal
2020-01-31,Comex Stat/MDIC,comex_exportacoes_fob_usd,comercio_exterior,14429715267,exportacao,metricFOB,US$ FOB,valor_monetario,Valor mensal total das exportações brasileiras em dólares FOB.,False,,mensal,mensal
2020-02-29,Comex Stat/MDIC,comex_exportacoes_fob_usd,comercio_exterior,15356449520,exportacao,metricFOB,US$ FOB,valor_monetario,Valor mensal total das exportações brasileiras em dólares FOB.,False,,mensal,mensal
2020-03-31,Comex Stat/MDIC,comex_exportacoes_fob_usd,comercio_exterior,18312350349,exportacao,metricFOB,US$ FOB,valor_monetario,Valor mensal total das exportações brasileiras em dólares FOB.,False,,mensal,mensal
2020-04-30,Comex Stat/MDIC,comex_exportacoes_fob_usd,comercio_exterior,17593798650,exportacao,metricFOB,US$ FOB,valor_monetario,Valor mensal total das exportações brasileiras em dólares FOB.,False,,mensal,mensal
2020-05-31,Comex Stat/MDIC,comex_exportacoes_fob_usd,comercio_exterior,17519841090,exportacao,metricFOB,US$ FOB,valor_monetario,Valor mensal total das exportações brasileiras em dólares FOB.,False,,mensal,mensal
2020-06-30,Comex Stat/MDIC,comex_exportacoes_fob_usd,comercio_exterior,17478971342,exportacao,metricFOB,US$ FOB,valor_monetario,Valor mensal total das exportações brasileiras em dólares FOB.,False,,mensal,mensal
2020-07-31,Comex Stat/MDIC,comex_exportacoes_fob_usd,comercio_exterior,19416007176,exportacao,metricFOB,US$ FOB,valor_monetario,Valor mensal total das exportações brasileiras em dólares FOB.,False,,mensal,mensal
2020-08-31,Comex Stat/MDIC,comex_exportacoes_fob_usd,comercio_exterior,17403775488,exportacao,metricFOB,US$ FOB,valor_monetario,Valor mensal total das exportações brasileiras em dólares FOB.,False,,mensal,mensal
2020-09-30,Comex Stat/MDIC,comex_exportacoes_fob_usd,comercio_exterior,18223387712,exportacao,metricFOB,US$ FOB,valor_monetario,Valor mensal total das exportações brasileiras em dólares FOB.,False,,mensal,mensal
2020-10-31,Comex Stat/MDIC,comex_exportacoes_fob_usd,comercio_exterior,17649335596,exportacao,metricFOB,US$ FOB,valor_monetario,Valor mensal total das exportações brasileiras em dólares FOB.,False,,mensal,mensal
2020-11-30,Comex Stat/MDIC,comex_exportacoes_fob_usd,comercio_exterior,17344900538,exportacao,metricFOB,US$ FOB,valor_monetario,Valor mensal total das exportações brasileiras em dólares FOB.,False,,mensal,mensal
2020-12-31,Comex Stat/MDIC,comex_exportacoes_fob_usd,comercio_exterior,18451708927,exportacao,metricFOB,US$ FOB,valor_monetario,Valor mensal total das exportações brasileiras em dólares FOB.,False,,mensal,mensal
2021-01-31,Comex Stat/MDIC,comex_exportacoes_fob_usd,comercio_exterior,14947626003,exportacao,metricFOB,US$ FOB,valor_monetario,Valor mensal total das exportações brasileiras em dólares FOB.,False,,mensal,mensal
2021-02-28,Comex Stat/MDIC,comex_exportacoes_fob_usd,comercio_exterior,16375290870,exportacao,metricFOB,US$ FOB,valor_monetario,Valor mensal total das exportações brasileiras em dólares FOB.,False,,mensal,mensal
2021-03-31,Comex Stat/MDIC,comex_exportacoes_fob_usd,comercio_exterior,24335759852,exportacao,metricFOB,US$ FOB,valor_monetario,Valor mensal total das exportações brasileiras em dólares FOB.,False,,mensal,mensal
2021-04-30,Comex Stat/MDIC,comex_exportacoes_fob_usd,comercio_exterior,26059431856,exportacao,metricFOB,US$ FOB,valor_monetario,Valor mensal total das exportações brasileiras em dólares FOB.,False,,mensal,mensal
2021-05-31,Comex Stat/MDIC,comex_exportacoes_fob_usd,comercio_exterior,26200662606,exportacao,metricFOB,US$ FOB,valor_monetario,Valor mensal total das exportações brasileiras em dólares FOB.,False,,mensal,mensal
2021-06-30,Comex Stat/MDIC,comex_exportacoes_fob_usd,comercio_exterior,28257895138,exportacao,metricFOB,US$ FOB,valor_monetario,Valor mensal total das exportações brasileiras em dólares FOB.,False,,mensal,mensal
2021-07-31,Comex Stat/MDIC,comex_exportacoes_fob_usd,comercio_exterior,25508595503,exportacao,metricFOB,US$ FOB,valor_monetario,Valor mensal total das exportações brasileiras em dólares FOB.,False,,mensal,mensal
2021-08-31,Comex Stat/MDIC,comex_exportacoes_fob_usd,comercio_exterior,27216375900,exportacao,metricFOB,US$ FOB,valor_monetario,Valor mensal total das exportações brasileiras em dólares FOB.,False,,mensal,mensal
2021-09-30,Comex Stat/MDIC,comex_exportacoes_fob_usd,comercio_exterior,24376129510,exportacao,metricFOB,US$ FOB,valor_monetario,Valor mensal total das exportações brasileiras em dólares FOB.,False,,mensal,mensal
2021-10-31,Comex Stat/MDIC,comex_exportacoes_fob_usd,comercio_exterior,22602637234,exportacao,metricFOB,US$ FOB,valor_monetario,Valor mensal total das exportações brasileiras em dólares FOB.,False,,mensal,mensal
2021-11-30,Comex Stat/MDIC,comex_exportacoes_fob_usd,comercio_exterior,20501766210,exportacao,metricFOB,US$ FOB,valor_monetario,Valor mensal total das exportações brasileiras em dólares FOB.,False,,mensal,mensal
2021-12-31,Comex Stat/MDIC,comex_exportacoes_fob_usd,comercio_exterior,24432406778,exportacao,metricFOB,US$ FOB,valor_monetario,Valor mensal total das exportações brasileiras em dólares FOB.,False,,mensal,mensal
2022-01-31,Comex Stat/MDIC,comex_exportacoes_fob_usd,comercio_exterior,19779928894,exportacao,metricFOB,US$ FOB,valor_monetario,Valor mensal total das exportações brasileiras em dólares FOB.,False,,mensal,mensal
2022-02-28,Comex Stat/MDIC,comex_exportacoes_fob_usd,comercio_exterior,23513305117,exportacao,metricFOB,US$ FOB,valor_monetario,Valor mensal total das exportações brasileiras em dólares FOB.,False,,mensal,mensal
2022-03-31,Comex Stat/MDIC,comex_exportacoes_fob_usd,comercio_exterior,29422320196,exportacao,metricFOB,US$ FOB,valor_monetario,Valor mensal total das exportações brasileiras em dólares FOB.,False,,mensal,mensal
2022-04-30,Comex Stat/MDIC,comex_exportacoes_fob_usd,comercio_exterior,28969694687,exportacao,metricFOB,US$ FOB,valor_monetario,Valor mensal total das exportações brasileiras em dólares FOB.,False,,mensal,mensal
2022-05-31,Comex Stat/MDIC,comex_exportacoes_fob_usd,comercio_exterior,29642851197,exportacao,metricFOB,US$ FOB,valor_monetario,Valor mensal total das exportações brasileiras em dólares FOB.,False,,mensal,mensal
2022-06-30,Comex Stat/MDIC,comex_exportacoes_fob_usd,comercio_exterior,32742194543,exportacao,metricFOB,US$ FOB,valor_monetario,Valor mensal total das exportações brasileiras em dólares FOB.,False,,mensal,mensal
2022-07-31,Comex Stat/MDIC,comex_exportacoes_fob_usd,comercio_exterior,29844324640,exportacao,metricFOB,US$ FOB,valor_monetario,Valor mensal total das exportações brasileiras em dólares FOB.,False,,mensal,mensal
2022-08-31,Comex Stat/MDIC,comex_exportacoes_fob_usd,comercio_exterior,30786908834,exportacao,metricFOB,US$ FOB,valor_monetario,Valor mensal total das exportações brasileiras em dólares FOB.,False,,mensal,mensal
2022-09-30,Comex Stat/MDIC,comex_exportacoes_fob_usd,comercio_exterior,28587334142,exportacao,metricFOB,US$ FOB,valor_monetario,Valor mensal total das exportações brasileiras em dólares FOB.,False,,mensal,mensal
2022-10-31,Comex Stat/MDIC,comex_exportacoes_fob_usd,comercio_exterior,26852476461,exportacao,metricFOB,US$ FOB,valor_monetario,Valor mensal total das exportações brasileiras em dólares FOB.,False,,mensal,mensal
2022-11-30,Comex Stat/MDIC,comex_exportacoes_fob_usd,comercio_exterior,27652303451,exportacao,metricFOB,US$ FOB,valor_monetario,Valor mensal total das exportações brasileiras em dólares FOB.,False,,mensal,mensal
2022-12-31,Comex Stat/MDIC,comex_exportacoes_fob_usd,comercio_exterior,26342396058,exportacao,metricFOB,US$ FOB,valor_monetario,Valor mensal total das exportações brasileiras em dólares FOB.,False,,mensal,mensal
2023-01-31,Comex Stat/MDIC,comex_exportacoes_fob_usd,comercio_exterior,22796014477,exportacao,metricFOB,US$ FOB,valor_monetario,Valor mensal total das exportações brasileiras em dólares FOB.,False,,mensal,mensal
2023-02-28,Comex Stat/MDIC,comex_exportacoes_fob_usd,comercio_exterior,20241628657,exportacao,metricFOB,US$ FOB,valor_monetario,Valor mensal total das exportações brasileiras em dólares FOB.,False,,mensal,mensal
2023-03-31,Comex Stat/MDIC,comex_exportacoes_fob_usd,comercio_exterior,32822911866,exportacao,metricFOB,US$ FOB,valor_monetario,Valor mensal total das exportações brasileiras em dólares FOB.,False,,mensal,mensal
2023-04-30,Comex Stat/MDIC,comex_exportacoes_fob_usd,comercio_exterior,27100302410,exportacao,metricFOB,US$ FOB,valor_monetario,Valor mensal total das exportações brasileiras em dólares FOB.,False,,mensal,mensal
2023-05-31,Comex Stat/MDIC,comex_exportacoes_fob_usd,comercio_exterior,32666140787,exportacao,metricFOB,US$ FOB,valor_monetario,Valor mensal total das exportações brasileiras em dólares FOB.,False,,mensal,mensal
2023-06-30,Comex Stat/MDIC,comex_exportacoes_fob_usd,comercio_exterior,29600309149,exportacao,metricFOB,US$ FOB,valor_monetario,Valor mensal total das exportações brasileiras em dólares FOB.,False,,mensal,mensal
2023-07-31,Comex Stat/MDIC,comex_exportacoes_fob_usd,comercio_exterior,28300073730,exportacao,metricFOB,US$ FOB,valor_monetario,Valor mensal total das exportações brasileiras em dólares FOB.,False,,mensal,mensal
2023-08-31,Comex Stat/MDIC,comex_exportacoes_fob_usd,comercio_exterior,31101089774,exportacao,metricFOB,US$ FOB,valor_monetario,Valor mensal total das exportações brasileiras em dólares FOB.,False,,mensal,mensal
2023-09-30,Comex Stat/MDIC,comex_exportacoes_fob_usd,comercio_exterior,28713085056,exportacao,metricFOB,US$ FOB,valor_monetario,Valor mensal total das exportações brasileiras em dólares FOB.,False,,mensal,mensal
2023-10-31,Comex Stat/MDIC,comex_exportacoes_fob_usd,comercio_exterior,29681867318,exportacao,metricFOB,US$ FOB,valor_monetario,Valor mensal total das exportações brasileiras em dólares FOB.,False,,mensal,mensal
2023-11-30,Comex Stat/MDIC,comex_exportacoes_fob_usd,comercio_exterior,27886116219,exportacao,metricFOB,US$ FOB,valor_monetario,Valor mensal total das exportações brasileiras em dólares FOB.,False,,mensal,mensal
2023-12-31,Comex Stat/MDIC,comex_exportacoes_fob_usd,comercio_exterior,28786226565,exportacao,metricFOB,US$ FOB,valor_monetario,Valor mensal total das exportações brasileiras em dólares FOB.,False,,mensal,mensal
2024-01-31,Comex Stat/MDIC,comex_exportacoes_fob_usd,comercio_exterior,26702655353,exportacao,metricFOB,US$ FOB,valor_monetario,Valor mensal total das exportações brasileiras em dólares FOB.,False,,mensal,mensal
2024-02-29,Comex Stat/MDIC,comex_exportacoes_fob_usd,comercio_exterior,23348254025,exportacao,metricFOB,US$ FOB,valor_monetario,Valor mensal total das exportações brasileiras em dólares FOB.,False,,mensal,mensal
2024-03-31,Comex Stat/MDIC,comex_exportacoes_fob_usd,comercio_exterior,27657419417,exportacao,metricFOB,US$ FOB,valor_monetario,Valor mensal total das exportações brasileiras em dólares FOB.,False,,mensal,mensal
2024-04-30,Comex Stat/MDIC,comex_exportacoes_fob_usd,comercio_exterior,30327524963,exportacao,metricFOB,US$ FOB,valor_monetario,Valor mensal total das exportações brasileiras em dólares FOB.,False,,mensal,mensal
2024-05-31,Comex Stat/MDIC,comex_exportacoes_fob_usd,comercio_exterior,30190264650,exportacao,metricFOB,US$ FOB,valor_monetario,Valor mensal total das exportações brasileiras em dólares FOB.,False,,mensal,mensal
2024-06-30,Comex Stat/MDIC,comex_exportacoes_fob_usd,comercio_exterior,28731639979,exportacao,metricFOB,US$ FOB,valor_monetario,Valor mensal total das exportações brasileiras em dólares FOB.,False,,mensal,mensal
2024-07-31,Comex Stat/MDIC,comex_exportacoes_fob_usd,comercio_exterior,30841394890,exportacao,metricFOB,US$ FOB,valor_monetario,Valor mensal total das exportações brasileiras em dólares FOB.,False,,mensal,mensal
2024-08-31,Comex Stat/MDIC,comex_exportacoes_fob_usd,comercio_exterior,28736329972,exportacao,metricFOB,US$ FOB,valor_monetario,Valor mensal total das exportações brasileiras em dólares FOB.,False,,mensal,mensal
2024-09-30,Comex Stat/MDIC,comex_exportacoes_fob_usd,comercio_exterior,28471402288,exportacao,metricFOB,US$ FOB,valor_monetario,Valor mensal total das exportações brasileiras em dólares FOB.,False,,mensal,mensal
2024-10-31,Comex Stat/MDIC,comex_exportacoes_fob_usd,comercio_exterior,29300866189,exportacao,metricFOB,US$ FOB,valor_monetario,Valor mensal total das exportações brasileiras em dólares FOB.,False,,mensal,mensal
2024-11-30,Comex Stat/MDIC,comex_exportacoes_fob_usd,comercio_exterior,27857365197,exportacao,metricFOB,US$ FOB,valor_monetario,Valor mensal total das exportações brasileiras em dólares FOB.,False,,mensal,mensal
2024-12-31,Comex Stat/MDIC,comex_exportacoes_fob_usd,comercio_exterior,24881044787,exportacao,metricFOB,US$ FOB,valor_monetario,Valor mensal total das exportações brasileiras em dólares FOB.,False,,mensal,mensal
2025-01-31,Comex Stat/MDIC,comex_exportacoes_fob_usd,comercio_exterior,25398231759,exportacao,metricFOB,US$ FOB,valor_monetario,Valor mensal total das exportações brasileiras em dólares FOB.,False,,mensal,mensal
2025-02-28,Comex Stat/MDIC,comex_exportacoes_fob_usd,comercio_exterior,22753954039,exportacao,metricFOB,US$ FOB,valor_monetario,Valor mensal total das exportações brasileiras em dólares FOB.,False,,mensal,mensal
2025-03-31,Comex Stat/MDIC,comex_exportacoes_fob_usd,comercio_exterior,28725872006,exportacao,metricFOB,US$ FOB,valor_monetario,Valor mensal total das exportações brasileiras em dólares FOB.,False,,mensal,mensal
2025-04-30,Comex Stat/MDIC,comex_exportacoes_fob_usd,comercio_exterior,29886134851,exportacao,metricFOB,US$ FOB,valor_monetario,Valor mensal total das exportações brasileiras em dólares FOB.,False,,mensal,mensal
2025-05-31,Comex Stat/MDIC,comex_exportacoes_fob_usd,comercio_exterior,29920080781,exportacao,metricFOB,US$ FOB,valor_monetario,Valor mensal total das exportações brasileiras em dólares FOB.,False,,mensal,mensal
2025-06-30,Comex Stat/MDIC,comex_exportacoes_fob_usd,comercio_exterior,29036249482,exportacao,metricFOB,US$ FOB,valor_monetario,Valor mensal total das exportações brasileiras em dólares FOB.,False,,mensal,mensal
2025-07-31,Comex Stat/MDIC,comex_exportacoes_fob_usd,comercio_exterior,32128634276,exportacao,metricFOB,US$ FOB,valor_monetario,Valor mensal total das exportações brasileiras em dólares FOB.,False,,mensal,mensal
2025-08-31,Comex Stat/MDIC,comex_exportacoes_fob_usd,comercio_exterior,29558633290,exportacao,metricFOB,US$ FOB,valor_monetario,Valor mensal total das exportações brasileiras em dólares FOB.,False,,mensal,mensal
2025-09-30,Comex Stat/MDIC,comex_exportacoes_fob_usd,comercio_exterior,30486762259,exportacao,metricFOB,US$ FOB,valor_monetario,Valor mensal total das exportações brasileiras em dólares FOB.,False,,mensal,mensal
2025-10-31,Comex Stat/MDIC,comex_exportacoes_fob_usd,comercio_exterior,31508863381,exportacao,metricFOB,US$ FOB,valor_monetario,Valor mensal total das exportações brasileiras em dólares FOB.,False,,mensal,mensal
2025-11-30,Comex Stat/MDIC,comex_exportacoes_fob_usd,comercio_exterior,28164831149,exportacao,metricFOB,US$ FOB,valor_monetario,Valor mensal total das exportações brasileiras em dólares FOB.,False,,mensal,mensal
2025-12-31,Comex Stat/MDIC,comex_exportacoes_fob_usd,comercio_exterior,30710215227,exportacao,metricFOB,US$ FOB,valor_monetario,Valor mensal total das exportações brasileiras em dólares FOB.,False,,mensal,mensal
2026-01-31,Comex Stat/MDIC,comex_exportacoes_fob_usd,comercio_exterior,24576605744,exportacao,metricFOB,US$ FOB,valor_monetario,Valor mensal total das exportações brasileiras em dólares FOB.,False,,mensal,mensal
2026-02-28,Comex Stat/MDIC,comex_exportacoes_fob_usd,comercio_exterior,26276065434,exportacao,metricFOB,US$ FOB,valor_monetario,Valor mensal total das exportações brasileiras em dólares FOB.,False,,mensal,mensal
2026-03-31,Comex Stat/MDIC,comex_exportacoes_fob_usd,comercio_exterior,31767869262,exportacao,metricFOB,US$ FOB,valor_monetario,Valor mensal total das exportações brasileiras em dólares FOB.,False,,mensal,mensal
2026-04-30,Comex Stat/MDIC,comex_exportacoes_fob_usd,comercio_exterior,34303112660,exportacao,metricFOB,US$ FOB,valor_monetario,Valor mensal total das exportações brasileiras em dólares FOB.,False,,mensal,mensal
2026-05-31,Comex Stat/MDIC,comex_exportacoes_fob_usd,comercio_exterior,31557335963,exportacao,metricFOB,US$ FOB,valor_monetario,Valor mensal total das exportações brasileiras em dólares FOB.,False,,mensal,mensal
2026-06-30,Comex Stat/MDIC,comex_exportacoes_fob_usd,comercio_exterior,35492956607,exportacao,metricFOB,US$ FOB,valor_monetario,Valor mensal total das exportações brasileiras em dólares FOB.,False,,mensal,mensal
2026-07-31,Comex Stat/MDIC,comex_exportacoes_fob_usd,comercio_exterior,33723397019,exportacao,metricFOB,US$ FOB,valor_monetario,Valor mensal total das exportações brasileiras em dólares FOB.,False,,mensal,mensal
2026-08-31,Comex Stat/MDIC,comex_exportacoes_fob_usd,comercio_exterior,33157804370,exportacao,metricFOB,US$ FOB,valor_monetario,Valor mensal total das exportações brasileiras em dólares FOB.,False,,mensal,mensal
1997-01-31,Comex Stat/MDIC,comex_exportacoes_kg,comercio_exterior,17370770826,exportacao,metricKG,kg líquido,peso_liquido,Peso líquido mensal total das exportações brasileiras.,False,,mensal,mensal
1997-02-28,Comex Stat/MDIC,comex_exportacoes_kg,comercio_exterior,11533856214,exportacao,metricKG,kg líquido,peso_liquido,Peso líquido mensal total das exportações brasileiras.,False,,mensal,mensal
1997-03-31,Comex Stat/MDIC,comex_exportacoes_kg,comercio_exterior,18069567773,exportacao,metricKG,kg líquido,peso_liquido,Peso líquido mensal total das exportações brasileiras.,False,,mensal,mensal
1997-04-30,Comex Stat/MDIC,comex_exportacoes_kg,comercio_exterior,17376767075,exportacao,metricKG,kg líquido,peso_liquido,Peso líquido mensal total das exportações brasileiras.,False,,mensal,mensal
1997-05-31,Comex Stat/MDIC,comex_exportacoes_kg,comercio_exterior,17544577135,exportacao,metricKG,kg líquido,peso_liquido,Peso líquido mensal total das exportações brasileiras.,False,,mensal,mensal
1997-06-30,Comex Stat/MDIC,comex_exportacoes_kg,comercio_exterior,20632933900,exportacao,metricKG,kg líquido,peso_liquido,Peso líquido mensal total das exportações brasileiras.,False,,mensal,mensal
1997-07-31,Comex Stat/MDIC,comex_exportacoes_kg,comercio_exterior,20942639959,exportacao,metricKG,kg líquido,peso_liquido,Peso líquido mensal total das exportações brasileiras.,False,,mensal,mensal
1997-08-31,Comex Stat/MDIC,comex_exportacoes_kg,comercio_exterior,17641593048,exportacao,metricKG,kg líquido,peso_liquido,Peso líquido mensal total das exportações brasileiras.,False,,mensal,mensal
1997-09-30,Comex Stat/MDIC,comex_exportacoes_kg,comercio_exterior,17298038907,exportacao,metricKG,kg líquido,peso_liquido,Peso líquido mensal total das exportações brasileiras.,False,,mensal,mensal
1997-10-31,Comex Stat/MDIC,comex_exportacoes_kg,comercio_exterior,18027453155,exportacao,metricKG,kg líquido,peso_liquido,Peso líquido mensal total das exportações brasileiras.,False,,mensal,mensal
1997-11-30,Comex Stat/MDIC,comex_exportacoes_kg,comercio_exterior,16647025984,exportacao,metricKG,kg líquido,peso_liquido,Peso líquido mensal total das exportações brasileiras.,False,,mensal,mensal
1997-12-31,Comex Stat/MDIC,comex_exportacoes_kg,comercio_exterior,15732602964,exportacao,metricKG,kg líquido,peso_liquido,Peso líquido mensal total das exportações brasileiras.,False,,mensal,mensal
1998-01-31,Comex Stat/MDIC,comex_exportacoes_kg,comercio_exterior,24719113033,exportacao,metricKG,kg líquido,peso_liquido,Peso líquido mensal total das exportações brasileiras.,False,,mensal,mensal
1998-02-28,Comex Stat/MDIC,comex_exportacoes_kg,comercio_exterior,13729993121,exportacao,metricKG,kg líquido,peso_liquido,Peso líquido mensal total das exportações brasileiras.,False,,mensal,mensal
1998-03-31,Comex Stat/MDIC,comex_exportacoes_kg,comercio_exterior,20052697929,exportacao,metricKG,kg líquido,peso_liquido,Peso líquido mensal total das exportações brasileiras.,False,,mensal,mensal
1998-04-30,Comex Stat/MDIC,comex_exportacoes_kg,comercio_exterior,19832436953,exportacao,metricKG,kg líquido,peso_liquido,Peso líquido mensal total das exportações brasileiras.,False,,mensal,mensal
1998-05-31,Comex Stat/MDIC,comex_exportacoes_kg,comercio_exterior,19613169243,exportacao,metricKG,kg líquido,peso_liquido,Peso líquido mensal total das exportações brasileiras.,False,,mensal,mensal
1998-06-30,Comex Stat/MDIC,comex_exportacoes_kg,comercio_exterior,21403302448,exportacao,metricKG,kg líquido,peso_liquido,Peso líquido mensal total das exportações brasileiras.,False,,mensal,mensal
1998-07-31,Comex Stat/MDIC,comex_exportacoes_kg,comercio_exterior,22100405674,exportacao,metricKG,kg líquido,peso_liquido,Peso líquido mensal total das exportações brasileiras.,False,,mensal,mensal
1998-08-31,Comex Stat/MDIC,comex_exportacoes_kg,comercio_exterior,16702273102,exportacao,metricKG,kg líquido,peso_liquido,Peso líquido mensal total das exportações brasileiras.,False,,mensal,mensal
1998-09-30,Comex Stat/MDIC,comex_exportacoes_kg,comercio_exterior,20140644721,exportacao,metricKG,kg líquido,peso_liquido,Peso líquido mensal total das exportações brasileiras.,False,,mensal,mensal
1998-10-31,Comex Stat/MDIC,comex_exportacoes_kg,comercio_exterior,19196106216,exportacao,metricKG,kg líquido,peso_liquido,Peso líquido mensal total das exportações brasileiras.,False,,mensal,mensal
1998-11-30,Comex Stat/MDIC,comex_exportacoes_kg,comercio_exterior,14182269939,exportacao,metricKG,kg líquido,peso_liquido,Peso líquido mensal total das exportações brasileiras.,False,,mensal,mensal
1998-12-31,Comex Stat/MDIC,comex_exportacoes_kg,comercio_exterior,18480630167,exportacao,metricKG,kg líquido,peso_liquido,Peso líquido mensal total das exportações brasileiras.,False,,mensal,mensal
1999-01-31,Comex Stat/MDIC,comex_exportacoes_kg,comercio_exterior,13689004872,exportacao,metricKG,kg líquido,peso_liquido,Peso líquido mensal total das exportações brasileiras.,False,,mensal,mensal
1999-02-28,Comex Stat/MDIC,comex_exportacoes_kg,comercio_exterior,15905343412,exportacao,metricKG,kg líquido,peso_liquido,Peso líquido mensal total das exportações brasileiras.,False,,mensal,mensal
1999-03-31,Comex Stat/MDIC,comex_exportacoes_kg,comercio_exterior,16426007171,exportacao,metricKG,kg líquido,peso_liquido,Peso líquido mensal total das exportações brasileiras.,False,,mensal,mensal
1999-04-30,Comex Stat/MDIC,comex_exportacoes_kg,comercio_exterior,15334536868,exportacao,metricKG,kg líquido,peso_liquido,Peso líquido mensal total das exportações brasileiras.,False,,mensal,mensal
1999-05-31,Comex Stat/MDIC,comex_exportacoes_kg,comercio_exterior,25082494984,exportacao,metricKG,kg líquido,peso_liquido,Peso líquido mensal total das exportações brasileiras.,False,,mensal,mensal
1999-06-30,Comex Stat/MDIC,comex_exportacoes_kg,comercio_exterior,20314522643,exportacao,metricKG,kg líquido,peso_liquido,Peso líquido mensal total das exportações brasileiras.,False,,mensal,mensal
1999-07-31,Comex Stat/MDIC,comex_exportacoes_kg,comercio_exterior,22392910072,exportacao,metricKG,kg líquido,peso_liquido,Peso líquido mensal total das exportações brasileiras.,False,,mensal,mensal
1999-08-31,Comex Stat/MDIC,comex_exportacoes_kg,comercio_exterior,20092481195,exportacao,metricKG,kg líquido,peso_liquido,Peso líquido mensal total das exportações brasileiras.,False,,mensal,mensal
1999-09-30,Comex Stat/MDIC,comex_exportacoes_kg,comercio_exterior,20779073720,exportacao,metricKG,kg líquido,peso_liquido,Peso líquido mensal total das exportações brasileiras.,False,,mensal,mensal
1999-10-31,Comex Stat/MDIC,comex_exportacoes_kg,comercio_exterior,19161709019,exportacao,metricKG,kg líquido,peso_liquido,Peso líquido mensal total das exportações brasileiras.,False,,mensal,mensal
1999-11-30,Comex Stat/MDIC,comex_exportacoes_kg,comercio_exterior,18294301117,exportacao,metricKG,kg líquido,peso_liquido,Peso líquido mensal total das exportações brasileiras.,False,,mensal,mensal
1999-12-31,Comex Stat/MDIC,comex_exportacoes_kg,comercio_exterior,21071162310,exportacao,metricKG,kg líquido,peso_liquido,Peso líquido mensal total das exportações brasileiras.,False,,mensal,mensal
2000-01-31,Comex Stat/MDIC,comex_exportacoes_kg,comercio_exterior,19404428172,exportacao,metricKG,kg líquido,peso_liquido,Peso líquido mensal total das exportações brasileiras.,False,,mensal,mensal
2000-02-29,Comex Stat/MDIC,comex_exportacoes_kg,comercio_exterior,16179667934,exportacao,metricKG,kg líquido,peso_liquido,Peso líquido mensal total das exportações brasileiras.,False,,mensal,mensal
2000-03-31,Comex Stat/MDIC,comex_exportacoes_kg,comercio_exterior,20541303182,exportacao,metricKG,kg líquido,peso_liquido,Peso líquido mensal total das exportações brasileiras.,False,,mensal,mensal
2000-04-30,Comex Stat/MDIC,comex_exportacoes_kg,comercio_exterior,18033808143,exportacao,metricKG,kg líquido,peso_liquido,Peso líquido mensal total das exportações brasileiras.,False,,mensal,mensal
2000-05-31,Comex Stat/MDIC,comex_exportacoes_kg,comercio_exterior,23874946411,exportacao,metricKG,kg líquido,peso_liquido,Peso líquido mensal total das exportações brasileiras.,False,,mensal,mensal
2000-06-30,Comex Stat/MDIC,comex_exportacoes_kg,comercio_exterior,21197566320,exportacao,metricKG,kg líquido,peso_liquido,Peso líquido mensal total das exportações brasileiras.,False,,mensal,mensal
2000-07-31,Comex Stat/MDIC,comex_exportacoes_kg,comercio_exterior,22660894162,exportacao,metricKG,kg líquido,peso_liquido,Peso líquido mensal total das exportações brasileiras.,False,,mensal,mensal
2000-08-31,Comex Stat/MDIC,comex_exportacoes_kg,comercio_exterior,23834378510,exportacao,metricKG,kg líquido,peso_liquido,Peso líquido mensal total das exportações brasileiras.,False,,mensal,mensal
2000-09-30,Comex Stat/MDIC,comex_exportacoes_kg,comercio_exterior,20096075378,exportacao,metricKG,kg líquido,peso_liquido,Peso líquido mensal total das exportações brasileiras.,False,,mensal,mensal
2000-10-31,Comex Stat/MDIC,comex_exportacoes_kg,comercio_exterior,21888519226,exportacao,metricKG,kg líquido,peso_liquido,Peso líquido mensal total das exportações brasileiras.,False,,mensal,mensal
2000-11-30,Comex Stat/MDIC,comex_exportacoes_kg,comercio_exterior,18815228417,exportacao,metricKG,kg líquido,peso_liquido,Peso líquido mensal total das exportações brasileiras.,False,,mensal,mensal
2000-12-31,Comex Stat/MDIC,comex_exportacoes_kg,comercio_exterior,18010585422,exportacao,metricKG,kg líquido,peso_liquido,Peso líquido mensal total das exportações brasileiras.,False,,mensal,mensal
2001-01-31,Comex Stat/MDIC,comex_exportacoes_kg,comercio_exterior,24699710529,exportacao,metricKG,kg líquido,peso_liquido,Peso líquido mensal total das exportações brasileiras.,False,,mensal,mensal
2001-02-28,Comex Stat/MDIC,comex_exportacoes_kg,comercio_exterior,17296003758,exportacao,metricKG,kg líquido,peso_liquido,Peso líquido mensal total das exportações brasileiras.,False,,mensal,mensal
2001-03-31,Comex Stat/MDIC,comex_exportacoes_kg,comercio_exterior,22792748570,exportacao,metricKG,kg líquido,peso_liquido,Peso líquido mensal total das exportações brasileiras.,False,,mensal,mensal
2001-04-30,Comex Stat/MDIC,comex_exportacoes_kg,comercio_exterior,20374486826,exportacao,metricKG,kg líquido,peso_liquido,Peso líquido mensal total das exportações brasileiras.,False,,mensal,mensal
2001-05-31,Comex Stat/MDIC,comex_exportacoes_kg,comercio_exterior,25954684967,exportacao,metricKG,kg líquido,peso_liquido,Peso líquido mensal total das exportações brasileiras.,False,,mensal,mensal
2001-06-30,Comex Stat/MDIC,comex_exportacoes_kg,comercio_exterior,22360326730,exportacao,metricKG,kg líquido,peso_liquido,Peso líquido mensal total das exportações brasileiras.,False,,mensal,mensal
2001-07-31,Comex Stat/MDIC,comex_exportacoes_kg,comercio_exterior,26063068293,exportacao,metricKG,kg líquido,peso_liquido,Peso líquido mensal total das exportações brasileiras.,False,,mensal,mensal
2001-08-31,Comex Stat/MDIC,comex_exportacoes_kg,comercio_exterior,25048979031,exportacao,metricKG,kg líquido,peso_liquido,Peso líquido mensal total das exportações brasileiras.,False,,mensal,mensal
2001-09-30,Comex Stat/MDIC,comex_exportacoes_kg,comercio_exterior,21706023641,exportacao,metricKG,kg líquido,peso_liquido,Peso líquido mensal total das exportações brasileiras.,False,,mensal,mensal
2001-10-31,Comex Stat/MDIC,comex_exportacoes_kg,comercio_exterior,24965016779,exportacao,metricKG,kg líquido,peso_liquido,Peso líquido mensal total das exportações brasileiras.,False,,mensal,mensal
2001-11-30,Comex Stat/MDIC,comex_exportacoes_kg,comercio_exterior,21256216522,exportacao,metricKG,kg líquido,peso_liquido,Peso líquido mensal total das exportações brasileiras.,False,,mensal,mensal
2001-12-31,Comex Stat/MDIC,comex_exportacoes_kg,comercio_exterior,20028485239,exportacao,metricKG,kg líquido,peso_liquido,Peso líquido mensal total das exportações brasileiras.,False,,mensal,mensal
2002-01-31,Comex Stat/MDIC,comex_exportacoes_kg,comercio_exterior,20117057888,exportacao,metricKG,kg líquido,peso_liquido,Peso líquido mensal total das exportações brasileiras.,False,,mensal,mensal
2002-02-28,Comex Stat/MDIC,comex_exportacoes_kg,comercio_exterior,17555811086,exportacao,metricKG,kg líquido,peso_liquido,Peso líquido mensal total das exportações brasileiras.,False,,mensal,mensal
2002-03-31,Comex Stat/MDIC,comex_exportacoes_kg,comercio_exterior,21172364495,exportacao,metricKG,kg líquido,peso_liquido,Peso líquido mensal total das exportações brasileiras.,False,,mensal,mensal
2002-04-30,Comex Stat/MDIC,comex_exportacoes_kg,comercio_exterior,23760736231,exportacao,metricKG,kg líquido,peso_liquido,Peso líquido mensal total das exportações brasileiras.,False,,mensal,mensal
2002-05-31,Comex Stat/MDIC,comex_exportacoes_kg,comercio_exterior,18957685371,exportacao,metricKG,kg líquido,peso_liquido,Peso líquido mensal total das exportações brasileiras.,False,,mensal,mensal
2002-06-30,Comex Stat/MDIC,comex_exportacoes_kg,comercio_exterior,12077634646,exportacao,metricKG,kg líquido,peso_liquido,Peso líquido mensal total das exportações brasileiras.,False,,mensal,mensal
2002-07-31,Comex Stat/MDIC,comex_exportacoes_kg,comercio_exterior,37922237046,exportacao,metricKG,kg líquido,peso_liquido,Peso líquido mensal total das exportações brasileiras.,False,,mensal,mensal
2002-08-31,Comex Stat/MDIC,comex_exportacoes_kg,comercio_exterior,32644607346,exportacao,metricKG,kg líquido,peso_liquido,Peso líquido mensal total das exportações brasileiras.,False,,mensal,mensal
2002-09-30,Comex Stat/MDIC,comex_exportacoes_kg,comercio_exterior,35504918922,exportacao,metricKG,kg líquido,peso_liquido,Peso líquido mensal total das exportações brasileiras.,False,,mensal,mensal
2002-10-31,Comex Stat/MDIC,comex_exportacoes_kg,comercio_exterior,29427360365,exportacao,metricKG,kg líquido,peso_liquido,Peso líquido mensal total das exportações brasileiras.,False,,mensal,mensal
2002-11-30,Comex Stat/MDIC,comex_exportacoes_kg,comercio_exterior,23636505761,exportacao,metricKG,kg líquido,peso_liquido,Peso líquido mensal total das exportações brasileiras.,False,,mensal,mensal
2002-12-31,Comex Stat/MDIC,comex_exportacoes_kg,comercio_exterior,22684886776,exportacao,metricKG,kg líquido,peso_liquido,Peso líquido mensal total das exportações brasileiras.,False,,mensal,mensal
2003-01-31,Comex Stat/MDIC,comex_exportacoes_kg,comercio_exterior,25753257112,exportacao,metricKG,kg líquido,peso_liquido,Peso líquido mensal total das exportações brasileiras.,False,,mensal,mensal
2003-02-28,Comex Stat/MDIC,comex_exportacoes_kg,comercio_exterior,23725813135,exportacao,metricKG,kg líquido,peso_liquido,Peso líquido mensal total das exportações brasileiras.,False,,mensal,mensal
2003-03-31,Comex Stat/MDIC,comex_exportacoes_kg,comercio_exterior,24396846715,exportacao,metricKG,kg líquido,peso_liquido,Peso líquido mensal total das exportações brasileiras.,False,,mensal,mensal
2003-04-30,Comex Stat/MDIC,comex_exportacoes_kg,comercio_exterior,26849549426,exportacao,metricKG,kg líquido,peso_liquido,Peso líquido mensal total das exportações brasileiras.,False,,mensal,mensal
2003-05-31,Comex Stat/MDIC,comex_exportacoes_kg,comercio_exterior,29509431575,exportacao,metricKG,kg líquido,peso_liquido,Peso líquido mensal total das exportações brasileiras.,False,,mensal,mensal
2003-06-30,Comex Stat/MDIC,comex_exportacoes_kg,comercio_exterior,24110969854,exportacao,metricKG,kg líquido,peso_liquido,Peso líquido mensal total das exportações brasileiras.,False,,mensal,mensal
2003-07-31,Comex Stat/MDIC,comex_exportacoes_kg,comercio_exterior,24822203619,exportacao,metricKG,kg líquido,peso_liquido,Peso líquido mensal total das exportações brasileiras.,False,,mensal,mensal
2003-08-31,Comex Stat/MDIC,comex_exportacoes_kg,comercio_exterior,24937275195,exportacao,metricKG,kg líquido,peso_liquido,Peso líquido mensal total das exportações brasileiras.,False,,mensal,mensal
2003-09-30,Comex Stat/MDIC,comex_exportacoes_kg,comercio_exterior,33969525284,exportacao,metricKG,kg líquido,peso_liquido,Peso líquido mensal total das exportações brasileiras.,False,,mensal,mensal
2003-10-31,Comex Stat/MDIC,comex_exportacoes_kg,comercio_exterior,36430613918,exportacao,metricKG,kg líquido,peso_liquido,Peso líquido mensal total das exportações brasileiras.,False,,mensal,mensal
2003-11-30,Comex Stat/MDIC,comex_exportacoes_kg,comercio_exterior,24284429018,exportacao,metricKG,kg líquido,peso_liquido,Peso líquido mensal total das exportações brasileiras.,False,,mensal,mensal
2003-12-31,Comex Stat/MDIC,comex_exportacoes_kg,comercio_exterior,22211387782,exportacao,metricKG,kg líquido,peso_liquido,Peso líquido mensal total das exportações brasileiras.,False,,mensal,mensal
2004-01-31,Comex Stat/MDIC,comex_exportacoes_kg,comercio_exterior,32674627063,exportacao,metricKG,kg líquido,peso_liquido,Peso líquido mensal total das exportações brasileiras.,False,,mensal,mensal
2004-02-29,Comex Stat/MDIC,comex_exportacoes_kg,comercio_exterior,24745574522,exportacao,metricKG,kg líquido,peso_liquido,Peso líquido mensal total das exportações brasileiras.,False,,mensal,mensal
2004-03-31,Comex Stat/MDIC,comex_exportacoes_kg,comercio_exterior,36904341870,exportacao,metricKG,kg líquido,peso_liquido,Peso líquido mensal total das exportações brasileiras.,False,,mensal,mensal
2004-04-30,Comex Stat/MDIC,comex_exportacoes_kg,comercio_exterior,19810871848,exportacao,metricKG,kg líquido,peso_liquido,Peso líquido mensal total das exportações brasileiras.,False,,mensal,mensal
2004-05-31,Comex Stat/MDIC,comex_exportacoes_kg,comercio_exterior,25693774565,exportacao,metricKG,kg líquido,peso_liquido,Peso líquido mensal total das exportações brasileiras.,False,,mensal,mensal
2004-06-30,Comex Stat/MDIC,comex_exportacoes_kg,comercio_exterior,34234289224,exportacao,metricKG,kg líquido,peso_liquido,Peso líquido mensal total das exportações brasileiras.,False,,mensal,mensal
2004-07-31,Comex Stat/MDIC,comex_exportacoes_kg,comercio_exterior,37228563297,exportacao,metricKG,kg líquido,peso_liquido,Peso líquido mensal total das exportações brasileiras.,False,,mensal,mensal
2004-08-31,Comex Stat/MDIC,comex_exportacoes_kg,comercio_exterior,38299916409,exportacao,metricKG,kg líquido,peso_liquido,Peso líquido mensal total das exportações brasileiras.,False,,mensal,mensal
2004-09-30,Comex Stat/MDIC,comex_exportacoes_kg,comercio_exterior,33797142566,exportacao,metricKG,kg líquido,peso_liquido,Peso líquido mensal total das exportações brasileiras.,False,,mensal,mensal
2004-10-31,Comex Stat/MDIC,comex_exportacoes_kg,comercio_exterior,29896045149,exportacao,metricKG,kg líquido,peso_liquido,Peso líquido mensal total das exportações brasileiras.,False,,mensal,mensal
2004-11-30,Comex Stat/MDIC,comex_exportacoes_kg,comercio_exterior,32211023743,exportacao,metricKG,kg líquido,peso_liquido,Peso líquido mensal total das exportações brasileiras.,False,,mensal,mensal
2004-12-31,Comex Stat/MDIC,comex_exportacoes_kg,comercio_exterior,30140354246,exportacao,metricKG,kg líquido,peso_liquido,Peso líquido mensal total das exportações brasileiras.,False,,mensal,mensal
2005-01-31,Comex Stat/MDIC,comex_exportacoes_kg,comercio_exterior,27022616899,exportacao,metricKG,kg líquido,peso_liquido,Peso líquido mensal total das exportações brasileiras.,False,,mensal,mensal
2005-02-28,Comex Stat/MDIC,comex_exportacoes_kg,comercio_exterior,29348130923,exportacao,metricKG,kg líquido,peso_liquido,Peso líquido mensal total das exportações brasileiras.,False,,mensal,mensal
2005-03-31,Comex Stat/MDIC,comex_exportacoes_kg,comercio_exterior,31668610823,exportacao,metricKG,kg líquido,peso_liquido,Peso líquido mensal total das exportações brasileiras.,False,,mensal,mensal
2005-04-30,Comex Stat/MDIC,comex_exportacoes_kg,comercio_exterior,33014800785,exportacao,metricKG,kg líquido,peso_liquido,Peso líquido mensal total das exportações brasileiras.,False,,mensal,mensal
2005-05-31,Comex Stat/MDIC,comex_exportacoes_kg,comercio_exterior,31430942822,exportacao,metricKG,kg líquido,peso_liquido,Peso líquido mensal total das exportações brasileiras.,False,,mensal,mensal
2005-06-30,Comex Stat/MDIC,comex_exportacoes_kg,comercio_exterior,33024160404,exportacao,metricKG,kg líquido,peso_liquido,Peso líquido mensal total das exportações brasileiras.,False,,mensal,mensal
2005-07-31,Comex Stat/MDIC,comex_exportacoes_kg,comercio_exterior,36805752491,exportacao,metricKG,kg líquido,peso_liquido,Peso líquido mensal total das exportações brasileiras.,False,,mensal,mensal
2005-08-31,Comex Stat/MDIC,comex_exportacoes_kg,comercio_exterior,37736460907,exportacao,metricKG,kg líquido,peso_liquido,Peso líquido mensal total das exportações brasileiras.,False,,mensal,mensal
2005-09-30,Comex Stat/MDIC,comex_exportacoes_kg,comercio_exterior,33150633426,exportacao,metricKG,kg líquido,peso_liquido,Peso líquido mensal total das exportações brasileiras.,False,,mensal,mensal
2005-10-31,Comex Stat/MDIC,comex_exportacoes_kg,comercio_exterior,32189171089,exportacao,metricKG,kg líquido,peso_liquido,Peso líquido mensal total das exportações brasileiras.,False,,mensal,mensal
2005-11-30,Comex Stat/MDIC,comex_exportacoes_kg,comercio_exterior,36086552879,exportacao,metricKG,kg líquido,peso_liquido,Peso líquido mensal total das exportações brasileiras.,False,,mensal,mensal
2005-12-31,Comex Stat/MDIC,comex_exportacoes_kg,comercio_exterior,35346555707,exportacao,metricKG,kg líquido,peso_liquido,Peso líquido mensal total das exportações brasileiras.,False,,mensal,mensal
2006-01-31,Comex Stat/MDIC,comex_exportacoes_kg,comercio_exterior,31165615942,exportacao,metricKG,kg líquido,peso_liquido,Peso líquido mensal total das exportações brasileiras.,False,,mensal,mensal
2006-02-28,Comex Stat/MDIC,comex_exportacoes_kg,comercio_exterior,27939238005,exportacao,metricKG,kg líquido,peso_liquido,Peso líquido mensal total das exportações brasileiras.,False,,mensal,mensal
2006-03-31,Comex Stat/MDIC,comex_exportacoes_kg,comercio_exterior,38764389997,exportacao,metricKG,kg líquido,peso_liquido,Peso líquido mensal total das exportações brasileiras.,False,,mensal,mensal
2006-04-30,Comex Stat/MDIC,comex_exportacoes_kg,comercio_exterior,29339238168,exportacao,metricKG,kg líquido,peso_liquido,Peso líquido mensal total das exportações brasileiras.,False,,mensal,mensal
2006-05-31,Comex Stat/MDIC,comex_exportacoes_kg,comercio_exterior,26398793620,exportacao,metricKG,kg líquido,peso_liquido,Peso líquido mensal total das exportações brasileiras.,False,,mensal,mensal
2006-06-30,Comex Stat/MDIC,comex_exportacoes_kg,comercio_exterior,35404059085,exportacao,metricKG,kg líquido,peso_liquido,Peso líquido mensal total das exportações brasileiras.,False,,mensal,mensal
2006-07-31,Comex Stat/MDIC,comex_exportacoes_kg,comercio_exterior,50684398153,exportacao,metricKG,kg líquido,peso_liquido,Peso líquido mensal total das exportações brasileiras.,False,,mensal,mensal
2006-08-31,Comex Stat/MDIC,comex_exportacoes_kg,comercio_exterior,40186349605,exportacao,metricKG,kg líquido,peso_liquido,Peso líquido mensal total das exportações brasileiras.,False,,mensal,mensal
2006-09-30,Comex Stat/MDIC,comex_exportacoes_kg,comercio_exterior,36874081496,exportacao,metricKG,kg líquido,peso_liquido,Peso líquido mensal total das exportações brasileiras.,False,,mensal,mensal
2006-10-31,Comex Stat/MDIC,comex_exportacoes_kg,comercio_exterior,38908613719,exportacao,metricKG,kg líquido,peso_liquido,Peso líquido mensal total das exportações brasileiras.,False,,mensal,mensal
2006-11-30,Comex Stat/MDIC,comex_exportacoes_kg,comercio_exterior,35414847895,exportacao,metricKG,kg líquido,peso_liquido,Peso líquido mensal total das exportações brasileiras.,False,,mensal,mensal
2006-12-31,Comex Stat/MDIC,comex_exportacoes_kg,comercio_exterior,33178340131,exportacao,metricKG,kg líquido,peso_liquido,Peso líquido mensal total das exportações brasileiras.,False,,mensal,mensal
2007-01-31,Comex Stat/MDIC,comex_exportacoes_kg,comercio_exterior,35999952261,exportacao,metricKG,kg líquido,peso_liquido,Peso líquido mensal total das exportações brasileiras.,False,,mensal,mensal
2007-02-28,Comex Stat/MDIC,comex_exportacoes_kg,comercio_exterior,31185073071,exportacao,metricKG,kg líquido,peso_liquido,Peso líquido mensal total das exportações brasileiras.,False,,mensal,mensal
2007-03-31,Comex Stat/MDIC,comex_exportacoes_kg,comercio_exterior,36012513066,exportacao,metricKG,kg líquido,peso_liquido,Peso líquido mensal total das exportações brasileiras.,False,,mensal,mensal
2007-04-30,Comex Stat/MDIC,comex_exportacoes_kg,comercio_exterior,36655126495,exportacao,metricKG,kg líquido,peso_liquido,Peso líquido mensal total das exportações brasileiras.,False,,mensal,mensal
2007-05-31,Comex Stat/MDIC,comex_exportacoes_kg,comercio_exterior,39519782056,exportacao,metricKG,kg líquido,peso_liquido,Peso líquido mensal total das exportações brasileiras.,False,,mensal,mensal
2007-06-30,Comex Stat/MDIC,comex_exportacoes_kg,comercio_exterior,35562289890,exportacao,metricKG,kg líquido,peso_liquido,Peso líquido mensal total das exportações brasileiras.,False,,mensal,mensal
2007-07-31,Comex Stat/MDIC,comex_exportacoes_kg,comercio_exterior,45462526224,exportacao,metricKG,kg líquido,peso_liquido,Peso líquido mensal total das exportações brasileiras.,False,,mensal,mensal
2007-08-31,Comex Stat/MDIC,comex_exportacoes_kg,comercio_exterior,43842093134,exportacao,metricKG,kg líquido,peso_liquido,Peso líquido mensal total das exportações brasileiras.,False,,mensal,mensal
2007-09-30,Comex Stat/MDIC,comex_exportacoes_kg,comercio_exterior,39055445658,exportacao,metricKG,kg líquido,peso_liquido,Peso líquido mensal total das exportações brasileiras.,False,,mensal,mensal
2007-10-31,Comex Stat/MDIC,comex_exportacoes_kg,comercio_exterior,44013184630,exportacao,metricKG,kg líquido,peso_liquido,Peso líquido mensal total das exportações brasileiras.,False,,mensal,mensal
2007-11-30,Comex Stat/MDIC,comex_exportacoes_kg,comercio_exterior,36956973534,exportacao,metricKG,kg líquido,peso_liquido,Peso líquido mensal total das exportações brasileiras.,False,,mensal,mensal
2007-12-31,Comex Stat/MDIC,comex_exportacoes_kg,comercio_exterior,37200503699,exportacao,metricKG,kg líquido,peso_liquido,Peso líquido mensal total das exportações brasileiras.,False,,mensal,mensal
2008-01-31,Comex Stat/MDIC,comex_exportacoes_kg,comercio_exterior,37399552147,exportacao,metricKG,kg líquido,peso_liquido,Peso líquido mensal total das exportações brasileiras.,False,,mensal,mensal
2008-02-29,Comex Stat/MDIC,comex_exportacoes_kg,comercio_exterior,35084180600,exportacao,metricKG,kg líquido,peso_liquido,Peso líquido mensal total das exportações brasileiras.,False,,mensal,mensal
2008-03-31,Comex Stat/MDIC,comex_exportacoes_kg,comercio_exterior,25764221373,exportacao,metricKG,kg líquido,peso_liquido,Peso líquido mensal total das exportações brasileiras.,False,,mensal,mensal
2008-04-30,Comex Stat/MDIC,comex_exportacoes_kg,comercio_exterior,31854301075,exportacao,metricKG,kg líquido,peso_liquido,Peso líquido mensal total das exportações brasileiras.,False,,mensal,mensal
2008-05-31,Comex Stat/MDIC,comex_exportacoes_kg,comercio_exterior,55880706893,exportacao,metricKG,kg líquido,peso_liquido,Peso líquido mensal total das exportações brasileiras.,False,,mensal,mensal
2008-06-30,Comex Stat/MDIC,comex_exportacoes_kg,comercio_exterior,43442668263,exportacao,metricKG,kg líquido,peso_liquido,Peso líquido mensal total das exportações brasileiras.,False,,mensal,mensal
2008-07-31,Comex Stat/MDIC,comex_exportacoes_kg,comercio_exterior,46856654901,exportacao,metricKG,kg líquido,peso_liquido,Peso líquido mensal total das exportações brasileiras.,False,,mensal,mensal
2008-08-31,Comex Stat/MDIC,comex_exportacoes_kg,comercio_exterior,43181686404,exportacao,metricKG,kg líquido,peso_liquido,Peso líquido mensal total das exportações brasileiras.,False,,mensal,mensal
2008-09-30,Comex Stat/MDIC,comex_exportacoes_kg,comercio_exterior,44543839278,exportacao,metricKG,kg líquido,peso_liquido,Peso líquido mensal total das exportações brasileiras.,False,,mensal,mensal
2008-10-31,Comex Stat/MDIC,comex_exportacoes_kg,comercio_exterior,42426481855,exportacao,metricKG,kg líquido,peso_liquido,Peso líquido mensal total das exportações brasileiras.,False,,mensal,mensal
2008-11-30,Comex Stat/MDIC,comex_exportacoes_kg,comercio_exterior,32380104400,exportacao,metricKG,kg líquido,peso_liquido,Peso líquido mensal total das exportações brasileiras.,False,,mensal,mensal
2008-12-31,Comex Stat/MDIC,comex_exportacoes_kg,comercio_exterior,29947014118,exportacao,metricKG,kg líquido,peso_liquido,Peso líquido mensal total das exportações brasileiras.,False,,mensal,mensal
2009-01-31,Comex Stat/MDIC,comex_exportacoes_kg,comercio_exterior,29810957217,exportacao,metricKG,kg líquido,peso_liquido,Peso líquido mensal total das exportações brasileiras.,False,,mensal,mensal
2009-02-28,Comex Stat/MDIC,comex_exportacoes_kg,comercio_exterior,29760432662,exportacao,metricKG,kg líquido,peso_liquido,Peso líquido mensal total das exportações brasileiras.,False,,mensal,mensal
2009-03-31,Comex Stat/MDIC,comex_exportacoes_kg,comercio_exterior,36195644527,exportacao,metricKG,kg líquido,peso_liquido,Peso líquido mensal total das exportações brasileiras.,False,,mensal,mensal
2009-04-30,Comex Stat/MDIC,comex_exportacoes_kg,comercio_exterior,40275827978,exportacao,metricKG,kg líquido,peso_liquido,Peso líquido mensal total das exportações brasileiras.,False,,mensal,mensal
2009-05-31,Comex Stat/MDIC,comex_exportacoes_kg,comercio_exterior,33084840333,exportacao,metricKG,kg líquido,peso_liquido,Peso líquido mensal total das exportações brasileiras.,False,,mensal,mensal
2009-06-30,Comex Stat/MDIC,comex_exportacoes_kg,comercio_exterior,40949199738,exportacao,metricKG,kg líquido,peso_liquido,Peso líquido mensal total das exportações brasileiras.,False,,mensal,mensal
2009-07-31,Comex Stat/MDIC,comex_exportacoes_kg,comercio_exterior,44190268171,exportacao,metricKG,kg líquido,peso_liquido,Peso líquido mensal total das exportações brasileiras.,False,,mensal,mensal
2009-08-31,Comex Stat/MDIC,comex_exportacoes_kg,comercio_exterior,41310898955,exportacao,metricKG,kg líquido,peso_liquido,Peso líquido mensal total das exportações brasileiras.,False,,mensal,mensal
2009-09-30,Comex Stat/MDIC,comex_exportacoes_kg,comercio_exterior,44316922173,exportacao,metricKG,kg líquido,peso_liquido,Peso líquido mensal total das exportações brasileiras.,False,,mensal,mensal
2009-10-31,Comex Stat/MDIC,comex_exportacoes_kg,comercio_exterior,41652255462,exportacao,metricKG,kg líquido,peso_liquido,Peso líquido mensal total das exportações brasileiras.,False,,mensal,mensal
2009-11-30,Comex Stat/MDIC,comex_exportacoes_kg,comercio_exterior,35658351616,exportacao,metricKG,kg líquido,peso_liquido,Peso líquido mensal total das exportações brasileiras.,False,,mensal,mensal
2009-12-31,Comex Stat/MDIC,comex_exportacoes_kg,comercio_exterior,38049968582,exportacao,metricKG,kg líquido,peso_liquido,Peso líquido mensal total das exportações brasileiras.,False,,mensal,mensal
2010-01-31,Comex Stat/MDIC,comex_exportacoes_kg,comercio_exterior,33586952229,exportacao,metricKG,kg líquido,peso_liquido,Peso líquido mensal total das exportações brasileiras.,False,,mensal,mensal
2010-02-28,Comex Stat/MDIC,comex_exportacoes_kg,comercio_exterior,36147808081,exportacao,metricKG,kg líquido,peso_liquido,Peso líquido mensal total das exportações brasileiras.,False,,mensal,mensal
2010-03-31,Comex Stat/MDIC,comex_exportacoes_kg,comercio_exterior,44865333748,exportacao,metricKG,kg líquido,peso_liquido,Peso líquido mensal total das exportações brasileiras.,False,,mensal,mensal
2010-04-30,Comex Stat/MDIC,comex_exportacoes_kg,comercio_exterior,38868276977,exportacao,metricKG,kg líquido,peso_liquido,Peso líquido mensal total das exportações brasileiras.,False,,mensal,mensal
2010-05-31,Comex Stat/MDIC,comex_exportacoes_kg,comercio_exterior,43893441575,exportacao,metricKG,kg líquido,peso_liquido,Peso líquido mensal total das exportações brasileiras.,False,,mensal,mensal
2010-06-30,Comex Stat/MDIC,comex_exportacoes_kg,comercio_exterior,42612938557,exportacao,metricKG,kg líquido,peso_liquido,Peso líquido mensal total das exportações brasileiras.,False,,mensal,mensal
2010-07-31,Comex Stat/MDIC,comex_exportacoes_kg,comercio_exterior,43805947991,exportacao,metricKG,kg líquido,peso_liquido,Peso líquido mensal total das exportações brasileiras.,False,,mensal,mensal
2010-08-31,Comex Stat/MDIC,comex_exportacoes_kg,comercio_exterior,49546393342,exportacao,metricKG,kg líquido,peso_liquido,Peso líquido mensal total das exportações brasileiras.,False,,mensal,mensal
2010-09-30,Comex Stat/MDIC,comex_exportacoes_kg,comercio_exterior,46765986700,exportacao,metricKG,kg líquido,peso_liquido,Peso líquido mensal total das exportações brasileiras.,False,,mensal,mensal
2010-10-31,Comex Stat/MDIC,comex_exportacoes_kg,comercio_exterior,47290568374,exportacao,metricKG,kg líquido,peso_liquido,Peso líquido mensal total das exportações brasileiras.,False,,mensal,mensal
2010-11-30,Comex Stat/MDIC,comex_exportacoes_kg,comercio_exterior,41355777886,exportacao,metricKG,kg líquido,peso_liquido,Peso líquido mensal total das exportações brasileiras.,False,,mensal,mensal
2010-12-31,Comex Stat/MDIC,comex_exportacoes_kg,comercio_exterior,51002002450,exportacao,metricKG,kg líquido,peso_liquido,Peso líquido mensal total das exportações brasileiras.,False,,mensal,mensal
2011-01-31,Comex Stat/MDIC,comex_exportacoes_kg,comercio_exterior,36499173423,exportacao,metricKG,kg líquido,peso_liquido,Peso líquido mensal total das exportações brasileiras.,False,,mensal,mensal
2011-02-28,Comex Stat/MDIC,comex_exportacoes_kg,comercio_exterior,37284079921,exportacao,metricKG,kg líquido,peso_liquido,Peso líquido mensal total das exportações brasileiras.,False,,mensal,mensal
2011-03-31,Comex Stat/MDIC,comex_exportacoes_kg,comercio_exterior,41478621880,exportacao,metricKG,kg líquido,peso_liquido,Peso líquido mensal total das exportações brasileiras.,False,,mensal,mensal
2011-04-30,Comex Stat/MDIC,comex_exportacoes_kg,comercio_exterior,42172305592,exportacao,metricKG,kg líquido,peso_liquido,Peso líquido mensal total das exportações brasileiras.,False,,mensal,mensal
2011-05-31,Comex Stat/MDIC,comex_exportacoes_kg,comercio_exterior,46983574819,exportacao,metricKG,kg líquido,peso_liquido,Peso líquido mensal total das exportações brasileiras.,False,,mensal,mensal
2011-06-30,Comex Stat/MDIC,comex_exportacoes_kg,comercio_exterior,45014744535,exportacao,metricKG,kg líquido,peso_liquido,Peso líquido mensal total das exportações brasileiras.,False,,mensal,mensal
2011-07-31,Comex Stat/MDIC,comex_exportacoes_kg,comercio_exterior,46699082655,exportacao,metricKG,kg líquido,peso_liquido,Peso líquido mensal total das exportações brasileiras.,False,,mensal,mensal
2011-08-31,Comex Stat/MDIC,comex_exportacoes_kg,comercio_exterior,54733524253,exportacao,metricKG,kg líquido,peso_liquido,Peso líquido mensal total das exportações brasileiras.,False,,mensal,mensal
2011-09-30,Comex Stat/MDIC,comex_exportacoes_kg,comercio_exterior,48962582075,exportacao,metricKG,kg líquido,peso_liquido,Peso líquido mensal total das exportações brasileiras.,False,,mensal,mensal
2011-10-31,Comex Stat/MDIC,comex_exportacoes_kg,comercio_exterior,44583016714,exportacao,metricKG,kg líquido,peso_liquido,Peso líquido mensal total das exportações brasileiras.,False,,mensal,mensal
2011-11-30,Comex Stat/MDIC,comex_exportacoes_kg,comercio_exterior,48554721021,exportacao,metricKG,kg líquido,peso_liquido,Peso líquido mensal total das exportações brasileiras.,False,,mensal,mensal
2011-12-31,Comex Stat/MDIC,comex_exportacoes_kg,comercio_exterior,51120224827,exportacao,metricKG,kg líquido,peso_liquido,Peso líquido mensal total das exportações brasileiras.,False,,mensal,mensal
2012-01-31,Comex Stat/MDIC,comex_exportacoes_kg,comercio_exterior,31976027958,exportacao,metricKG,kg líquido,peso_liquido,Peso líquido mensal total das exportações brasileiras.,False,,mensal,mensal
2012-02-29,Comex Stat/MDIC,comex_exportacoes_kg,comercio_exterior,37622692112,exportacao,metricKG,kg líquido,peso_liquido,Peso líquido mensal total das exportações brasileiras.,False,,mensal,mensal
2012-03-31,Comex Stat/MDIC,comex_exportacoes_kg,comercio_exterior,45559354634,exportacao,metricKG,kg líquido,peso_liquido,Peso líquido mensal total das exportações brasileiras.,False,,mensal,mensal
2012-04-30,Comex Stat/MDIC,comex_exportacoes_kg,comercio_exterior,42870616532,exportacao,metricKG,kg líquido,peso_liquido,Peso líquido mensal total das exportações brasileiras.,False,,mensal,mensal
2012-05-31,Comex Stat/MDIC,comex_exportacoes_kg,comercio_exterior,48581698960,exportacao,metricKG,kg líquido,peso_liquido,Peso líquido mensal total das exportações brasileiras.,False,,mensal,mensal
2012-06-30,Comex Stat/MDIC,comex_exportacoes_kg,comercio_exterior,43019464688,exportacao,metricKG,kg líquido,peso_liquido,Peso líquido mensal total das exportações brasileiras.,False,,mensal,mensal
2012-07-31,Comex Stat/MDIC,comex_exportacoes_kg,comercio_exterior,47187454614,exportacao,metricKG,kg líquido,peso_liquido,Peso líquido mensal total das exportações brasileiras.,False,,mensal,mensal
2012-08-31,Comex Stat/MDIC,comex_exportacoes_kg,comercio_exterior,48601508368,exportacao,metricKG,kg líquido,peso_liquido,Peso líquido mensal total das exportações brasileiras.,False,,mensal,mensal
2012-09-30,Comex Stat/MDIC,comex_exportacoes_kg,comercio_exterior,46270514820,exportacao,metricKG,kg líquido,peso_liquido,Peso líquido mensal total das exportações brasileiras.,False,,mensal,mensal
2012-10-31,Comex Stat/MDIC,comex_exportacoes_kg,comercio_exterior,52962583072,exportacao,metricKG,kg líquido,peso_liquido,Peso líquido mensal total das exportações brasileiras.,False,,mensal,mensal
2012-11-30,Comex Stat/MDIC,comex_exportacoes_kg,comercio_exterior,50945721080,exportacao,metricKG,kg líquido,peso_liquido,Peso líquido mensal total das exportações brasileiras.,False,,mensal,mensal
2012-12-31,Comex Stat/MDIC,comex_exportacoes_kg,comercio_exterior,50334702404,exportacao,metricKG,kg líquido,peso_liquido,Peso líquido mensal total das exportações brasileiras.,False,,mensal,mensal
2013-01-31,Comex Stat/MDIC,comex_exportacoes_kg,comercio_exterior,39742221890,exportacao,metricKG,kg líquido,peso_liquido,Peso líquido mensal total das exportações brasileiras.,False,,mensal,mensal
2013-02-28,Comex Stat/MDIC,comex_exportacoes_kg,comercio_exterior,35655842473,exportacao,metricKG,kg líquido,peso_liquido,Peso líquido mensal total das exportações brasileiras.,False,,mensal,mensal
2013-03-31,Comex Stat/MDIC,comex_exportacoes_kg,comercio_exterior,39893298406,exportacao,metricKG,kg líquido,peso_liquido,Peso líquido mensal total das exportações brasileiras.,False,,mensal,mensal
2013-04-30,Comex Stat/MDIC,comex_exportacoes_kg,comercio_exterior,43368619498,exportacao,metricKG,kg líquido,peso_liquido,Peso líquido mensal total das exportações brasileiras.,False,,mensal,mensal
2013-05-31,Comex Stat/MDIC,comex_exportacoes_kg,comercio_exterior,48502753660,exportacao,metricKG,kg líquido,peso_liquido,Peso líquido mensal total das exportações brasileiras.,False,,mensal,mensal
2013-06-30,Comex Stat/MDIC,comex_exportacoes_kg,comercio_exterior,45130186030,exportacao,metricKG,kg líquido,peso_liquido,Peso líquido mensal total das exportações brasileiras.,False,,mensal,mensal
2013-07-31,Comex Stat/MDIC,comex_exportacoes_kg,comercio_exterior,49470948858,exportacao,metricKG,kg líquido,peso_liquido,Peso líquido mensal total das exportações brasileiras.,False,,mensal,mensal
2013-08-31,Comex Stat/MDIC,comex_exportacoes_kg,comercio_exterior,53940880179,exportacao,metricKG,kg líquido,peso_liquido,Peso líquido mensal total das exportações brasileiras.,False,,mensal,mensal
2013-09-30,Comex Stat/MDIC,comex_exportacoes_kg,comercio_exterior,50723533816,exportacao,metricKG,kg líquido,peso_liquido,Peso líquido mensal total das exportações brasileiras.,False,,mensal,mensal
2013-10-31,Comex Stat/MDIC,comex_exportacoes_kg,comercio_exterior,52862414090,exportacao,metricKG,kg líquido,peso_liquido,Peso líquido mensal total das exportações brasileiras.,False,,mensal,mensal
2013-11-30,Comex Stat/MDIC,comex_exportacoes_kg,comercio_exterior,49347177442,exportacao,metricKG,kg líquido,peso_liquido,Peso líquido mensal total das exportações brasileiras.,False,,mensal,mensal
2013-12-31,Comex Stat/MDIC,comex_exportacoes_kg,comercio_exterior,49314494441,exportacao,metricKG,kg líquido,peso_liquido,Peso líquido mensal total das exportações brasileiras.,False,,mensal,mensal
2014-01-31,Comex Stat/MDIC,comex_exportacoes_kg,comercio_exterior,40550951913,exportacao,metricKG,kg líquido,peso_liquido,Peso líquido mensal total das exportações brasileiras.,False,,mensal,mensal
2014-02-28,Comex Stat/MDIC,comex_exportacoes_kg,comercio_exterior,37568298342,exportacao,metricKG,kg líquido,peso_liquido,Peso líquido mensal total das exportações brasileiras.,False,,mensal,mensal
2014-03-31,Comex Stat/MDIC,comex_exportacoes_kg,comercio_exterior,42242410602,exportacao,metricKG,kg líquido,peso_liquido,Peso líquido mensal total das exportações brasileiras.,False,,mensal,mensal
2014-04-30,Comex Stat/MDIC,comex_exportacoes_kg,comercio_exterior,45791735071,exportacao,metricKG,kg líquido,peso_liquido,Peso líquido mensal total das exportações brasileiras.,False,,mensal,mensal
2014-05-31,Comex Stat/MDIC,comex_exportacoes_kg,comercio_exterior,51636934945,exportacao,metricKG,kg líquido,peso_liquido,Peso líquido mensal total das exportações brasileiras.,False,,mensal,mensal
2014-06-30,Comex Stat/MDIC,comex_exportacoes_kg,comercio_exterior,50689083807,exportacao,metricKG,kg líquido,peso_liquido,Peso líquido mensal total das exportações brasileiras.,False,,mensal,mensal
2014-07-31,Comex Stat/MDIC,comex_exportacoes_kg,comercio_exterior,54517371122,exportacao,metricKG,kg líquido,peso_liquido,Peso líquido mensal total das exportações brasileiras.,False,,mensal,mensal
2014-08-31,Comex Stat/MDIC,comex_exportacoes_kg,comercio_exterior,49455120196,exportacao,metricKG,kg líquido,peso_liquido,Peso líquido mensal total das exportações brasileiras.,False,,mensal,mensal
2014-09-30,Comex Stat/MDIC,comex_exportacoes_kg,comercio_exterior,53234442514,exportacao,metricKG,kg líquido,peso_liquido,Peso líquido mensal total das exportações brasileiras.,False,,mensal,mensal
2014-10-31,Comex Stat/MDIC,comex_exportacoes_kg,comercio_exterior,51208869817,exportacao,metricKG,kg líquido,peso_liquido,Peso líquido mensal total das exportações brasileiras.,False,,mensal,mensal
2014-11-30,Comex Stat/MDIC,comex_exportacoes_kg,comercio_exterior,42559211484,exportacao,metricKG,kg líquido,peso_liquido,Peso líquido mensal total das exportações brasileiras.,False,,mensal,mensal
2014-12-31,Comex Stat/MDIC,comex_exportacoes_kg,comercio_exterior,56941204399,exportacao,metricKG,kg líquido,peso_liquido,Peso líquido mensal total das exportações brasileiras.,False,,mensal,mensal
2015-01-31,Comex Stat/MDIC,comex_exportacoes_kg,comercio_exterior,42143540870,exportacao,metricKG,kg líquido,peso_liquido,Peso líquido mensal total das exportações brasileiras.,False,,mensal,mensal
2015-02-28,Comex Stat/MDIC,comex_exportacoes_kg,comercio_exterior,39022513728,exportacao,metricKG,kg líquido,peso_liquido,Peso líquido mensal total das exportações brasileiras.,False,,mensal,mensal
2015-03-31,Comex Stat/MDIC,comex_exportacoes_kg,comercio_exterior,52096165841,exportacao,metricKG,kg líquido,peso_liquido,Peso líquido mensal total das exportações brasileiras.,False,,mensal,mensal
2015-04-30,Comex Stat/MDIC,comex_exportacoes_kg,comercio_exterior,48806078612,exportacao,metricKG,kg líquido,peso_liquido,Peso líquido mensal total das exportações brasileiras.,False,,mensal,mensal
2015-05-31,Comex Stat/MDIC,comex_exportacoes_kg,comercio_exterior,52436053239,exportacao,metricKG,kg líquido,peso_liquido,Peso líquido mensal total das exportações brasileiras.,False,,mensal,mensal
2015-06-30,Comex Stat/MDIC,comex_exportacoes_kg,comercio_exterior,59123132953,exportacao,metricKG,kg líquido,peso_liquido,Peso líquido mensal total das exportações brasileiras.,False,,mensal,mensal
2015-07-31,Comex Stat/MDIC,comex_exportacoes_kg,comercio_exterior,61334541816,exportacao,metricKG,kg líquido,peso_liquido,Peso líquido mensal total das exportações brasileiras.,False,,mensal,mensal
2015-08-31,Comex Stat/MDIC,comex_exportacoes_kg,comercio_exterior,50251906150,exportacao,metricKG,kg líquido,peso_liquido,Peso líquido mensal total das exportações brasileiras.,False,,mensal,mensal
2015-09-30,Comex Stat/MDIC,comex_exportacoes_kg,comercio_exterior,58646407173,exportacao,metricKG,kg líquido,peso_liquido,Peso líquido mensal total das exportações brasileiras.,False,,mensal,mensal
2015-10-31,Comex Stat/MDIC,comex_exportacoes_kg,comercio_exterior,58479730576,exportacao,metricKG,kg líquido,peso_liquido,Peso líquido mensal total das exportações brasileiras.,False,,mensal,mensal
2015-11-30,Comex Stat/MDIC,comex_exportacoes_kg,comercio_exterior,49031011908,exportacao,metricKG,kg líquido,peso_liquido,Peso líquido mensal total das exportações brasileiras.,False,,mensal,mensal
2015-12-31,Comex Stat/MDIC,comex_exportacoes_kg,comercio_exterior,64658255326,exportacao,metricKG,kg líquido,peso_liquido,Peso líquido mensal total das exportações brasileiras.,False,,mensal,mensal
2016-01-31,Comex Stat/MDIC,comex_exportacoes_kg,comercio_exterior,45144921379,exportacao,metricKG,kg líquido,peso_liquido,Peso líquido mensal total das exportações brasileiras.,False,,mensal,mensal
2016-02-29,Comex Stat/MDIC,comex_exportacoes_kg,comercio_exterior,53061438312,exportacao,metricKG,kg líquido,peso_liquido,Peso líquido mensal total das exportações brasileiras.,False,,mensal,mensal
2016-03-31,Comex Stat/MDIC,comex_exportacoes_kg,comercio_exterior,57435864660,exportacao,metricKG,kg líquido,peso_liquido,Peso líquido mensal total das exportações brasileiras.,False,,mensal,mensal
2016-04-30,Comex Stat/MDIC,comex_exportacoes_kg,comercio_exterior,55021295650,exportacao,metricKG,kg líquido,peso_liquido,Peso líquido mensal total das exportações brasileiras.,False,,mensal,mensal
2016-05-31,Comex Stat/MDIC,comex_exportacoes_kg,comercio_exterior,59838990190,exportacao,metricKG,kg líquido,peso_liquido,Peso líquido mensal total das exportações brasileiras.,False,,mensal,mensal
2016-06-30,Comex Stat/MDIC,comex_exportacoes_kg,comercio_exterior,54353856383,exportacao,metricKG,kg líquido,peso_liquido,Peso líquido mensal total das exportações brasileiras.,False,,mensal,mensal
2016-07-31,Comex Stat/MDIC,comex_exportacoes_kg,comercio_exterior,53620173215,exportacao,metricKG,kg líquido,peso_liquido,Peso líquido mensal total das exportações brasileiras.,False,,mensal,mensal
2016-08-31,Comex Stat/MDIC,comex_exportacoes_kg,comercio_exterior,58627265778,exportacao,metricKG,kg líquido,peso_liquido,Peso líquido mensal total das exportações brasileiras.,False,,mensal,mensal
2016-09-30,Comex Stat/MDIC,comex_exportacoes_kg,comercio_exterior,57941025589,exportacao,metricKG,kg líquido,peso_liquido,Peso líquido mensal total das exportações brasileiras.,False,,mensal,mensal
2016-10-31,Comex Stat/MDIC,comex_exportacoes_kg,comercio_exterior,47783025855,exportacao,metricKG,kg líquido,peso_liquido,Peso líquido mensal total das exportações brasileiras.,False,,mensal,mensal
2016-11-30,Comex Stat/MDIC,comex_exportacoes_kg,comercio_exterior,49556284913,exportacao,metricKG,kg líquido,peso_liquido,Peso líquido mensal total das exportações brasileiras.,False,,mensal,mensal
2016-12-31,Comex Stat/MDIC,comex_exportacoes_kg,comercio_exterior,52507772993,exportacao,metricKG,kg líquido,peso_liquido,Peso líquido mensal total das exportações brasileiras.,False,,mensal,mensal
2017-01-31,Comex Stat/MDIC,comex_exportacoes_kg,comercio_exterior,50494004049,exportacao,metricKG,kg líquido,peso_liquido,Peso líquido mensal total das exportações brasileiras.,False,,mensal,mensal
2017-02-28,Comex Stat/MDIC,comex_exportacoes_kg,comercio_exterior,47005986505,exportacao,metricKG,kg líquido,peso_liquido,Peso líquido mensal total das exportações brasileiras.,False,,mensal,mensal
2017-03-31,Comex Stat/MDIC,comex_exportacoes_kg,comercio_exterior,62107649300,exportacao,metricKG,kg líquido,peso_liquido,Peso líquido mensal total das exportações brasileiras.,False,,mensal,mensal
2017-04-30,Comex Stat/MDIC,comex_exportacoes_kg,comercio_exterior,49065622549,exportacao,metricKG,kg líquido,peso_liquido,Peso líquido mensal total das exportações brasileiras.,False,,mensal,mensal
2017-05-31,Comex Stat/MDIC,comex_exportacoes_kg,comercio_exterior,63906831504,exportacao,metricKG,kg líquido,peso_liquido,Peso líquido mensal total das exportações brasileiras.,False,,mensal,mensal
2017-06-30,Comex Stat/MDIC,comex_exportacoes_kg,comercio_exterior,64068630530,exportacao,metricKG,kg líquido,peso_liquido,Peso líquido mensal total das exportações brasileiras.,False,,mensal,mensal
2017-07-31,Comex Stat/MDIC,comex_exportacoes_kg,comercio_exterior,59371630075,exportacao,metricKG,kg líquido,peso_liquido,Peso líquido mensal total das exportações brasileiras.,False,,mensal,mensal
2017-08-31,Comex Stat/MDIC,comex_exportacoes_kg,comercio_exterior,64485088996,exportacao,metricKG,kg líquido,peso_liquido,Peso líquido mensal total das exportações brasileiras.,False,,mensal,mensal
2017-09-30,Comex Stat/MDIC,comex_exportacoes_kg,comercio_exterior,60456979611,exportacao,metricKG,kg líquido,peso_liquido,Peso líquido mensal total das exportações brasileiras.,False,,mensal,mensal
2017-10-31,Comex Stat/MDIC,comex_exportacoes_kg,comercio_exterior,60901123027,exportacao,metricKG,kg líquido,peso_liquido,Peso líquido mensal total das exportações brasileiras.,False,,mensal,mensal
2017-11-30,Comex Stat/MDIC,comex_exportacoes_kg,comercio_exterior,54907010851,exportacao,metricKG,kg líquido,peso_liquido,Peso líquido mensal total das exportações brasileiras.,False,,mensal,mensal
2017-12-31,Comex Stat/MDIC,comex_exportacoes_kg,comercio_exterior,54972740218,exportacao,metricKG,kg líquido,peso_liquido,Peso líquido mensal total das exportações brasileiras.,False,,mensal,mensal
2018-01-31,Comex Stat/MDIC,comex_exportacoes_kg,comercio_exterior,52908348793,exportacao,metricKG,kg líquido,peso_liquido,Peso líquido mensal total das exportações brasileiras.,False,,mensal,mensal
2018-02-28,Comex Stat/MDIC,comex_exportacoes_kg,comercio_exterior,43195097447,exportacao,metricKG,kg líquido,peso_liquido,Peso líquido mensal total das exportações brasileiras.,False,,mensal,mensal
2018-03-31,Comex Stat/MDIC,comex_exportacoes_kg,comercio_exterior,56673255483,exportacao,metricKG,kg líquido,peso_liquido,Peso líquido mensal total das exportações brasileiras.,False,,mensal,mensal
2018-04-30,Comex Stat/MDIC,comex_exportacoes_kg,comercio_exterior,52477601795,exportacao,metricKG,kg líquido,peso_liquido,Peso líquido mensal total das exportações brasileiras.,False,,mensal,mensal
2018-05-31,Comex Stat/MDIC,comex_exportacoes_kg,comercio_exterior,62136231569,exportacao,metricKG,kg líquido,peso_liquido,Peso líquido mensal total das exportações brasileiras.,False,,mensal,mensal
2018-06-30,Comex Stat/MDIC,comex_exportacoes_kg,comercio_exterior,61917934640,exportacao,metricKG,kg líquido,peso_liquido,Peso líquido mensal total das exportações brasileiras.,False,,mensal,mensal
2018-07-31,Comex Stat/MDIC,comex_exportacoes_kg,comercio_exterior,67807780415,exportacao,metricKG,kg líquido,peso_liquido,Peso líquido mensal total das exportações brasileiras.,False,,mensal,mensal
2018-08-31,Comex Stat/MDIC,comex_exportacoes_kg,comercio_exterior,63033824953,exportacao,metricKG,kg líquido,peso_liquido,Peso líquido mensal total das exportações brasileiras.,False,,mensal,mensal
2018-09-30,Comex Stat/MDIC,comex_exportacoes_kg,comercio_exterior,59866224524,exportacao,metricKG,kg líquido,peso_liquido,Peso líquido mensal total das exportações brasileiras.,False,,mensal,mensal
2018-10-31,Comex Stat/MDIC,comex_exportacoes_kg,comercio_exterior,66350372472,exportacao,metricKG,kg líquido,peso_liquido,Peso líquido mensal total das exportações brasileiras.,False,,mensal,mensal
2018-11-30,Comex Stat/MDIC,comex_exportacoes_kg,comercio_exterior,59765394100,exportacao,metricKG,kg líquido,peso_liquido,Peso líquido mensal total das exportações brasileiras.,False,,mensal,mensal
2018-12-31,Comex Stat/MDIC,comex_exportacoes_kg,comercio_exterior,59417918321,exportacao,metricKG,kg líquido,peso_liquido,Peso líquido mensal total das exportações brasileiras.,False,,mensal,mensal
2019-01-31,Comex Stat/MDIC,comex_exportacoes_kg,comercio_exterior,56926304620,exportacao,metricKG,kg líquido,peso_liquido,Peso líquido mensal total das exportações brasileiras.,False,,mensal,mensal
2019-02-28,Comex Stat/MDIC,comex_exportacoes_kg,comercio_exterior,50479134409,exportacao,metricKG,kg líquido,peso_liquido,Peso líquido mensal total das exportações brasileiras.,False,,mensal,mensal
2019-03-31,Comex Stat/MDIC,comex_exportacoes_kg,comercio_exterior,47097552475,exportacao,metricKG,kg líquido,peso_liquido,Peso líquido mensal total das exportações brasileiras.,False,,mensal,mensal
2019-04-30,Comex Stat/MDIC,comex_exportacoes_kg,comercio_exterior,46589197737,exportacao,metricKG,kg líquido,peso_liquido,Peso líquido mensal total das exportações brasileiras.,False,,mensal,mensal
2019-05-31,Comex Stat/MDIC,comex_exportacoes_kg,comercio_exterior,58998018716,exportacao,metricKG,kg líquido,peso_liquido,Peso líquido mensal total das exportações brasileiras.,False,,mensal,mensal
2019-06-30,Comex Stat/MDIC,comex_exportacoes_kg,comercio_exterior,55056424230,exportacao,metricKG,kg líquido,peso_liquido,Peso líquido mensal total das exportações brasileiras.,False,,mensal,mensal
2019-07-31,Comex Stat/MDIC,comex_exportacoes_kg,comercio_exterior,64749805265,exportacao,metricKG,kg líquido,peso_liquido,Peso líquido mensal total das exportações brasileiras.,False,,mensal,mensal
2019-08-31,Comex Stat/MDIC,comex_exportacoes_kg,comercio_exterior,63256116255,exportacao,metricKG,kg líquido,peso_liquido,Peso líquido mensal total das exportações brasileiras.,False,,mensal,mensal
2019-09-30,Comex Stat/MDIC,comex_exportacoes_kg,comercio_exterior,61614187592,exportacao,metricKG,kg líquido,peso_liquido,Peso líquido mensal total das exportações brasileiras.,False,,mensal,mensal
2019-10-31,Comex Stat/MDIC,comex_exportacoes_kg,comercio_exterior,64644667724,exportacao,metricKG,kg líquido,peso_liquido,Peso líquido mensal total das exportações brasileiras.,False,,mensal,mensal
2019-11-30,Comex Stat/MDIC,comex_exportacoes_kg,comercio_exterior,54953249055,exportacao,metricKG,kg líquido,peso_liquido,Peso líquido mensal total das exportações brasileiras.,False,,mensal,mensal
2019-12-31,Comex Stat/MDIC,comex_exportacoes_kg,comercio_exterior,53743393839,exportacao,metricKG,kg líquido,peso_liquido,Peso líquido mensal total das exportações brasileiras.,False,,mensal,mensal
2020-01-31,Comex Stat/MDIC,comex_exportacoes_kg,comercio_exterior,46718273016,exportacao,metricKG,kg líquido,peso_liquido,Peso líquido mensal total das exportações brasileiras.,False,,mensal,mensal
2020-02-29,Comex Stat/MDIC,comex_exportacoes_kg,comercio_exterior,43930739973,exportacao,metricKG,kg líquido,peso_liquido,Peso líquido mensal total das exportações brasileiras.,False,,mensal,mensal
2020-03-31,Comex Stat/MDIC,comex_exportacoes_kg,comercio_exterior,53436544555,exportacao,metricKG,kg líquido,peso_liquido,Peso líquido mensal total das exportações brasileiras.,False,,mensal,mensal
2020-04-30,Comex Stat/MDIC,comex_exportacoes_kg,comercio_exterior,57512762338,exportacao,metricKG,kg líquido,peso_liquido,Peso líquido mensal total das exportações brasileiras.,False,,mensal,mensal
2020-05-31,Comex Stat/MDIC,comex_exportacoes_kg,comercio_exterior,58376191041,exportacao,metricKG,kg líquido,peso_liquido,Peso líquido mensal total das exportações brasileiras.,False,,mensal,mensal
2020-06-30,Comex Stat/MDIC,comex_exportacoes_kg,comercio_exterior,63843390897,exportacao,metricKG,kg líquido,peso_liquido,Peso líquido mensal total das exportações brasileiras.,False,,mensal,mensal
2020-07-31,Comex Stat/MDIC,comex_exportacoes_kg,comercio_exterior,71482917960,exportacao,metricKG,kg líquido,peso_liquido,Peso líquido mensal total das exportações brasileiras.,False,,mensal,mensal
2020-08-31,Comex Stat/MDIC,comex_exportacoes_kg,comercio_exterior,62959138217,exportacao,metricKG,kg líquido,peso_liquido,Peso líquido mensal total das exportações brasileiras.,False,,mensal,mensal
2020-09-30,Comex Stat/MDIC,comex_exportacoes_kg,comercio_exterior,67381151109,exportacao,metricKG,kg líquido,peso_liquido,Peso líquido mensal total das exportações brasileiras.,False,,mensal,mensal
2020-10-31,Comex Stat/MDIC,comex_exportacoes_kg,comercio_exterior,57991649032,exportacao,metricKG,kg líquido,peso_liquido,Peso líquido mensal total das exportações brasileiras.,False,,mensal,mensal
2020-11-30,Comex Stat/MDIC,comex_exportacoes_kg,comercio_exterior,54752961279,exportacao,metricKG,kg líquido,peso_liquido,Peso líquido mensal total das exportações brasileiras.,False,,mensal,mensal
2020-12-31,Comex Stat/MDIC,comex_exportacoes_kg,comercio_exterior,59060879256,exportacao,metricKG,kg líquido,peso_liquido,Peso líquido mensal total das exportações brasileiras.,False,,mensal,mensal
2021-01-31,Comex Stat/MDIC,comex_exportacoes_kg,comercio_exterior,48543257939,exportacao,metricKG,kg líquido,peso_liquido,Peso líquido mensal total das exportações brasileiras.,False,,mensal,mensal
2021-02-28,Comex Stat/MDIC,comex_exportacoes_kg,comercio_exterior,43511501931,exportacao,metricKG,kg líquido,peso_liquido,Peso líquido mensal total das exportações brasileiras.,False,,mensal,mensal
2021-03-31,Comex Stat/MDIC,comex_exportacoes_kg,comercio_exterior,61521166691,exportacao,metricKG,kg líquido,peso_liquido,Peso líquido mensal total das exportações brasileiras.,False,,mensal,mensal
2021-04-30,Comex Stat/MDIC,comex_exportacoes_kg,comercio_exterior,62544376858,exportacao,metricKG,kg líquido,peso_liquido,Peso líquido mensal total das exportações brasileiras.,False,,mensal,mensal
2021-05-31,Comex Stat/MDIC,comex_exportacoes_kg,comercio_exterior,61415668511,exportacao,metricKG,kg líquido,peso_liquido,Peso líquido mensal total das exportações brasileiras.,False,,mensal,mensal
2021-06-30,Comex Stat/MDIC,comex_exportacoes_kg,comercio_exterior,67695860040,exportacao,metricKG,kg líquido,peso_liquido,Peso líquido mensal total das exportações brasileiras.,False,,mensal,mensal
2021-07-31,Comex Stat/MDIC,comex_exportacoes_kg,comercio_exterior,61324424851,exportacao,metricKG,kg líquido,peso_liquido,Peso líquido mensal total das exportações brasileiras.,False,,mensal,mensal
2021-08-31,Comex Stat/MDIC,comex_exportacoes_kg,comercio_exterior,66041443527,exportacao,metricKG,kg líquido,peso_liquido,Peso líquido mensal total das exportações brasileiras.,False,,mensal,mensal
2021-09-30,Comex Stat/MDIC,comex_exportacoes_kg,comercio_exterior,60106739045,exportacao,metricKG,kg líquido,peso_liquido,Peso líquido mensal total das exportações brasileiras.,False,,mensal,mensal
2021-10-31,Comex Stat/MDIC,comex_exportacoes_kg,comercio_exterior,55724937094,exportacao,metricKG,kg líquido,peso_liquido,Peso líquido mensal total das exportações brasileiras.,False,,mensal,mensal
2021-11-30,Comex Stat/MDIC,comex_exportacoes_kg,comercio_exterior,51030639756,exportacao,metricKG,kg líquido,peso_liquido,Peso líquido mensal total das exportações brasileiras.,False,,mensal,mensal
2021-12-31,Comex Stat/MDIC,comex_exportacoes_kg,comercio_exterior,60927149553,exportacao,metricKG,kg líquido,peso_liquido,Peso líquido mensal total das exportações brasileiras.,False,,mensal,mensal
2022-01-31,Comex Stat/MDIC,comex_exportacoes_kg,comercio_exterior,48281053441,exportacao,metricKG,kg líquido,peso_liquido,Peso líquido mensal total das exportações brasileiras.,False,,mensal,mensal
2022-02-28,Comex Stat/MDIC,comex_exportacoes_kg,comercio_exterior,45888250205,exportacao,metricKG,kg líquido,peso_liquido,Peso líquido mensal total das exportações brasileiras.,False,,mensal,mensal
2022-03-31,Comex Stat/MDIC,comex_exportacoes_kg,comercio_exterior,60934551466,exportacao,metricKG,kg líquido,peso_liquido,Peso líquido mensal total das exportações brasileiras.,False,,mensal,mensal
2022-04-30,Comex Stat/MDIC,comex_exportacoes_kg,comercio_exterior,55211251934,exportacao,metricKG,kg líquido,peso_liquido,Peso líquido mensal total das exportações brasileiras.,False,,mensal,mensal
2022-05-31,Comex Stat/MDIC,comex_exportacoes_kg,comercio_exterior,55760649350,exportacao,metricKG,kg líquido,peso_liquido,Peso líquido mensal total das exportações brasileiras.,False,,mensal,mensal
2022-06-30,Comex Stat/MDIC,comex_exportacoes_kg,comercio_exterior,64311278752,exportacao,metricKG,kg líquido,peso_liquido,Peso líquido mensal total das exportações brasileiras.,False,,mensal,mensal
2022-07-31,Comex Stat/MDIC,comex_exportacoes_kg,comercio_exterior,63821784534,exportacao,metricKG,kg líquido,peso_liquido,Peso líquido mensal total das exportações brasileiras.,False,,mensal,mensal
2022-08-31,Comex Stat/MDIC,comex_exportacoes_kg,comercio_exterior,92198087959,exportacao,metricKG,kg líquido,peso_liquido,Peso líquido mensal total das exportações brasileiras.,False,,mensal,mensal
2022-09-30,Comex Stat/MDIC,comex_exportacoes_kg,comercio_exterior,68782856185,exportacao,metricKG,kg líquido,peso_liquido,Peso líquido mensal total das exportações brasileiras.,False,,mensal,mensal
2022-10-31,Comex Stat/MDIC,comex_exportacoes_kg,comercio_exterior,59650600391,exportacao,metricKG,kg líquido,peso_liquido,Peso líquido mensal total das exportações brasileiras.,False,,mensal,mensal
2022-11-30,Comex Stat/MDIC,comex_exportacoes_kg,comercio_exterior,62853799673,exportacao,metricKG,kg líquido,peso_liquido,Peso líquido mensal total das exportações brasileiras.,False,,mensal,mensal
2022-12-31,Comex Stat/MDIC,comex_exportacoes_kg,comercio_exterior,62953853414,exportacao,metricKG,kg líquido,peso_liquido,Peso líquido mensal total das exportações brasileiras.,False,,mensal,mensal
2023-01-31,Comex Stat/MDIC,comex_exportacoes_kg,comercio_exterior,52369714491,exportacao,metricKG,kg líquido,peso_liquido,Peso líquido mensal total das exportações brasileiras.,False,,mensal,mensal
2023-02-28,Comex Stat/MDIC,comex_exportacoes_kg,comercio_exterior,45431198276,exportacao,metricKG,kg líquido,peso_liquido,Peso líquido mensal total das exportações brasileiras.,False,,mensal,mensal
2023-03-31,Comex Stat/MDIC,comex_exportacoes_kg,comercio_exterior,68600056223,exportacao,metricKG,kg líquido,peso_liquido,Peso líquido mensal total das exportações brasileiras.,False,,mensal,mensal
2023-04-30,Comex Stat/MDIC,comex_exportacoes_kg,comercio_exterior,57234291892,exportacao,metricKG,kg líquido,peso_liquido,Peso líquido mensal total das exportações brasileiras.,False,,mensal,mensal
2023-05-31,Comex Stat/MDIC,comex_exportacoes_kg,comercio_exterior,75295574509,exportacao,metricKG,kg líquido,peso_liquido,Peso líquido mensal total das exportações brasileiras.,False,,mensal,mensal
2023-06-30,Comex Stat/MDIC,comex_exportacoes_kg,comercio_exterior,70157851618,exportacao,metricKG,kg líquido,peso_liquido,Peso líquido mensal total das exportações brasileiras.,False,,mensal,mensal
2023-07-31,Comex Stat/MDIC,comex_exportacoes_kg,comercio_exterior,69054203646,exportacao,metricKG,kg líquido,peso_liquido,Peso líquido mensal total das exportações brasileiras.,False,,mensal,mensal
2023-08-31,Comex Stat/MDIC,comex_exportacoes_kg,comercio_exterior,79742258398,exportacao,metricKG,kg líquido,peso_liquido,Peso líquido mensal total das exportações brasileiras.,False,,mensal,mensal
2023-09-30,Comex Stat/MDIC,comex_exportacoes_kg,comercio_exterior,73545063439,exportacao,metricKG,kg líquido,peso_liquido,Peso líquido mensal total das exportações brasileiras.,False,,mensal,mensal
2023-10-31,Comex Stat/MDIC,comex_exportacoes_kg,comercio_exterior,70574329374,exportacao,metricKG,kg líquido,peso_liquido,Peso líquido mensal total das exportações brasileiras.,False,,mensal,mensal
2023-11-30,Comex Stat/MDIC,comex_exportacoes_kg,comercio_exterior,66872138571,exportacao,metricKG,kg líquido,peso_liquido,Peso líquido mensal total das exportações brasileiras.,False,,mensal,mensal
2023-12-31,Comex Stat/MDIC,comex_exportacoes_kg,comercio_exterior,73099540631,exportacao,metricKG,kg líquido,peso_liquido,Peso líquido mensal total das exportações brasileiras.,False,,mensal,mensal
2024-01-31,Comex Stat/MDIC,comex_exportacoes_kg,comercio_exterior,63927680499,exportacao,metricKG,kg líquido,peso_liquido,Peso líquido mensal total das exportações brasileiras.,False,,mensal,mensal
2024-02-29,Comex Stat/MDIC,comex_exportacoes_kg,comercio_exterior,56494095981,exportacao,metricKG,kg líquido,peso_liquido,Peso líquido mensal total das exportações brasileiras.,False,,mensal,mensal
2024-03-31,Comex Stat/MDIC,comex_exportacoes_kg,comercio_exterior,62797558497,exportacao,metricKG,kg líquido,peso_liquido,Peso líquido mensal total das exportações brasileiras.,False,,mensal,mensal
2024-04-30,Comex Stat/MDIC,comex_exportacoes_kg,comercio_exterior,69169625053,exportacao,metricKG,kg líquido,peso_liquido,Peso líquido mensal total das exportações brasileiras.,False,,mensal,mensal
2024-05-31,Comex Stat/MDIC,comex_exportacoes_kg,comercio_exterior,70483611654,exportacao,metricKG,kg líquido,peso_liquido,Peso líquido mensal total das exportações brasileiras.,False,,mensal,mensal
2024-06-30,Comex Stat/MDIC,comex_exportacoes_kg,comercio_exterior,70342372003,exportacao,metricKG,kg líquido,peso_liquido,Peso líquido mensal total das exportações brasileiras.,False,,mensal,mensal
2024-07-31,Comex Stat/MDIC,comex_exportacoes_kg,comercio_exterior,78899001110,exportacao,metricKG,kg líquido,peso_liquido,Peso líquido mensal total das exportações brasileiras.,False,,mensal,mensal
2024-08-31,Comex Stat/MDIC,comex_exportacoes_kg,comercio_exterior,71671761965,exportacao,metricKG,kg líquido,peso_liquido,Peso líquido mensal total das exportações brasileiras.,False,,mensal,mensal
2024-09-30,Comex Stat/MDIC,comex_exportacoes_kg,comercio_exterior,71989578439,exportacao,metricKG,kg líquido,peso_liquido,Peso líquido mensal total das exportações brasileiras.,False,,mensal,mensal
2024-10-31,Comex Stat/MDIC,comex_exportacoes_kg,comercio_exterior,71406054242,exportacao,metricKG,kg líquido,peso_liquido,Peso líquido mensal total das exportações brasileiras.,False,,mensal,mensal
2024-11-30,Comex Stat/MDIC,comex_exportacoes_kg,comercio_exterior,65254758752,exportacao,metricKG,kg líquido,peso_liquido,Peso líquido mensal total das exportações brasileiras.,False,,mensal,mensal
2024-12-31,Comex Stat/MDIC,comex_exportacoes_kg,comercio_exterior,57398489910,exportacao,metricKG,kg líquido,peso_liquido,Peso líquido mensal total das exportações brasileiras.,False,,mensal,mensal
2025-01-31,Comex Stat/MDIC,comex_exportacoes_kg,comercio_exterior,60584476836,exportacao,metricKG,kg líquido,peso_liquido,Peso líquido mensal total das exportações brasileiras.,False,,mensal,mensal
2025-02-28,Comex Stat/MDIC,comex_exportacoes_kg,comercio_exterior,51624629314,exportacao,metricKG,kg líquido,peso_liquido,Peso líquido mensal total das exportações brasileiras.,False,,mensal,mensal
2025-03-31,Comex Stat/MDIC,comex_exportacoes_kg,comercio_exterior,65011929332,exportacao,metricKG,kg líquido,peso_liquido,Peso líquido mensal total das exportações brasileiras.,False,,mensal,mensal
2025-04-30,Comex Stat/MDIC,comex_exportacoes_kg,comercio_exterior,69341819195,exportacao,metricKG,kg líquido,peso_liquido,Peso líquido mensal total das exportações brasileiras.,False,,mensal,mensal
2025-05-31,Comex Stat/MDIC,comex_exportacoes_kg,comercio_exterior,74335768570,exportacao,metricKG,kg líquido,peso_liquido,Peso líquido mensal total das exportações brasileiras.,False,,mensal,mensal
2025-06-30,Comex Stat/MDIC,comex_exportacoes_kg,comercio_exterior,74015443872,exportacao,metricKG,kg líquido,peso_liquido,Peso líquido mensal total das exportações brasileiras.,False,,mensal,mensal
2025-07-31,Comex Stat/MDIC,comex_exportacoes_kg,comercio_exterior,81820666079,exportacao,metricKG,kg líquido,peso_liquido,Peso líquido mensal total das exportações brasileiras.,False,,mensal,mensal
2025-08-31,Comex Stat/MDIC,comex_exportacoes_kg,comercio_exterior,81355786963,exportacao,metricKG,kg líquido,peso_liquido,Peso líquido mensal total das exportações brasileiras.,False,,mensal,mensal
2025-09-30,Comex Stat/MDIC,comex_exportacoes_kg,comercio_exterior,75759474757,exportacao,metricKG,kg líquido,peso_liquido,Peso líquido mensal total das exportações brasileiras.,False,,mensal,mensal
2025-10-31,Comex Stat/MDIC,comex_exportacoes_kg,comercio_exterior,80689691197,exportacao,metricKG,kg líquido,peso_liquido,Peso líquido mensal total das exportações brasileiras.,False,,mensal,mensal
2025-11-30,Comex Stat/MDIC,comex_exportacoes_kg,comercio_exterior,68137471881,exportacao,metricKG,kg líquido,peso_liquido,Peso líquido mensal total das exportações brasileiras.,False,,mensal,mensal
2025-12-31,Comex Stat/MDIC,comex_exportacoes_kg,comercio_exterior,77150503445,exportacao,metricKG,kg líquido,peso_liquido,Peso líquido mensal total das exportações brasileiras.,False,,mensal,mensal
2026-01-31,Comex Stat/MDIC,comex_exportacoes_kg,comercio_exterior,59812186143,exportacao,metricKG,kg líquido,peso_liquido,Peso líquido mensal total das exportações brasileiras.,False,,mensal,mensal
2026-02-28,Comex Stat/MDIC,comex_exportacoes_kg,comercio_exterior,61246580653,exportacao,metricKG,kg líquido,peso_liquido,Peso líquido mensal total das exportações brasileiras.,False,,mensal,mensal
2026-03-31,Comex Stat/MDIC,comex_exportacoes_kg,comercio_exterior,69086532981,exportacao,metricKG,kg líquido,peso_liquido,Peso líquido mensal total das exportações brasileiras.,False,,mensal,mensal
2026-04-30,Comex Stat/MDIC,comex_exportacoes_kg,comercio_exterior,75020929456,exportacao,metricKG,kg líquido,peso_liquido,Peso líquido mensal total das exportações brasileiras.,False,,mensal,mensal
2026-05-31,Comex Stat/MDIC,comex_exportacoes_kg,comercio_exterior,63575354725,exportacao,metricKG,kg líquido,peso_liquido,Peso líquido mensal total das exportações brasileiras.,False,,mensal,mensal
2026-06-30,Comex Stat/MDIC,comex_exportacoes_kg,comercio_exterior,82860091366,exportacao,metricKG,kg líquido,peso_liquido,Peso líquido mensal total das exportações brasileiras.,False,,mensal,mensal
2026-07-31,Comex Stat/MDIC,comex_exportacoes_kg,comercio_exterior,77871209960,exportacao,metricKG,kg líquido,peso_liquido,Peso líquido mensal total das exportações brasileiras.,False,,mensal,mensal
2026-08-31,Comex Stat/MDIC,comex_exportacoes_kg,comercio_exterior,77119199389,exportacao,metricKG,kg líquido,peso_liquido,Peso líquido mensal total das exportações brasileiras.,False,,mensal,mensal
1997-01-31,Comex Stat/MDIC,comex_importacoes_cif_usd,comercio_exterior,2749818353,importacao,metricCIF,US$ CIF,valor_monetario,Valor mensal total das importações brasileiras em dólares CIF.,False,,mensal,mensal
1997-02-28,Comex Stat/MDIC,comex_importacoes_cif_usd,comercio_exterior,4598169451,importacao,metricCIF,US$ CIF,valor_monetario,Valor mensal total das importações brasileiras em dólares CIF.,False,,mensal,mensal
1997-03-31,Comex Stat/MDIC,comex_importacoes_cif_usd,comercio_exterior,5087391312,importacao,metricCIF,US$ CIF,valor_monetario,Valor mensal total das importações brasileiras em dólares CIF.,False,,mensal,mensal
1997-04-30,Comex Stat/MDIC,comex_importacoes_cif_usd,comercio_exterior,5928444969,importacao,metricCIF,US$ CIF,valor_monetario,Valor mensal total das importações brasileiras em dólares CIF.,False,,mensal,mensal
1997-05-31,Comex Stat/MDIC,comex_importacoes_cif_usd,comercio_exterior,5086988763,importacao,metricCIF,US$ CIF,valor_monetario,Valor mensal total das importações brasileiras em dólares CIF.,False,,mensal,mensal
1997-06-30,Comex Stat/MDIC,comex_importacoes_cif_usd,comercio_exterior,5580392152,importacao,metricCIF,US$ CIF,valor_monetario,Valor mensal total das importações brasileiras em dólares CIF.,False,,mensal,mensal
1997-07-31,Comex Stat/MDIC,comex_importacoes_cif_usd,comercio_exterior,6188064205,importacao,metricCIF,US$ CIF,valor_monetario,Valor mensal total das importações brasileiras em dólares CIF.,False,,mensal,mensal
1997-08-31,Comex Stat/MDIC,comex_importacoes_cif_usd,comercio_exterior,5752271809,importacao,metricCIF,US$ CIF,valor_monetario,Valor mensal total das importações brasileiras em dólares CIF.,False,,mensal,mensal
1997-09-30,Comex Stat/MDIC,comex_importacoes_cif_usd,comercio_exterior,5820938639,importacao,metricCIF,US$ CIF,valor_monetario,Valor mensal total das importações brasileiras em dólares CIF.,False,,mensal,mensal
1997-10-31,Comex Stat/MDIC,comex_importacoes_cif_usd,comercio_exterior,6060698815,importacao,metricCIF,US$ CIF,valor_monetario,Valor mensal total das importações brasileiras em dólares CIF.,False,,mensal,mensal
1997-11-30,Comex Stat/MDIC,comex_importacoes_cif_usd,comercio_exterior,5647284539,importacao,metricCIF,US$ CIF,valor_monetario,Valor mensal total das importações brasileiras em dólares CIF.,False,,mensal,mensal
1997-12-31,Comex Stat/MDIC,comex_importacoes_cif_usd,comercio_exterior,5665224152,importacao,metricCIF,US$ CIF,valor_monetario,Valor mensal total das importações brasileiras em dólares CIF.,False,,mensal,mensal
1998-01-31,Comex Stat/MDIC,comex_importacoes_cif_usd,comercio_exterior,4989956039,importacao,metricCIF,US$ CIF,valor_monetario,Valor mensal total das importações brasileiras em dólares CIF.,False,,mensal,mensal
1998-02-28,Comex Stat/MDIC,comex_importacoes_cif_usd,comercio_exterior,4253402450,importacao,metricCIF,US$ CIF,valor_monetario,Valor mensal total das importações brasileiras em dólares CIF.,False,,mensal,mensal
1998-03-31,Comex Stat/MDIC,comex_importacoes_cif_usd,comercio_exterior,5556591058,importacao,metricCIF,US$ CIF,valor_monetario,Valor mensal total das importações brasileiras em dólares CIF.,False,,mensal,mensal
1998-04-30,Comex Stat/MDIC,comex_importacoes_cif_usd,comercio_exterior,4984050353,importacao,metricCIF,US$ CIF,valor_monetario,Valor mensal total das importações brasileiras em dólares CIF.,False,,mensal,mensal
1998-05-31,Comex Stat/MDIC,comex_importacoes_cif_usd,comercio_exterior,5091974757,importacao,metricCIF,US$ CIF,valor_monetario,Valor mensal total das importações brasileiras em dólares CIF.,False,,mensal,mensal
1998-06-30,Comex Stat/MDIC,comex_importacoes_cif_usd,comercio_exterior,5056908642,importacao,metricCIF,US$ CIF,valor_monetario,Valor mensal total das importações brasileiras em dólares CIF.,False,,mensal,mensal
1998-07-31,Comex Stat/MDIC,comex_importacoes_cif_usd,comercio_exterior,5803529625,importacao,metricCIF,US$ CIF,valor_monetario,Valor mensal total das importações brasileiras em dólares CIF.,False,,mensal,mensal
1998-08-31,Comex Stat/MDIC,comex_importacoes_cif_usd,comercio_exterior,4472191846,importacao,metricCIF,US$ CIF,valor_monetario,Valor mensal total das importações brasileiras em dólares CIF.,False,,mensal,mensal
1998-09-30,Comex Stat/MDIC,comex_importacoes_cif_usd,comercio_exterior,6145377893,importacao,metricCIF,US$ CIF,valor_monetario,Valor mensal total das importações brasileiras em dólares CIF.,False,,mensal,mensal
1998-10-31,Comex Stat/MDIC,comex_importacoes_cif_usd,comercio_exterior,5849808842,importacao,metricCIF,US$ CIF,valor_monetario,Valor mensal total das importações brasileiras em dólares CIF.,False,,mensal,mensal
1998-11-30,Comex Stat/MDIC,comex_importacoes_cif_usd,comercio_exterior,5086407135,importacao,metricCIF,US$ CIF,valor_monetario,Valor mensal total das importações brasileiras em dólares CIF.,False,,mensal,mensal
1998-12-31,Comex Stat/MDIC,comex_importacoes_cif_usd,comercio_exterior,4779082551,importacao,metricCIF,US$ CIF,valor_monetario,Valor mensal total das importações brasileiras em dólares CIF.,False,,mensal,mensal
1999-01-31,Comex Stat/MDIC,comex_importacoes_cif_usd,comercio_exterior,3956143153,importacao,metricCIF,US$ CIF,valor_monetario,Valor mensal total das importações brasileiras em dólares CIF.,False,,mensal,mensal
1999-02-28,Comex Stat/MDIC,comex_importacoes_cif_usd,comercio_exterior,3412759688,importacao,metricCIF,US$ CIF,valor_monetario,Valor mensal total das importações brasileiras em dólares CIF.,False,,mensal,mensal
1999-03-31,Comex Stat/MDIC,comex_importacoes_cif_usd,comercio_exterior,4362541999,importacao,metricCIF,US$ CIF,valor_monetario,Valor mensal total das importações brasileiras em dólares CIF.,False,,mensal,mensal
1999-04-30,Comex Stat/MDIC,comex_importacoes_cif_usd,comercio_exterior,3946306072,importacao,metricCIF,US$ CIF,valor_monetario,Valor mensal total das importações brasileiras em dólares CIF.,False,,mensal,mensal
1999-05-31,Comex Stat/MDIC,comex_importacoes_cif_usd,comercio_exterior,4388028973,importacao,metricCIF,US$ CIF,valor_monetario,Valor mensal total das importações brasileiras em dólares CIF.,False,,mensal,mensal
1999-06-30,Comex Stat/MDIC,comex_importacoes_cif_usd,comercio_exterior,4775085918,importacao,metricCIF,US$ CIF,valor_monetario,Valor mensal total das importações brasileiras em dólares CIF.,False,,mensal,mensal
1999-07-31,Comex Stat/MDIC,comex_importacoes_cif_usd,comercio_exterior,4332322684,importacao,metricCIF,US$ CIF,valor_monetario,Valor mensal total das importações brasileiras em dólares CIF.,False,,mensal,mensal
1999-08-31,Comex Stat/MDIC,comex_importacoes_cif_usd,comercio_exterior,4783983479,importacao,metricCIF,US$ CIF,valor_monetario,Valor mensal total das importações brasileiras em dólares CIF.,False,,mensal,mensal
1999-09-30,Comex Stat/MDIC,comex_importacoes_cif_usd,comercio_exterior,4551381643,importacao,metricCIF,US$ CIF,valor_monetario,Valor mensal total das importações brasileiras em dólares CIF.,False,,mensal,mensal
1999-10-31,Comex Stat/MDIC,comex_importacoes_cif_usd,comercio_exterior,4775937213,importacao,metricCIF,US$ CIF,valor_monetario,Valor mensal total das importações brasileiras em dólares CIF.,False,,mensal,mensal
1999-11-30,Comex Stat/MDIC,comex_importacoes_cif_usd,comercio_exterior,4852487496,importacao,metricCIF,US$ CIF,valor_monetario,Valor mensal total das importações brasileiras em dólares CIF.,False,,mensal,mensal
1999-12-31,Comex Stat/MDIC,comex_importacoes_cif_usd,comercio_exterior,4755836838,importacao,metricCIF,US$ CIF,valor_monetario,Valor mensal total das importações brasileiras em dólares CIF.,False,,mensal,mensal
2000-01-31,Comex Stat/MDIC,comex_importacoes_cif_usd,comercio_exterior,3842088919,importacao,metricCIF,US$ CIF,valor_monetario,Valor mensal total das importações brasileiras em dólares CIF.,False,,mensal,mensal
2000-02-29,Comex Stat/MDIC,comex_importacoes_cif_usd,comercio_exterior,4349652007,importacao,metricCIF,US$ CIF,valor_monetario,Valor mensal total das importações brasileiras em dólares CIF.,False,,mensal,mensal
2000-03-31,Comex Stat/MDIC,comex_importacoes_cif_usd,comercio_exterior,4773127706,importacao,metricCIF,US$ CIF,valor_monetario,Valor mensal total das importações brasileiras em dólares CIF.,False,,mensal,mensal
2000-04-30,Comex Stat/MDIC,comex_importacoes_cif_usd,comercio_exterior,4284216879,importacao,metricCIF,US$ CIF,valor_monetario,Valor mensal total das importações brasileiras em dólares CIF.,False,,mensal,mensal
2000-05-31,Comex Stat/MDIC,comex_importacoes_cif_usd,comercio_exterior,5030383119,importacao,metricCIF,US$ CIF,valor_monetario,Valor mensal total das importações brasileiras em dólares CIF.,False,,mensal,mensal
2000-06-30,Comex Stat/MDIC,comex_importacoes_cif_usd,comercio_exterior,4929935325,importacao,metricCIF,US$ CIF,valor_monetario,Valor mensal total das importações brasileiras em dólares CIF.,False,,mensal,mensal
2000-07-31,Comex Stat/MDIC,comex_importacoes_cif_usd,comercio_exterior,5222438863,importacao,metricCIF,US$ CIF,valor_monetario,Valor mensal total das importações brasileiras em dólares CIF.,False,,mensal,mensal
2000-08-31,Comex Stat/MDIC,comex_importacoes_cif_usd,comercio_exterior,5801409698,importacao,metricCIF,US$ CIF,valor_monetario,Valor mensal total das importações brasileiras em dólares CIF.,False,,mensal,mensal
2000-09-30,Comex Stat/MDIC,comex_importacoes_cif_usd,comercio_exterior,5422862495,importacao,metricCIF,US$ CIF,valor_monetario,Valor mensal total das importações brasileiras em dólares CIF.,False,,mensal,mensal
2000-10-31,Comex Stat/MDIC,comex_importacoes_cif_usd,comercio_exterior,5632484621,importacao,metricCIF,US$ CIF,valor_monetario,Valor mensal total das importações brasileiras em dólares CIF.,False,,mensal,mensal
2000-11-30,Comex Stat/MDIC,comex_importacoes_cif_usd,comercio_exterior,5531855716,importacao,metricCIF,US$ CIF,valor_monetario,Valor mensal total das importações brasileiras em dólares CIF.,False,,mensal,mensal
2000-12-31,Comex Stat/MDIC,comex_importacoes_cif_usd,comercio_exterior,5225283578,importacao,metricCIF,US$ CIF,valor_monetario,Valor mensal total das importações brasileiras em dólares CIF.,False,,mensal,mensal
2001-01-31,Comex Stat/MDIC,comex_importacoes_cif_usd,comercio_exterior,5375096810,importacao,metricCIF,US$ CIF,valor_monetario,Valor mensal total das importações brasileiras em dólares CIF.,False,,mensal,mensal
2001-02-28,Comex Stat/MDIC,comex_importacoes_cif_usd,comercio_exterior,4324090786,importacao,metricCIF,US$ CIF,valor_monetario,Valor mensal total das importações brasileiras em dólares CIF.,False,,mensal,mensal
2001-03-31,Comex Stat/MDIC,comex_importacoes_cif_usd,comercio_exterior,5858311556,importacao,metricCIF,US$ CIF,valor_monetario,Valor mensal total das importações brasileiras em dólares CIF.,False,,mensal,mensal
2001-04-30,Comex Stat/MDIC,comex_importacoes_cif_usd,comercio_exterior,4949837345,importacao,metricCIF,US$ CIF,valor_monetario,Valor mensal total das importações brasileiras em dólares CIF.,False,,mensal,mensal
2001-05-31,Comex Stat/MDIC,comex_importacoes_cif_usd,comercio_exterior,5543416156,importacao,metricCIF,US$ CIF,valor_monetario,Valor mensal total das importações brasileiras em dólares CIF.,False,,mensal,mensal
2001-06-30,Comex Stat/MDIC,comex_importacoes_cif_usd,comercio_exterior,5100494795,importacao,metricCIF,US$ CIF,valor_monetario,Valor mensal total das importações brasileiras em dólares CIF.,False,,mensal,mensal
2001-07-31,Comex Stat/MDIC,comex_importacoes_cif_usd,comercio_exterior,5203749513,importacao,metricCIF,US$ CIF,valor_monetario,Valor mensal total das importações brasileiras em dólares CIF.,False,,mensal,mensal
2001-08-31,Comex Stat/MDIC,comex_importacoes_cif_usd,comercio_exterior,5447035112,importacao,metricCIF,US$ CIF,valor_monetario,Valor mensal total das importações brasileiras em dólares CIF.,False,,mensal,mensal
2001-09-30,Comex Stat/MDIC,comex_importacoes_cif_usd,comercio_exterior,4470484758,importacao,metricCIF,US$ CIF,valor_monetario,Valor mensal total das importações brasileiras em dólares CIF.,False,,mensal,mensal
2001-10-31,Comex Stat/MDIC,comex_importacoes_cif_usd,comercio_exterior,5095842436,importacao,metricCIF,US$ CIF,valor_monetario,Valor mensal total das importações brasileiras em dólares CIF.,False,,mensal,mensal
2001-11-30,Comex Stat/MDIC,comex_importacoes_cif_usd,comercio_exterior,4532847257,importacao,metricCIF,US$ CIF,valor_monetario,Valor mensal total das importações brasileiras em dólares CIF.,False,,mensal,mensal
2001-12-31,Comex Stat/MDIC,comex_importacoes_cif_usd,comercio_exterior,3783262519,importacao,metricCIF,US$ CIF,valor_monetario,Valor mensal total das importações brasileiras em dólares CIF.,False,,mensal,mensal
2002-01-31,Comex Stat/MDIC,comex_importacoes_cif_usd,comercio_exterior,4095618462,importacao,metricCIF,US$ CIF,valor_monetario,Valor mensal total das importações brasileiras em dólares CIF.,False,,mensal,mensal
2002-02-28,Comex Stat/MDIC,comex_importacoes_cif_usd,comercio_exterior,3671913915,importacao,metricCIF,US$ CIF,valor_monetario,Valor mensal total das importações brasileiras em dólares CIF.,False,,mensal,mensal
2002-03-31,Comex Stat/MDIC,comex_importacoes_cif_usd,comercio_exterior,3954477368,importacao,metricCIF,US$ CIF,valor_monetario,Valor mensal total das importações brasileiras em dólares CIF.,False,,mensal,mensal
2002-04-30,Comex Stat/MDIC,comex_importacoes_cif_usd,comercio_exterior,4456124275,importacao,metricCIF,US$ CIF,valor_monetario,Valor mensal total das importações brasileiras em dólares CIF.,False,,mensal,mensal
2002-05-31,Comex Stat/MDIC,comex_importacoes_cif_usd,comercio_exterior,4361446092,importacao,metricCIF,US$ CIF,valor_monetario,Valor mensal total das importações brasileiras em dólares CIF.,False,,mensal,mensal
2002-06-30,Comex Stat/MDIC,comex_importacoes_cif_usd,comercio_exterior,3669786795,importacao,metricCIF,US$ CIF,valor_monetario,Valor mensal total das importações brasileiras em dólares CIF.,False,,mensal,mensal
2002-07-31,Comex Stat/MDIC,comex_importacoes_cif_usd,comercio_exterior,5365099522,importacao,metricCIF,US$ CIF,valor_monetario,Valor mensal total das importações brasileiras em dólares CIF.,False,,mensal,mensal
2002-08-31,Comex Stat/MDIC,comex_importacoes_cif_usd,comercio_exterior,4467486112,importacao,metricCIF,US$ CIF,valor_monetario,Valor mensal total das importações brasileiras em dólares CIF.,False,,mensal,mensal
2002-09-30,Comex Stat/MDIC,comex_importacoes_cif_usd,comercio_exterior,4303284832,importacao,metricCIF,US$ CIF,valor_monetario,Valor mensal total das importações brasileiras em dólares CIF.,False,,mensal,mensal
2002-10-31,Comex Stat/MDIC,comex_importacoes_cif_usd,comercio_exterior,4592670282,importacao,metricCIF,US$ CIF,valor_monetario,Valor mensal total das importações brasileiras em dólares CIF.,False,,mensal,mensal
2002-11-30,Comex Stat/MDIC,comex_importacoes_cif_usd,comercio_exterior,4141355145,importacao,metricCIF,US$ CIF,valor_monetario,Valor mensal total das importações brasileiras em dólares CIF.,False,,mensal,mensal
2002-12-31,Comex Stat/MDIC,comex_importacoes_cif_usd,comercio_exterior,3705923579,importacao,metricCIF,US$ CIF,valor_monetario,Valor mensal total das importações brasileiras em dólares CIF.,False,,mensal,mensal
2003-01-31,Comex Stat/MDIC,comex_importacoes_cif_usd,comercio_exterior,3925808332,importacao,metricCIF,US$ CIF,valor_monetario,Valor mensal total das importações brasileiras em dólares CIF.,False,,mensal,mensal
2003-02-28,Comex Stat/MDIC,comex_importacoes_cif_usd,comercio_exterior,4169169820,importacao,metricCIF,US$ CIF,valor_monetario,Valor mensal total das importações brasileiras em dólares CIF.,False,,mensal,mensal
2003-03-31,Comex Stat/MDIC,comex_importacoes_cif_usd,comercio_exterior,3979509066,importacao,metricCIF,US$ CIF,valor_monetario,Valor mensal total das importações brasileiras em dólares CIF.,False,,mensal,mensal
2003-04-30,Comex Stat/MDIC,comex_importacoes_cif_usd,comercio_exterior,4297094653,importacao,metricCIF,US$ CIF,valor_monetario,Valor mensal total das importações brasileiras em dólares CIF.,False,,mensal,mensal
2003-05-31,Comex Stat/MDIC,comex_importacoes_cif_usd,comercio_exterior,4160333527,importacao,metricCIF,US$ CIF,valor_monetario,Valor mensal total das importações brasileiras em dólares CIF.,False,,mensal,mensal
2003-06-30,Comex Stat/MDIC,comex_importacoes_cif_usd,comercio_exterior,3799552226,importacao,metricCIF,US$ CIF,valor_monetario,Valor mensal total das importações brasileiras em dólares CIF.,False,,mensal,mensal
2003-07-31,Comex Stat/MDIC,comex_importacoes_cif_usd,comercio_exterior,4345196851,importacao,metricCIF,US$ CIF,valor_monetario,Valor mensal total das importações brasileiras em dólares CIF.,False,,mensal,mensal
2003-08-31,Comex Stat/MDIC,comex_importacoes_cif_usd,comercio_exterior,4006073276,importacao,metricCIF,US$ CIF,valor_monetario,Valor mensal total das importações brasileiras em dólares CIF.,False,,mensal,mensal
2003-09-30,Comex Stat/MDIC,comex_importacoes_cif_usd,comercio_exterior,4953778296,importacao,metricCIF,US$ CIF,valor_monetario,Valor mensal total das importações brasileiras em dólares CIF.,False,,mensal,mensal
2003-10-31,Comex Stat/MDIC,comex_importacoes_cif_usd,comercio_exterior,5365199672,importacao,metricCIF,US$ CIF,valor_monetario,Valor mensal total das importações brasileiras em dólares CIF.,False,,mensal,mensal
2003-11-30,Comex Stat/MDIC,comex_importacoes_cif_usd,comercio_exterior,4568409690,importacao,metricCIF,US$ CIF,valor_monetario,Valor mensal total das importações brasileiras em dólares CIF.,False,,mensal,mensal
2003-12-31,Comex Stat/MDIC,comex_importacoes_cif_usd,comercio_exterior,4309699077,importacao,metricCIF,US$ CIF,valor_monetario,Valor mensal total das importações brasileiras em dólares CIF.,False,,mensal,mensal
2004-01-31,Comex Stat/MDIC,comex_importacoes_cif_usd,comercio_exterior,4523452183,importacao,metricCIF,US$ CIF,valor_monetario,Valor mensal total das importações brasileiras em dólares CIF.,False,,mensal,mensal
2004-02-29,Comex Stat/MDIC,comex_importacoes_cif_usd,comercio_exterior,4045131468,importacao,metricCIF,US$ CIF,valor_monetario,Valor mensal total das importações brasileiras em dólares CIF.,False,,mensal,mensal
2004-03-31,Comex Stat/MDIC,comex_importacoes_cif_usd,comercio_exterior,5728995841,importacao,metricCIF,US$ CIF,valor_monetario,Valor mensal total das importações brasileiras em dólares CIF.,False,,mensal,mensal
2004-04-30,Comex Stat/MDIC,comex_importacoes_cif_usd,comercio_exterior,4957989902,importacao,metricCIF,US$ CIF,valor_monetario,Valor mensal total das importações brasileiras em dólares CIF.,False,,mensal,mensal
2004-05-31,Comex Stat/MDIC,comex_importacoes_cif_usd,comercio_exterior,5187396461,importacao,metricCIF,US$ CIF,valor_monetario,Valor mensal total das importações brasileiras em dólares CIF.,False,,mensal,mensal
2004-06-30,Comex Stat/MDIC,comex_importacoes_cif_usd,comercio_exterior,5952552558,importacao,metricCIF,US$ CIF,valor_monetario,Valor mensal total das importações brasileiras em dólares CIF.,False,,mensal,mensal
2004-07-31,Comex Stat/MDIC,comex_importacoes_cif_usd,comercio_exterior,5945359619,importacao,metricCIF,US$ CIF,valor_monetario,Valor mensal total das importações brasileiras em dólares CIF.,False,,mensal,mensal
2004-08-31,Comex Stat/MDIC,comex_importacoes_cif_usd,comercio_exterior,6040733035,importacao,metricCIF,US$ CIF,valor_monetario,Valor mensal total das importações brasileiras em dólares CIF.,False,,mensal,mensal
2004-09-30,Comex Stat/MDIC,comex_importacoes_cif_usd,comercio_exterior,6189992217,importacao,metricCIF,US$ CIF,valor_monetario,Valor mensal total das importações brasileiras em dólares CIF.,False,,mensal,mensal
2004-10-31,Comex Stat/MDIC,comex_importacoes_cif_usd,comercio_exterior,6272556613,importacao,metricCIF,US$ CIF,valor_monetario,Valor mensal total das importações brasileiras em dólares CIF.,False,,mensal,mensal
2004-11-30,Comex Stat/MDIC,comex_importacoes_cif_usd,comercio_exterior,6522338878,importacao,metricCIF,US$ CIF,valor_monetario,Valor mensal total das importações brasileiras em dólares CIF.,False,,mensal,mensal
2004-12-31,Comex Stat/MDIC,comex_importacoes_cif_usd,comercio_exterior,6105118110,importacao,metricCIF,US$ CIF,valor_monetario,Valor mensal total das importações brasileiras em dólares CIF.,False,,mensal,mensal
2005-01-31,Comex Stat/MDIC,comex_importacoes_cif_usd,comercio_exterior,5653713008,importacao,metricCIF,US$ CIF,valor_monetario,Valor mensal total das importações brasileiras em dólares CIF.,False,,mensal,mensal
2005-02-28,Comex Stat/MDIC,comex_importacoes_cif_usd,comercio_exterior,5375739096,importacao,metricCIF,US$ CIF,valor_monetario,Valor mensal total das importações brasileiras em dólares CIF.,False,,mensal,mensal
2005-03-31,Comex Stat/MDIC,comex_importacoes_cif_usd,comercio_exterior,6338671653,importacao,metricCIF,US$ CIF,valor_monetario,Valor mensal total das importações brasileiras em dólares CIF.,False,,mensal,mensal
2005-04-30,Comex Stat/MDIC,comex_importacoes_cif_usd,comercio_exterior,5737995258,importacao,metricCIF,US$ CIF,valor_monetario,Valor mensal total das importações brasileiras em dólares CIF.,False,,mensal,mensal
2005-05-31,Comex Stat/MDIC,comex_importacoes_cif_usd,comercio_exterior,6803362400,importacao,metricCIF,US$ CIF,valor_monetario,Valor mensal total das importações brasileiras em dólares CIF.,False,,mensal,mensal
2005-06-30,Comex Stat/MDIC,comex_importacoes_cif_usd,comercio_exterior,6610143610,importacao,metricCIF,US$ CIF,valor_monetario,Valor mensal total das importações brasileiras em dólares CIF.,False,,mensal,mensal
2005-07-31,Comex Stat/MDIC,comex_importacoes_cif_usd,comercio_exterior,6484918144,importacao,metricCIF,US$ CIF,valor_monetario,Valor mensal total das importações brasileiras em dólares CIF.,False,,mensal,mensal
2005-08-31,Comex Stat/MDIC,comex_importacoes_cif_usd,comercio_exterior,8167138689,importacao,metricCIF,US$ CIF,valor_monetario,Valor mensal total das importações brasileiras em dólares CIF.,False,,mensal,mensal
2005-09-30,Comex Stat/MDIC,comex_importacoes_cif_usd,comercio_exterior,6738300385,importacao,metricCIF,US$ CIF,valor_monetario,Valor mensal total das importações brasileiras em dólares CIF.,False,,mensal,mensal
2005-10-31,Comex Stat/MDIC,comex_importacoes_cif_usd,comercio_exterior,6642862263,importacao,metricCIF,US$ CIF,valor_monetario,Valor mensal total das importações brasileiras em dólares CIF.,False,,mensal,mensal
2005-11-30,Comex Stat/MDIC,comex_importacoes_cif_usd,comercio_exterior,7157762657,importacao,metricCIF,US$ CIF,valor_monetario,Valor mensal total das importações brasileiras em dólares CIF.,False,,mensal,mensal
2005-12-31,Comex Stat/MDIC,comex_importacoes_cif_usd,comercio_exterior,7003586931,importacao,metricCIF,US$ CIF,valor_monetario,Valor mensal total das importações brasileiras em dólares CIF.,False,,mensal,mensal
2006-01-31,Comex Stat/MDIC,comex_importacoes_cif_usd,comercio_exterior,6889296528,importacao,metricCIF,US$ CIF,valor_monetario,Valor mensal total das importações brasileiras em dólares CIF.,False,,mensal,mensal
2006-02-28,Comex Stat/MDIC,comex_importacoes_cif_usd,comercio_exterior,6382023542,importacao,metricCIF,US$ CIF,valor_monetario,Valor mensal total das importações brasileiras em dólares CIF.,False,,mensal,mensal
2006-03-31,Comex Stat/MDIC,comex_importacoes_cif_usd,comercio_exterior,8195968477,importacao,metricCIF,US$ CIF,valor_monetario,Valor mensal total das importações brasileiras em dólares CIF.,False,,mensal,mensal
2006-04-30,Comex Stat/MDIC,comex_importacoes_cif_usd,comercio_exterior,7177132781,importacao,metricCIF,US$ CIF,valor_monetario,Valor mensal total das importações brasileiras em dólares CIF.,False,,mensal,mensal
2006-05-31,Comex Stat/MDIC,comex_importacoes_cif_usd,comercio_exterior,7725787166,importacao,metricCIF,US$ CIF,valor_monetario,Valor mensal total das importações brasileiras em dólares CIF.,False,,mensal,mensal
2006-06-30,Comex Stat/MDIC,comex_importacoes_cif_usd,comercio_exterior,7815955663,importacao,metricCIF,US$ CIF,valor_monetario,Valor mensal total das importações brasileiras em dólares CIF.,False,,mensal,mensal
2006-07-31,Comex Stat/MDIC,comex_importacoes_cif_usd,comercio_exterior,8481944666,importacao,metricCIF,US$ CIF,valor_monetario,Valor mensal total das importações brasileiras em dólares CIF.,False,,mensal,mensal
2006-08-31,Comex Stat/MDIC,comex_importacoes_cif_usd,comercio_exterior,9648465574,importacao,metricCIF,US$ CIF,valor_monetario,Valor mensal total das importações brasileiras em dólares CIF.,False,,mensal,mensal
2006-09-30,Comex Stat/MDIC,comex_importacoes_cif_usd,comercio_exterior,8605497886,importacao,metricCIF,US$ CIF,valor_monetario,Valor mensal total das importações brasileiras em dólares CIF.,False,,mensal,mensal
2006-10-31,Comex Stat/MDIC,comex_importacoes_cif_usd,comercio_exterior,9259894747,importacao,metricCIF,US$ CIF,valor_monetario,Valor mensal total das importações brasileiras em dólares CIF.,False,,mensal,mensal
2006-11-30,Comex Stat/MDIC,comex_importacoes_cif_usd,comercio_exterior,9183297751,importacao,metricCIF,US$ CIF,valor_monetario,Valor mensal total das importações brasileiras em dólares CIF.,False,,mensal,mensal
2006-12-31,Comex Stat/MDIC,comex_importacoes_cif_usd,comercio_exterior,7683461484,importacao,metricCIF,US$ CIF,valor_monetario,Valor mensal total das importações brasileiras em dólares CIF.,False,,mensal,mensal
2007-01-31,Comex Stat/MDIC,comex_importacoes_cif_usd,comercio_exterior,8979959248,importacao,metricCIF,US$ CIF,valor_monetario,Valor mensal total das importações brasileiras em dólares CIF.,False,,mensal,mensal
2007-02-28,Comex Stat/MDIC,comex_importacoes_cif_usd,comercio_exterior,7710101987,importacao,metricCIF,US$ CIF,valor_monetario,Valor mensal total das importações brasileiras em dólares CIF.,False,,mensal,mensal
2007-03-31,Comex Stat/MDIC,comex_importacoes_cif_usd,comercio_exterior,10111301509,importacao,metricCIF,US$ CIF,valor_monetario,Valor mensal total das importações brasileiras em dólares CIF.,False,,mensal,mensal
2007-04-30,Comex Stat/MDIC,comex_importacoes_cif_usd,comercio_exterior,8790021142,importacao,metricCIF,US$ CIF,valor_monetario,Valor mensal total das importações brasileiras em dólares CIF.,False,,mensal,mensal
2007-05-31,Comex Stat/MDIC,comex_importacoes_cif_usd,comercio_exterior,10400329617,importacao,metricCIF,US$ CIF,valor_monetario,Valor mensal total das importações brasileiras em dólares CIF.,False,,mensal,mensal
2007-06-30,Comex Stat/MDIC,comex_importacoes_cif_usd,comercio_exterior,9889879153,importacao,metricCIF,US$ CIF,valor_monetario,Valor mensal total das importações brasileiras em dólares CIF.,False,,mensal,mensal
2007-07-31,Comex Stat/MDIC,comex_importacoes_cif_usd,comercio_exterior,11415307048,importacao,metricCIF,US$ CIF,valor_monetario,Valor mensal total das importações brasileiras em dólares CIF.,False,,mensal,mensal
2007-08-31,Comex Stat/MDIC,comex_importacoes_cif_usd,comercio_exterior,12264846655,importacao,metricCIF,US$ CIF,valor_monetario,Valor mensal total das importações brasileiras em dólares CIF.,False,,mensal,mensal
2007-09-30,Comex Stat/MDIC,comex_importacoes_cif_usd,comercio_exterior,11346363287,importacao,metricCIF,US$ CIF,valor_monetario,Valor mensal total das importações brasileiras em dólares CIF.,False,,mensal,mensal
2007-10-31,Comex Stat/MDIC,comex_importacoes_cif_usd,comercio_exterior,13123531669,importacao,metricCIF,US$ CIF,valor_monetario,Valor mensal total das importações brasileiras em dólares CIF.,False,,mensal,mensal
2007-11-30,Comex Stat/MDIC,comex_importacoes_cif_usd,comercio_exterior,12796934250,importacao,metricCIF,US$ CIF,valor_monetario,Valor mensal total das importações brasileiras em dólares CIF.,False,,mensal,mensal
2007-12-31,Comex Stat/MDIC,comex_importacoes_cif_usd,comercio_exterior,11282047026,importacao,metricCIF,US$ CIF,valor_monetario,Valor mensal total das importações brasileiras em dólares CIF.,False,,mensal,mensal
2008-01-31,Comex Stat/MDIC,comex_importacoes_cif_usd,comercio_exterior,13188753827,importacao,metricCIF,US$ CIF,valor_monetario,Valor mensal total das importações brasileiras em dólares CIF.,False,,mensal,mensal
2008-02-29,Comex Stat/MDIC,comex_importacoes_cif_usd,comercio_exterior,12787001316,importacao,metricCIF,US$ CIF,valor_monetario,Valor mensal total das importações brasileiras em dólares CIF.,False,,mensal,mensal
2008-03-31,Comex Stat/MDIC,comex_importacoes_cif_usd,comercio_exterior,12349479187,importacao,metricCIF,US$ CIF,valor_monetario,Valor mensal total das importações brasileiras em dólares CIF.,False,,mensal,mensal
2008-04-30,Comex Stat/MDIC,comex_importacoes_cif_usd,comercio_exterior,13106096254,importacao,metricCIF,US$ CIF,valor_monetario,Valor mensal total das importações brasileiras em dólares CIF.,False,,mensal,mensal
2008-05-31,Comex Stat/MDIC,comex_importacoes_cif_usd,comercio_exterior,16117069115,importacao,metricCIF,US$ CIF,valor_monetario,Valor mensal total das importações brasileiras em dólares CIF.,False,,mensal,mensal
2008-06-30,Comex Stat/MDIC,comex_importacoes_cif_usd,comercio_exterior,16812271240,importacao,metricCIF,US$ CIF,valor_monetario,Valor mensal total das importações brasileiras em dólares CIF.,False,,mensal,mensal
2008-07-31,Comex Stat/MDIC,comex_importacoes_cif_usd,comercio_exterior,18190929922,importacao,metricCIF,US$ CIF,valor_monetario,Valor mensal total das importações brasileiras em dólares CIF.,False,,mensal,mensal
2008-08-31,Comex Stat/MDIC,comex_importacoes_cif_usd,comercio_exterior,18548554644,importacao,metricCIF,US$ CIF,valor_monetario,Valor mensal total das importações brasileiras em dólares CIF.,False,,mensal,mensal
2008-09-30,Comex Stat/MDIC,comex_importacoes_cif_usd,comercio_exterior,18358573545,importacao,metricCIF,US$ CIF,valor_monetario,Valor mensal total das importações brasileiras em dólares CIF.,False,,mensal,mensal
2008-10-31,Comex Stat/MDIC,comex_importacoes_cif_usd,comercio_exterior,18261021625,importacao,metricCIF,US$ CIF,valor_monetario,Valor mensal total das importações brasileiras em dólares CIF.,False,,mensal,mensal
2008-11-30,Comex Stat/MDIC,comex_importacoes_cif_usd,comercio_exterior,13966626143,importacao,metricCIF,US$ CIF,valor_monetario,Valor mensal total das importações brasileiras em dólares CIF.,False,,mensal,mensal
2008-12-31,Comex Stat/MDIC,comex_importacoes_cif_usd,comercio_exterior,12234305331,importacao,metricCIF,US$ CIF,valor_monetario,Valor mensal total das importações brasileiras em dólares CIF.,False,,mensal,mensal
2009-01-31,Comex Stat/MDIC,comex_importacoes_cif_usd,comercio_exterior,10989834380,importacao,metricCIF,US$ CIF,valor_monetario,Valor mensal total das importações brasileiras em dólares CIF.,False,,mensal,mensal
2009-02-28,Comex Stat/MDIC,comex_importacoes_cif_usd,comercio_exterior,8342053077,importacao,metricCIF,US$ CIF,valor_monetario,Valor mensal total das importações brasileiras em dólares CIF.,False,,mensal,mensal
2009-03-31,Comex Stat/MDIC,comex_importacoes_cif_usd,comercio_exterior,10690719159,importacao,metricCIF,US$ CIF,valor_monetario,Valor mensal total das importações brasileiras em dólares CIF.,False,,mensal,mensal
2009-04-30,Comex Stat/MDIC,comex_importacoes_cif_usd,comercio_exterior,9172953547,importacao,metricCIF,US$ CIF,valor_monetario,Valor mensal total das importações brasileiras em dólares CIF.,False,,mensal,mensal
2009-05-31,Comex Stat/MDIC,comex_importacoes_cif_usd,comercio_exterior,9925013540,importacao,metricCIF,US$ CIF,valor_monetario,Valor mensal total das importações brasileiras em dólares CIF.,False,,mensal,mensal
2009-06-30,Comex Stat/MDIC,comex_importacoes_cif_usd,comercio_exterior,10433421764,importacao,metricCIF,US$ CIF,valor_monetario,Valor mensal total das importações brasileiras em dólares CIF.,False,,mensal,mensal
2009-07-31,Comex Stat/MDIC,comex_importacoes_cif_usd,comercio_exterior,11863253414,importacao,metricCIF,US$ CIF,valor_monetario,Valor mensal total das importações brasileiras em dólares CIF.,False,,mensal,mensal
2009-08-31,Comex Stat/MDIC,comex_importacoes_cif_usd,comercio_exterior,11407868005,importacao,metricCIF,US$ CIF,valor_monetario,Valor mensal total das importações brasileiras em dólares CIF.,False,,mensal,mensal
2009-09-30,Comex Stat/MDIC,comex_importacoes_cif_usd,comercio_exterior,13239447948,importacao,metricCIF,US$ CIF,valor_monetario,Valor mensal total das importações brasileiras em dólares CIF.,False,,mensal,mensal
2009-10-31,Comex Stat/MDIC,comex_importacoes_cif_usd,comercio_exterior,13496827059,importacao,metricCIF,US$ CIF,valor_monetario,Valor mensal total das importações brasileiras em dólares CIF.,False,,mensal,mensal
2009-11-30,Comex Stat/MDIC,comex_importacoes_cif_usd,comercio_exterior,12782544716,importacao,metricCIF,US$ CIF,valor_monetario,Valor mensal total das importações brasileiras em dólares CIF.,False,,mensal,mensal
2009-12-31,Comex Stat/MDIC,comex_importacoes_cif_usd,comercio_exterior,13033666484,importacao,metricCIF,US$ CIF,valor_monetario,Valor mensal total das importações brasileiras em dólares CIF.,False,,mensal,mensal
2010-01-31,Comex Stat/MDIC,comex_importacoes_cif_usd,comercio_exterior,12228677154,importacao,metricCIF,US$ CIF,valor_monetario,Valor mensal total das importações brasileiras em dólares CIF.,False,,mensal,mensal
2010-02-28,Comex Stat/MDIC,comex_importacoes_cif_usd,comercio_exterior,12559905567,importacao,metricCIF,US$ CIF,valor_monetario,Valor mensal total das importações brasileiras em dólares CIF.,False,,mensal,mensal
2010-03-31,Comex Stat/MDIC,comex_importacoes_cif_usd,comercio_exterior,15958245695,importacao,metricCIF,US$ CIF,valor_monetario,Valor mensal total das importações brasileiras em dólares CIF.,False,,mensal,mensal
2010-04-30,Comex Stat/MDIC,comex_importacoes_cif_usd,comercio_exterior,14751982067,importacao,metricCIF,US$ CIF,valor_monetario,Valor mensal total das importações brasileiras em dólares CIF.,False,,mensal,mensal
2010-05-31,Comex Stat/MDIC,comex_importacoes_cif_usd,comercio_exterior,15166176653,importacao,metricCIF,US$ CIF,valor_monetario,Valor mensal total das importações brasileiras em dólares CIF.,False,,mensal,mensal
2010-06-30,Comex Stat/MDIC,comex_importacoes_cif_usd,comercio_exterior,15768688462,importacao,metricCIF,US$ CIF,valor_monetario,Valor mensal total das importações brasileiras em dólares CIF.,False,,mensal,mensal
2010-07-31,Comex Stat/MDIC,comex_importacoes_cif_usd,comercio_exterior,17364862976,importacao,metricCIF,US$ CIF,valor_monetario,Valor mensal total das importações brasileiras em dólares CIF.,False,,mensal,mensal
2010-08-31,Comex Stat/MDIC,comex_importacoes_cif_usd,comercio_exterior,17892943667,importacao,metricCIF,US$ CIF,valor_monetario,Valor mensal total das importações brasileiras em dólares CIF.,False,,mensal,mensal
2010-09-30,Comex Stat/MDIC,comex_importacoes_cif_usd,comercio_exterior,18849092113,importacao,metricCIF,US$ CIF,valor_monetario,Valor mensal total das importações brasileiras em dólares CIF.,False,,mensal,mensal
2010-10-31,Comex Stat/MDIC,comex_importacoes_cif_usd,comercio_exterior,17594929996,importacao,metricCIF,US$ CIF,valor_monetario,Valor mensal total das importações brasileiras em dólares CIF.,False,,mensal,mensal
2010-11-30,Comex Stat/MDIC,comex_importacoes_cif_usd,comercio_exterior,18475095229,importacao,metricCIF,US$ CIF,valor_monetario,Valor mensal total das importações brasileiras em dólares CIF.,False,,mensal,mensal
2010-12-31,Comex Stat/MDIC,comex_importacoes_cif_usd,comercio_exterior,16573666011,importacao,metricCIF,US$ CIF,valor_monetario,Valor mensal total das importações brasileiras em dólares CIF.,False,,mensal,mensal
2011-01-31,Comex Stat/MDIC,comex_importacoes_cif_usd,comercio_exterior,15759194897,importacao,metricCIF,US$ CIF,valor_monetario,Valor mensal total das importações brasileiras em dólares CIF.,False,,mensal,mensal
2011-02-28,Comex Stat/MDIC,comex_importacoes_cif_usd,comercio_exterior,16484201855,importacao,metricCIF,US$ CIF,valor_monetario,Valor mensal total das importações brasileiras em dólares CIF.,False,,mensal,mensal
2011-03-31,Comex Stat/MDIC,comex_importacoes_cif_usd,comercio_exterior,18735892249,importacao,metricCIF,US$ CIF,valor_monetario,Valor mensal total das importações brasileiras em dólares CIF.,False,,mensal,mensal
2011-04-30,Comex Stat/MDIC,comex_importacoes_cif_usd,comercio_exterior,19312283691,importacao,metricCIF,US$ CIF,valor_monetario,Valor mensal total das importações brasileiras em dólares CIF.,False,,mensal,mensal
2011-05-31,Comex Stat/MDIC,comex_importacoes_cif_usd,comercio_exterior,20762854740,importacao,metricCIF,US$ CIF,valor_monetario,Valor mensal total das importações brasileiras em dólares CIF.,False,,mensal,mensal
2011-06-30,Comex Stat/MDIC,comex_importacoes_cif_usd,comercio_exterior,20287034309,importacao,metricCIF,US$ CIF,valor_monetario,Valor mensal total das importações brasileiras em dólares CIF.,False,,mensal,mensal
2011-07-31,Comex Stat/MDIC,comex_importacoes_cif_usd,comercio_exterior,20147745860,importacao,metricCIF,US$ CIF,valor_monetario,Valor mensal total das importações brasileiras em dólares CIF.,False,,mensal,mensal
2011-08-31,Comex Stat/MDIC,comex_importacoes_cif_usd,comercio_exterior,23422520878,importacao,metricCIF,US$ CIF,valor_monetario,Valor mensal total das importações brasileiras em dólares CIF.,False,,mensal,mensal
2011-09-30,Comex Stat/MDIC,comex_importacoes_cif_usd,comercio_exterior,21297579028,importacao,metricCIF,US$ CIF,valor_monetario,Valor mensal total das importações brasileiras em dólares CIF.,False,,mensal,mensal
2011-10-31,Comex Stat/MDIC,comex_importacoes_cif_usd,comercio_exterior,20803927023,importacao,metricCIF,US$ CIF,valor_monetario,Valor mensal total das importações brasileiras em dólares CIF.,False,,mensal,mensal
2011-11-30,Comex Stat/MDIC,comex_importacoes_cif_usd,comercio_exterior,22335598673,importacao,metricCIF,US$ CIF,valor_monetario,Valor mensal total das importações brasileiras em dólares CIF.,False,,mensal,mensal
2011-12-31,Comex Stat/MDIC,comex_importacoes_cif_usd,comercio_exterior,19357299172,importacao,metricCIF,US$ CIF,valor_monetario,Valor mensal total das importações brasileiras em dólares CIF.,False,,mensal,mensal
2012-01-31,Comex Stat/MDIC,comex_importacoes_cif_usd,comercio_exterior,18388892128,importacao,metricCIF,US$ CIF,valor_monetario,Valor mensal total das importações brasileiras em dólares CIF.,False,,mensal,mensal
2012-02-29,Comex Stat/MDIC,comex_importacoes_cif_usd,comercio_exterior,17214313808,importacao,metricCIF,US$ CIF,valor_monetario,Valor mensal total das importações brasileiras em dólares CIF.,False,,mensal,mensal
2012-03-31,Comex Stat/MDIC,comex_importacoes_cif_usd,comercio_exterior,19881002210,importacao,metricCIF,US$ CIF,valor_monetario,Valor mensal total das importações brasileiras em dólares CIF.,False,,mensal,mensal
2012-04-30,Comex Stat/MDIC,comex_importacoes_cif_usd,comercio_exterior,19643658379,importacao,metricCIF,US$ CIF,valor_monetario,Valor mensal total das importações brasileiras em dólares CIF.,False,,mensal,mensal
2012-05-31,Comex Stat/MDIC,comex_importacoes_cif_usd,comercio_exterior,21337282461,importacao,metricCIF,US$ CIF,valor_monetario,Valor mensal total das importações brasileiras em dólares CIF.,False,,mensal,mensal
2012-06-30,Comex Stat/MDIC,comex_importacoes_cif_usd,comercio_exterior,19531731411,importacao,metricCIF,US$ CIF,valor_monetario,Valor mensal total das importações brasileiras em dólares CIF.,False,,mensal,mensal
2012-07-31,Comex Stat/MDIC,comex_importacoes_cif_usd,comercio_exterior,19137266537,importacao,metricCIF,US$ CIF,valor_monetario,Valor mensal total das importações brasileiras em dólares CIF.,False,,mensal,mensal
2012-08-31,Comex Stat/MDIC,comex_importacoes_cif_usd,comercio_exterior,20226844215,importacao,metricCIF,US$ CIF,valor_monetario,Valor mensal total das importações brasileiras em dólares CIF.,False,,mensal,mensal
2012-09-30,Comex Stat/MDIC,comex_importacoes_cif_usd,comercio_exterior,18450984236,importacao,metricCIF,US$ CIF,valor_monetario,Valor mensal total das importações brasileiras em dólares CIF.,False,,mensal,mensal
2012-10-31,Comex Stat/MDIC,comex_importacoes_cif_usd,comercio_exterior,21356524331,importacao,metricCIF,US$ CIF,valor_monetario,Valor mensal total das importações brasileiras em dólares CIF.,False,,mensal,mensal
2012-11-30,Comex Stat/MDIC,comex_importacoes_cif_usd,comercio_exterior,21749696741,importacao,metricCIF,US$ CIF,valor_monetario,Valor mensal total das importações brasileiras em dólares CIF.,False,,mensal,mensal
2012-12-31,Comex Stat/MDIC,comex_importacoes_cif_usd,comercio_exterior,18486282626,importacao,metricCIF,US$ CIF,valor_monetario,Valor mensal total das importações brasileiras em dólares CIF.,False,,mensal,mensal
2013-01-31,Comex Stat/MDIC,comex_importacoes_cif_usd,comercio_exterior,21060416041,importacao,metricCIF,US$ CIF,valor_monetario,Valor mensal total das importações brasileiras em dólares CIF.,False,,mensal,mensal
2013-02-28,Comex Stat/MDIC,comex_importacoes_cif_usd,comercio_exterior,17794871150,importacao,metricCIF,US$ CIF,valor_monetario,Valor mensal total das importações brasileiras em dólares CIF.,False,,mensal,mensal
2013-03-31,Comex Stat/MDIC,comex_importacoes_cif_usd,comercio_exterior,20171122936,importacao,metricCIF,US$ CIF,valor_monetario,Valor mensal total das importações brasileiras em dólares CIF.,False,,mensal,mensal
2013-04-30,Comex Stat/MDIC,comex_importacoes_cif_usd,comercio_exterior,22777128319,importacao,metricCIF,US$ CIF,valor_monetario,Valor mensal total das importações brasileiras em dólares CIF.,False,,mensal,mensal
2013-05-31,Comex Stat/MDIC,comex_importacoes_cif_usd,comercio_exterior,22164845089,importacao,metricCIF,US$ CIF,valor_monetario,Valor mensal total das importações brasileiras em dólares CIF.,False,,mensal,mensal
2013-06-30,Comex Stat/MDIC,comex_importacoes_cif_usd,comercio_exterior,19841106882,importacao,metricCIF,US$ CIF,valor_monetario,Valor mensal total das importações brasileiras em dólares CIF.,False,,mensal,mensal
2013-07-31,Comex Stat/MDIC,comex_importacoes_cif_usd,comercio_exterior,23827776974,importacao,metricCIF,US$ CIF,valor_monetario,Valor mensal total das importações brasileiras em dólares CIF.,False,,mensal,mensal
2013-08-31,Comex Stat/MDIC,comex_importacoes_cif_usd,comercio_exterior,21276430502,importacao,metricCIF,US$ CIF,valor_monetario,Valor mensal total das importações brasileiras em dólares CIF.,False,,mensal,mensal
2013-09-30,Comex Stat/MDIC,comex_importacoes_cif_usd,comercio_exterior,19879738001,importacao,metricCIF,US$ CIF,valor_monetario,Valor mensal total das importações brasileiras em dólares CIF.,False,,mensal,mensal
2013-10-31,Comex Stat/MDIC,comex_importacoes_cif_usd,comercio_exterior,24181280762,importacao,metricCIF,US$ CIF,valor_monetario,Valor mensal total das importações brasileiras em dólares CIF.,False,,mensal,mensal
2013-11-30,Comex Stat/MDIC,comex_importacoes_cif_usd,comercio_exterior,20150673508,importacao,metricCIF,US$ CIF,valor_monetario,Valor mensal total das importações brasileiras em dólares CIF.,False,,mensal,mensal
2013-12-31,Comex Stat/MDIC,comex_importacoes_cif_usd,comercio_exterior,19156314359,importacao,metricCIF,US$ CIF,valor_monetario,Valor mensal total das importações brasileiras em dólares CIF.,False,,mensal,mensal
2014-01-31,Comex Stat/MDIC,comex_importacoes_cif_usd,comercio_exterior,21153645078,importacao,metricCIF,US$ CIF,valor_monetario,Valor mensal total das importações brasileiras em dólares CIF.,False,,mensal,mensal
2014-02-28,Comex Stat/MDIC,comex_importacoes_cif_usd,comercio_exterior,19021269278,importacao,metricCIF,US$ CIF,valor_monetario,Valor mensal total das importações brasileiras em dólares CIF.,False,,mensal,mensal
2014-03-31,Comex Stat/MDIC,comex_importacoes_cif_usd,comercio_exterior,18446111843,importacao,metricCIF,US$ CIF,valor_monetario,Valor mensal total das importações brasileiras em dólares CIF.,False,,mensal,mensal
2014-04-30,Comex Stat/MDIC,comex_importacoes_cif_usd,comercio_exterior,20228059387,importacao,metricCIF,US$ CIF,valor_monetario,Valor mensal total das importações brasileiras em dólares CIF.,False,,mensal,mensal
2014-05-31,Comex Stat/MDIC,comex_importacoes_cif_usd,comercio_exterior,21124016634,importacao,metricCIF,US$ CIF,valor_monetario,Valor mensal total das importações brasileiras em dólares CIF.,False,,mensal,mensal
2014-06-30,Comex Stat/MDIC,comex_importacoes_cif_usd,comercio_exterior,18984147994,importacao,metricCIF,US$ CIF,valor_monetario,Valor mensal total das importações brasileiras em dólares CIF.,False,,mensal,mensal
2014-07-31,Comex Stat/MDIC,comex_importacoes_cif_usd,comercio_exterior,22503862170,importacao,metricCIF,US$ CIF,valor_monetario,Valor mensal total das importações brasileiras em dólares CIF.,False,,mensal,mensal
2014-08-31,Comex Stat/MDIC,comex_importacoes_cif_usd,comercio_exterior,20238271324,importacao,metricCIF,US$ CIF,valor_monetario,Valor mensal total das importações brasileiras em dólares CIF.,False,,mensal,mensal
2014-09-30,Comex Stat/MDIC,comex_importacoes_cif_usd,comercio_exterior,21548935493,importacao,metricCIF,US$ CIF,valor_monetario,Valor mensal total das importações brasileiras em dólares CIF.,False,,mensal,mensal
2014-10-31,Comex Stat/MDIC,comex_importacoes_cif_usd,comercio_exterior,20482035215,importacao,metricCIF,US$ CIF,valor_monetario,Valor mensal total das importações brasileiras em dólares CIF.,False,,mensal,mensal
2014-11-30,Comex Stat/MDIC,comex_importacoes_cif_usd,comercio_exterior,18989402278,importacao,metricCIF,US$ CIF,valor_monetario,Valor mensal total das importações brasileiras em dólares CIF.,False,,mensal,mensal
2014-12-31,Comex Stat/MDIC,comex_importacoes_cif_usd,comercio_exterior,18043615288,importacao,metricCIF,US$ CIF,valor_monetario,Valor mensal total das importações brasileiras em dólares CIF.,False,,mensal,mensal
2015-01-31,Comex Stat/MDIC,comex_importacoes_cif_usd,comercio_exterior,17750965227,importacao,metricCIF,US$ CIF,valor_monetario,Valor mensal total das importações brasileiras em dólares CIF.,False,,mensal,mensal
2015-02-28,Comex Stat/MDIC,comex_importacoes_cif_usd,comercio_exterior,15738826636,importacao,metricCIF,US$ CIF,valor_monetario,Valor mensal total das importações brasileiras em dólares CIF.,False,,mensal,mensal
2015-03-31,Comex Stat/MDIC,comex_importacoes_cif_usd,comercio_exterior,17402138747,importacao,metricCIF,US$ CIF,valor_monetario,Valor mensal total das importações brasileiras em dólares CIF.,False,,mensal,mensal
2015-04-30,Comex Stat/MDIC,comex_importacoes_cif_usd,comercio_exterior,15453413110,importacao,metricCIF,US$ CIF,valor_monetario,Valor mensal total das importações brasileiras em dólares CIF.,False,,mensal,mensal
2015-05-31,Comex Stat/MDIC,comex_importacoes_cif_usd,comercio_exterior,14775674634,importacao,metricCIF,US$ CIF,valor_monetario,Valor mensal total das importações brasileiras em dólares CIF.,False,,mensal,mensal
2015-06-30,Comex Stat/MDIC,comex_importacoes_cif_usd,comercio_exterior,15883851874,importacao,metricCIF,US$ CIF,valor_monetario,Valor mensal total das importações brasileiras em dólares CIF.,False,,mensal,mensal
2015-07-31,Comex Stat/MDIC,comex_importacoes_cif_usd,comercio_exterior,16905155541,importacao,metricCIF,US$ CIF,valor_monetario,Valor mensal total das importações brasileiras em dólares CIF.,False,,mensal,mensal
2015-08-31,Comex Stat/MDIC,comex_importacoes_cif_usd,comercio_exterior,13450636013,importacao,metricCIF,US$ CIF,valor_monetario,Valor mensal total das importações brasileiras em dólares CIF.,False,,mensal,mensal
2015-09-30,Comex Stat/MDIC,comex_importacoes_cif_usd,comercio_exterior,13893633222,importacao,metricCIF,US$ CIF,valor_monetario,Valor mensal total das importações brasileiras em dólares CIF.,False,,mensal,mensal
2015-10-31,Comex Stat/MDIC,comex_importacoes_cif_usd,comercio_exterior,14769259476,importacao,metricCIF,US$ CIF,valor_monetario,Valor mensal total das importações brasileiras em dólares CIF.,False,,mensal,mensal
2015-11-30,Comex Stat/MDIC,comex_importacoes_cif_usd,comercio_exterior,13305066185,importacao,metricCIF,US$ CIF,valor_monetario,Valor mensal total das importações brasileiras em dólares CIF.,False,,mensal,mensal
2015-12-31,Comex Stat/MDIC,comex_importacoes_cif_usd,comercio_exterior,11131715465,importacao,metricCIF,US$ CIF,valor_monetario,Valor mensal total das importações brasileiras em dólares CIF.,False,,mensal,mensal
2016-01-31,Comex Stat/MDIC,comex_importacoes_cif_usd,comercio_exterior,10856214633,importacao,metricCIF,US$ CIF,valor_monetario,Valor mensal total das importações brasileiras em dólares CIF.,False,,mensal,mensal
2016-02-29,Comex Stat/MDIC,comex_importacoes_cif_usd,comercio_exterior,10902553088,importacao,metricCIF,US$ CIF,valor_monetario,Valor mensal total das importações brasileiras em dólares CIF.,False,,mensal,mensal
2016-03-31,Comex Stat/MDIC,comex_importacoes_cif_usd,comercio_exterior,12206106664,importacao,metricCIF,US$ CIF,valor_monetario,Valor mensal total das importações brasileiras em dólares CIF.,False,,mensal,mensal
2016-04-30,Comex Stat/MDIC,comex_importacoes_cif_usd,comercio_exterior,11122086042,importacao,metricCIF,US$ CIF,valor_monetario,Valor mensal total das importações brasileiras em dólares CIF.,False,,mensal,mensal
2016-05-31,Comex Stat/MDIC,comex_importacoes_cif_usd,comercio_exterior,11749838442,importacao,metricCIF,US$ CIF,valor_monetario,Valor mensal total das importações brasileiras em dólares CIF.,False,,mensal,mensal
2016-06-30,Comex Stat/MDIC,comex_importacoes_cif_usd,comercio_exterior,13480406459,importacao,metricCIF,US$ CIF,valor_monetario,Valor mensal total das importações brasileiras em dólares CIF.,False,,mensal,mensal
2016-07-31,Comex Stat/MDIC,comex_importacoes_cif_usd,comercio_exterior,12399959575,importacao,metricCIF,US$ CIF,valor_monetario,Valor mensal total das importações brasileiras em dólares CIF.,False,,mensal,mensal
2016-08-31,Comex Stat/MDIC,comex_importacoes_cif_usd,comercio_exterior,13561453779,importacao,metricCIF,US$ CIF,valor_monetario,Valor mensal total das importações brasileiras em dólares CIF.,False,,mensal,mensal
2016-09-30,Comex Stat/MDIC,comex_importacoes_cif_usd,comercio_exterior,12677146302,importacao,metricCIF,US$ CIF,valor_monetario,Valor mensal total das importações brasileiras em dólares CIF.,False,,mensal,mensal
2016-10-31,Comex Stat/MDIC,comex_importacoes_cif_usd,comercio_exterior,12015280925,importacao,metricCIF,US$ CIF,valor_monetario,Valor mensal total das importações brasileiras em dólares CIF.,False,,mensal,mensal
2016-11-30,Comex Stat/MDIC,comex_importacoes_cif_usd,comercio_exterior,12099129628,importacao,metricCIF,US$ CIF,valor_monetario,Valor mensal total das importações brasileiras em dólares CIF.,False,,mensal,mensal
2016-12-31,Comex Stat/MDIC,comex_importacoes_cif_usd,comercio_exterior,12177699269,importacao,metricCIF,US$ CIF,valor_monetario,Valor mensal total das importações brasileiras em dólares CIF.,False,,mensal,mensal
2017-01-31,Comex Stat/MDIC,comex_importacoes_cif_usd,comercio_exterior,12869070306,importacao,metricCIF,US$ CIF,valor_monetario,Valor mensal total das importações brasileiras em dólares CIF.,False,,mensal,mensal
2017-02-28,Comex Stat/MDIC,comex_importacoes_cif_usd,comercio_exterior,11532274704,importacao,metricCIF,US$ CIF,valor_monetario,Valor mensal total das importações brasileiras em dólares CIF.,False,,mensal,mensal
2017-03-31,Comex Stat/MDIC,comex_importacoes_cif_usd,comercio_exterior,14162349733,importacao,metricCIF,US$ CIF,valor_monetario,Valor mensal total das importações brasileiras em dólares CIF.,False,,mensal,mensal
2017-04-30,Comex Stat/MDIC,comex_importacoes_cif_usd,comercio_exterior,11935174433,importacao,metricCIF,US$ CIF,valor_monetario,Valor mensal total das importações brasileiras em dólares CIF.,False,,mensal,mensal
2017-05-31,Comex Stat/MDIC,comex_importacoes_cif_usd,comercio_exterior,13507211128,importacao,metricCIF,US$ CIF,valor_monetario,Valor mensal total das importações brasileiras em dólares CIF.,False,,mensal,mensal
2017-06-30,Comex Stat/MDIC,comex_importacoes_cif_usd,comercio_exterior,13988558221,importacao,metricCIF,US$ CIF,valor_monetario,Valor mensal total das importações brasileiras em dólares CIF.,False,,mensal,mensal
2017-07-31,Comex Stat/MDIC,comex_importacoes_cif_usd,comercio_exterior,13849943694,importacao,metricCIF,US$ CIF,valor_monetario,Valor mensal total das importações brasileiras em dólares CIF.,False,,mensal,mensal
2017-08-31,Comex Stat/MDIC,comex_importacoes_cif_usd,comercio_exterior,15448741868,importacao,metricCIF,US$ CIF,valor_monetario,Valor mensal total das importações brasileiras em dólares CIF.,False,,mensal,mensal
2017-09-30,Comex Stat/MDIC,comex_importacoes_cif_usd,comercio_exterior,14874427759,importacao,metricCIF,US$ CIF,valor_monetario,Valor mensal total das importações brasileiras em dólares CIF.,False,,mensal,mensal
2017-10-31,Comex Stat/MDIC,comex_importacoes_cif_usd,comercio_exterior,15220278498,importacao,metricCIF,US$ CIF,valor_monetario,Valor mensal total das importações brasileiras em dólares CIF.,False,,mensal,mensal
2017-11-30,Comex Stat/MDIC,comex_importacoes_cif_usd,comercio_exterior,14545466402,importacao,metricCIF,US$ CIF,valor_monetario,Valor mensal total das importações brasileiras em dólares CIF.,False,,mensal,mensal
2017-12-31,Comex Stat/MDIC,comex_importacoes_cif_usd,comercio_exterior,13921735383,importacao,metricCIF,US$ CIF,valor_monetario,Valor mensal total das importações brasileiras em dólares CIF.,False,,mensal,mensal
2018-01-31,Comex Stat/MDIC,comex_importacoes_cif_usd,comercio_exterior,15772020968,importacao,metricCIF,US$ CIF,valor_monetario,Valor mensal total das importações brasileiras em dólares CIF.,False,,mensal,mensal
2018-02-28,Comex Stat/MDIC,comex_importacoes_cif_usd,comercio_exterior,13849383486,importacao,metricCIF,US$ CIF,valor_monetario,Valor mensal total das importações brasileiras em dólares CIF.,False,,mensal,mensal
2018-03-31,Comex Stat/MDIC,comex_importacoes_cif_usd,comercio_exterior,15296260684,importacao,metricCIF,US$ CIF,valor_monetario,Valor mensal total das importações brasileiras em dólares CIF.,False,,mensal,mensal
2018-04-30,Comex Stat/MDIC,comex_importacoes_cif_usd,comercio_exterior,15288846396,importacao,metricCIF,US$ CIF,valor_monetario,Valor mensal total das importações brasileiras em dólares CIF.,False,,mensal,mensal
2018-05-31,Comex Stat/MDIC,comex_importacoes_cif_usd,comercio_exterior,14626385427,importacao,metricCIF,US$ CIF,valor_monetario,Valor mensal total das importações brasileiras em dólares CIF.,False,,mensal,mensal
2018-06-30,Comex Stat/MDIC,comex_importacoes_cif_usd,comercio_exterior,15600156470,importacao,metricCIF,US$ CIF,valor_monetario,Valor mensal total das importações brasileiras em dólares CIF.,False,,mensal,mensal
2018-07-31,Comex Stat/MDIC,comex_importacoes_cif_usd,comercio_exterior,18439012029,importacao,metricCIF,US$ CIF,valor_monetario,Valor mensal total das importações brasileiras em dólares CIF.,False,,mensal,mensal
2018-08-31,Comex Stat/MDIC,comex_importacoes_cif_usd,comercio_exterior,20456556439,importacao,metricCIF,US$ CIF,valor_monetario,Valor mensal total das importações brasileiras em dólares CIF.,False,,mensal,mensal
2018-09-30,Comex Stat/MDIC,comex_importacoes_cif_usd,comercio_exterior,15552054649,importacao,metricCIF,US$ CIF,valor_monetario,Valor mensal total das importações brasileiras em dólares CIF.,False,,mensal,mensal
2018-10-31,Comex Stat/MDIC,comex_importacoes_cif_usd,comercio_exterior,17584447259,importacao,metricCIF,US$ CIF,valor_monetario,Valor mensal total das importações brasileiras em dólares CIF.,False,,mensal,mensal
2018-11-30,Comex Stat/MDIC,comex_importacoes_cif_usd,comercio_exterior,16160615443,importacao,metricCIF,US$ CIF,valor_monetario,Valor mensal total das importações brasileiras em dólares CIF.,False,,mensal,mensal
2018-12-31,Comex Stat/MDIC,comex_importacoes_cif_usd,comercio_exterior,14214474830,importacao,metricCIF,US$ CIF,valor_monetario,Valor mensal total das importações brasileiras em dólares CIF.,False,,mensal,mensal
2019-01-31,Comex Stat/MDIC,comex_importacoes_cif_usd,comercio_exterior,18068183149,importacao,metricCIF,US$ CIF,valor_monetario,Valor mensal total das importações brasileiras em dólares CIF.,False,,mensal,mensal
2019-02-28,Comex Stat/MDIC,comex_importacoes_cif_usd,comercio_exterior,14123136744,importacao,metricCIF,US$ CIF,valor_monetario,Valor mensal total das importações brasileiras em dólares CIF.,False,,mensal,mensal
2019-03-31,Comex Stat/MDIC,comex_importacoes_cif_usd,comercio_exterior,14622663982,importacao,metricCIF,US$ CIF,valor_monetario,Valor mensal total das importações brasileiras em dólares CIF.,False,,mensal,mensal
2019-04-30,Comex Stat/MDIC,comex_importacoes_cif_usd,comercio_exterior,15239085267,importacao,metricCIF,US$ CIF,valor_monetario,Valor mensal total das importações brasileiras em dólares CIF.,False,,mensal,mensal
2019-05-31,Comex Stat/MDIC,comex_importacoes_cif_usd,comercio_exterior,16747419317,importacao,metricCIF,US$ CIF,valor_monetario,Valor mensal total das importações brasileiras em dólares CIF.,False,,mensal,mensal
2019-06-30,Comex Stat/MDIC,comex_importacoes_cif_usd,comercio_exterior,14467895735,importacao,metricCIF,US$ CIF,valor_monetario,Valor mensal total das importações brasileiras em dólares CIF.,False,,mensal,mensal
2019-07-31,Comex Stat/MDIC,comex_importacoes_cif_usd,comercio_exterior,18676015071,importacao,metricCIF,US$ CIF,valor_monetario,Valor mensal total das importações brasileiras em dólares CIF.,False,,mensal,mensal
2019-08-31,Comex Stat/MDIC,comex_importacoes_cif_usd,comercio_exterior,18289013618,importacao,metricCIF,US$ CIF,valor_monetario,Valor mensal total das importações brasileiras em dólares CIF.,False,,mensal,mensal
2019-09-30,Comex Stat/MDIC,comex_importacoes_cif_usd,comercio_exterior,15965591037,importacao,metricCIF,US$ CIF,valor_monetario,Valor mensal total das importações brasileiras em dólares CIF.,False,,mensal,mensal
2019-10-31,Comex Stat/MDIC,comex_importacoes_cif_usd,comercio_exterior,17662698232,importacao,metricCIF,US$ CIF,valor_monetario,Valor mensal total das importações brasileiras em dólares CIF.,False,,mensal,mensal
2019-11-30,Comex Stat/MDIC,comex_importacoes_cif_usd,comercio_exterior,15468446265,importacao,metricCIF,US$ CIF,valor_monetario,Valor mensal total das importações brasileiras em dólares CIF.,False,,mensal,mensal
2019-12-31,Comex Stat/MDIC,comex_importacoes_cif_usd,comercio_exterior,13831855621,importacao,metricCIF,US$ CIF,valor_monetario,Valor mensal total das importações brasileiras em dólares CIF.,False,,mensal,mensal
2020-01-31,Comex Stat/MDIC,comex_importacoes_cif_usd,comercio_exterior,17842724736,importacao,metricCIF,US$ CIF,valor_monetario,Valor mensal total das importações brasileiras em dólares CIF.,False,,mensal,mensal
2020-02-29,Comex Stat/MDIC,comex_importacoes_cif_usd,comercio_exterior,14434273449,importacao,metricCIF,US$ CIF,valor_monetario,Valor mensal total das importações brasileiras em dólares CIF.,False,,mensal,mensal
2020-03-31,Comex Stat/MDIC,comex_importacoes_cif_usd,comercio_exterior,14921821007,importacao,metricCIF,US$ CIF,valor_monetario,Valor mensal total das importações brasileiras em dólares CIF.,False,,mensal,mensal
2020-04-30,Comex Stat/MDIC,comex_importacoes_cif_usd,comercio_exterior,12048120031,importacao,metricCIF,US$ CIF,valor_monetario,Valor mensal total das importações brasileiras em dólares CIF.,False,,mensal,mensal
2020-05-31,Comex Stat/MDIC,comex_importacoes_cif_usd,comercio_exterior,11277635376,importacao,metricCIF,US$ CIF,valor_monetario,Valor mensal total das importações brasileiras em dólares CIF.,False,,mensal,mensal
2020-06-30,Comex Stat/MDIC,comex_importacoes_cif_usd,comercio_exterior,11538884962,importacao,metricCIF,US$ CIF,valor_monetario,Valor mensal total das importações brasileiras em dólares CIF.,False,,mensal,mensal
2020-07-31,Comex Stat/MDIC,comex_importacoes_cif_usd,comercio_exterior,12329528109,importacao,metricCIF,US$ CIF,valor_monetario,Valor mensal total das importações brasileiras em dólares CIF.,False,,mensal,mensal
2020-08-31,Comex Stat/MDIC,comex_importacoes_cif_usd,comercio_exterior,12077015775,importacao,metricCIF,US$ CIF,valor_monetario,Valor mensal total das importações brasileiras em dólares CIF.,False,,mensal,mensal
2020-09-30,Comex Stat/MDIC,comex_importacoes_cif_usd,comercio_exterior,13700506938,importacao,metricCIF,US$ CIF,valor_monetario,Valor mensal total das importações brasileiras em dólares CIF.,False,,mensal,mensal
2020-10-31,Comex Stat/MDIC,comex_importacoes_cif_usd,comercio_exterior,13879521491,importacao,metricCIF,US$ CIF,valor_monetario,Valor mensal total das importações brasileiras em dólares CIF.,False,,mensal,mensal
2020-11-30,Comex Stat/MDIC,comex_importacoes_cif_usd,comercio_exterior,15689726181,importacao,metricCIF,US$ CIF,valor_monetario,Valor mensal total das importações brasileiras em dólares CIF.,False,,mensal,mensal
2020-12-31,Comex Stat/MDIC,comex_importacoes_cif_usd,comercio_exterior,16596457398,importacao,metricCIF,US$ CIF,valor_monetario,Valor mensal total das importações brasileiras em dólares CIF.,False,,mensal,mensal
2021-01-31,Comex Stat/MDIC,comex_importacoes_cif_usd,comercio_exterior,16040106005,importacao,metricCIF,US$ CIF,valor_monetario,Valor mensal total das importações brasileiras em dólares CIF.,False,,mensal,mensal
2021-02-28,Comex Stat/MDIC,comex_importacoes_cif_usd,comercio_exterior,15524210890,importacao,metricCIF,US$ CIF,valor_monetario,Valor mensal total das importações brasileiras em dólares CIF.,False,,mensal,mensal
2021-03-31,Comex Stat/MDIC,comex_importacoes_cif_usd,comercio_exterior,19128875134,importacao,metricCIF,US$ CIF,valor_monetario,Valor mensal total das importações brasileiras em dólares CIF.,False,,mensal,mensal
2021-04-30,Comex Stat/MDIC,comex_importacoes_cif_usd,comercio_exterior,17136785073,importacao,metricCIF,US$ CIF,valor_monetario,Valor mensal total das importações brasileiras em dólares CIF.,False,,mensal,mensal
2021-05-31,Comex Stat/MDIC,comex_importacoes_cif_usd,comercio_exterior,18811239311,importacao,metricCIF,US$ CIF,valor_monetario,Valor mensal total das importações brasileiras em dólares CIF.,False,,mensal,mensal
2021-06-30,Comex Stat/MDIC,comex_importacoes_cif_usd,comercio_exterior,18969693075,importacao,metricCIF,US$ CIF,valor_monetario,Valor mensal total das importações brasileiras em dólares CIF.,False,,mensal,mensal
2021-07-31,Comex Stat/MDIC,comex_importacoes_cif_usd,comercio_exterior,19293137826,importacao,metricCIF,US$ CIF,valor_monetario,Valor mensal total das importações brasileiras em dólares CIF.,False,,mensal,mensal
2021-08-31,Comex Stat/MDIC,comex_importacoes_cif_usd,comercio_exterior,20888585801,importacao,metricCIF,US$ CIF,valor_monetario,Valor mensal total das importações brasileiras em dólares CIF.,False,,mensal,mensal
2021-09-30,Comex Stat/MDIC,comex_importacoes_cif_usd,comercio_exterior,21432482334,importacao,metricCIF,US$ CIF,valor_monetario,Valor mensal total das importações brasileiras em dólares CIF.,False,,mensal,mensal
2021-10-31,Comex Stat/MDIC,comex_importacoes_cif_usd,comercio_exterior,22068141366,importacao,metricCIF,US$ CIF,valor_monetario,Valor mensal total das importações brasileiras em dólares CIF.,False,,mensal,mensal
2021-11-30,Comex Stat/MDIC,comex_importacoes_cif_usd,comercio_exterior,23301382281,importacao,metricCIF,US$ CIF,valor_monetario,Valor mensal total das importações brasileiras em dólares CIF.,False,,mensal,mensal
2021-12-31,Comex Stat/MDIC,comex_importacoes_cif_usd,comercio_exterior,22095806139,importacao,metricCIF,US$ CIF,valor_monetario,Valor mensal total das importações brasileiras em dólares CIF.,False,,mensal,mensal
2022-01-31,Comex Stat/MDIC,comex_importacoes_cif_usd,comercio_exterior,21462585211,importacao,metricCIF,US$ CIF,valor_monetario,Valor mensal total das importações brasileiras em dólares CIF.,False,,mensal,mensal
2022-02-28,Comex Stat/MDIC,comex_importacoes_cif_usd,comercio_exterior,20419094328,importacao,metricCIF,US$ CIF,valor_monetario,Valor mensal total das importações brasileiras em dólares CIF.,False,,mensal,mensal
2022-03-31,Comex Stat/MDIC,comex_importacoes_cif_usd,comercio_exterior,23492825916,importacao,metricCIF,US$ CIF,valor_monetario,Valor mensal total das importações brasileiras em dólares CIF.,False,,mensal,mensal
2022-04-30,Comex Stat/MDIC,comex_importacoes_cif_usd,comercio_exterior,22177663873,importacao,metricCIF,US$ CIF,valor_monetario,Valor mensal total das importações brasileiras em dólares CIF.,False,,mensal,mensal
2022-05-31,Comex Stat/MDIC,comex_importacoes_cif_usd,comercio_exterior,26328029903,importacao,metricCIF,US$ CIF,valor_monetario,Valor mensal total das importações brasileiras em dólares CIF.,False,,mensal,mensal
2022-06-30,Comex Stat/MDIC,comex_importacoes_cif_usd,comercio_exterior,25449917257,importacao,metricCIF,US$ CIF,valor_monetario,Valor mensal total das importações brasileiras em dólares CIF.,False,,mensal,mensal
2022-07-31,Comex Stat/MDIC,comex_importacoes_cif_usd,comercio_exterior,26141210184,importacao,metricCIF,US$ CIF,valor_monetario,Valor mensal total das importações brasileiras em dólares CIF.,False,,mensal,mensal
2022-08-31,Comex Stat/MDIC,comex_importacoes_cif_usd,comercio_exterior,28571137836,importacao,metricCIF,US$ CIF,valor_monetario,Valor mensal total das importações brasileiras em dólares CIF.,False,,mensal,mensal
2022-09-30,Comex Stat/MDIC,comex_importacoes_cif_usd,comercio_exterior,26721146794,importacao,metricCIF,US$ CIF,valor_monetario,Valor mensal total das importações brasileiras em dólares CIF.,False,,mensal,mensal
2022-10-31,Comex Stat/MDIC,comex_importacoes_cif_usd,comercio_exterior,25210882730,importacao,metricCIF,US$ CIF,valor_monetario,Valor mensal total das importações brasileiras em dólares CIF.,False,,mensal,mensal
2022-11-30,Comex Stat/MDIC,comex_importacoes_cif_usd,comercio_exterior,22985494728,importacao,metricCIF,US$ CIF,valor_monetario,Valor mensal total das importações brasileiras em dólares CIF.,False,,mensal,mensal
2022-12-31,Comex Stat/MDIC,comex_importacoes_cif_usd,comercio_exterior,23284559397,importacao,metricCIF,US$ CIF,valor_monetario,Valor mensal total das importações brasileiras em dólares CIF.,False,,mensal,mensal
2023-01-31,Comex Stat/MDIC,comex_importacoes_cif_usd,comercio_exterior,21748636546,importacao,metricCIF,US$ CIF,valor_monetario,Valor mensal total das importações brasileiras em dólares CIF.,False,,mensal,mensal
2023-02-28,Comex Stat/MDIC,comex_importacoes_cif_usd,comercio_exterior,18634964723,importacao,metricCIF,US$ CIF,valor_monetario,Valor mensal total das importações brasileiras em dólares CIF.,False,,mensal,mensal
2023-03-31,Comex Stat/MDIC,comex_importacoes_cif_usd,comercio_exterior,23179681942,importacao,metricCIF,US$ CIF,valor_monetario,Valor mensal total das importações brasileiras em dólares CIF.,False,,mensal,mensal
2023-04-30,Comex Stat/MDIC,comex_importacoes_cif_usd,comercio_exterior,20107121639,importacao,metricCIF,US$ CIF,valor_monetario,Valor mensal total das importações brasileiras em dólares CIF.,False,,mensal,mensal
2023-05-31,Comex Stat/MDIC,comex_importacoes_cif_usd,comercio_exterior,22767358026,importacao,metricCIF,US$ CIF,valor_monetario,Valor mensal total das importações brasileiras em dólares CIF.,False,,mensal,mensal
2023-06-30,Comex Stat/MDIC,comex_importacoes_cif_usd,comercio_exterior,20455383850,importacao,metricCIF,US$ CIF,valor_monetario,Valor mensal total das importações brasileiras em dólares CIF.,False,,mensal,mensal
2023-07-31,Comex Stat/MDIC,comex_importacoes_cif_usd,comercio_exterior,21053052967,importacao,metricCIF,US$ CIF,valor_monetario,Valor mensal total das importações brasileiras em dólares CIF.,False,,mensal,mensal
2023-08-31,Comex Stat/MDIC,comex_importacoes_cif_usd,comercio_exterior,22439394562,importacao,metricCIF,US$ CIF,valor_monetario,Valor mensal total das importações brasileiras em dólares CIF.,False,,mensal,mensal
2023-09-30,Comex Stat/MDIC,comex_importacoes_cif_usd,comercio_exterior,20441204766,importacao,metricCIF,US$ CIF,valor_monetario,Valor mensal total das importações brasileiras em dólares CIF.,False,,mensal,mensal
2023-10-31,Comex Stat/MDIC,comex_importacoes_cif_usd,comercio_exterior,21431143728,importacao,metricCIF,US$ CIF,valor_monetario,Valor mensal total das importações brasileiras em dólares CIF.,False,,mensal,mensal
2023-11-30,Comex Stat/MDIC,comex_importacoes_cif_usd,comercio_exterior,19999619817,importacao,metricCIF,US$ CIF,valor_monetario,Valor mensal total das importações brasileiras em dólares CIF.,False,,mensal,mensal
2023-12-31,Comex Stat/MDIC,comex_importacoes_cif_usd,comercio_exterior,20452897574,importacao,metricCIF,US$ CIF,valor_monetario,Valor mensal total das importações brasileiras em dólares CIF.,False,,mensal,mensal
2024-01-31,Comex Stat/MDIC,comex_importacoes_cif_usd,comercio_exterior,21547872126,importacao,metricCIF,US$ CIF,valor_monetario,Valor mensal total das importações brasileiras em dólares CIF.,False,,mensal,mensal
2024-02-29,Comex Stat/MDIC,comex_importacoes_cif_usd,comercio_exterior,19114733823,importacao,metricCIF,US$ CIF,valor_monetario,Valor mensal total das importações brasileiras em dólares CIF.,False,,mensal,mensal
2024-03-31,Comex Stat/MDIC,comex_importacoes_cif_usd,comercio_exterior,21495520722,importacao,metricCIF,US$ CIF,valor_monetario,Valor mensal total das importações brasileiras em dólares CIF.,False,,mensal,mensal
2024-04-30,Comex Stat/MDIC,comex_importacoes_cif_usd,comercio_exterior,22979305733,importacao,metricCIF,US$ CIF,valor_monetario,Valor mensal total das importações brasileiras em dólares CIF.,False,,mensal,mensal
2024-05-31,Comex Stat/MDIC,comex_importacoes_cif_usd,comercio_exterior,22980758432,importacao,metricCIF,US$ CIF,valor_monetario,Valor mensal total das importações brasileiras em dólares CIF.,False,,mensal,mensal
2024-06-30,Comex Stat/MDIC,comex_importacoes_cif_usd,comercio_exterior,23614174503,importacao,metricCIF,US$ CIF,valor_monetario,Valor mensal total das importações brasileiras em dólares CIF.,False,,mensal,mensal
2024-07-31,Comex Stat/MDIC,comex_importacoes_cif_usd,comercio_exterior,24631610572,importacao,metricCIF,US$ CIF,valor_monetario,Valor mensal total das importações brasileiras em dólares CIF.,False,,mensal,mensal
2024-08-31,Comex Stat/MDIC,comex_importacoes_cif_usd,comercio_exterior,25743997254,importacao,metricCIF,US$ CIF,valor_monetario,Valor mensal total das importações brasileiras em dólares CIF.,False,,mensal,mensal
2024-09-30,Comex Stat/MDIC,comex_importacoes_cif_usd,comercio_exterior,24918269544,importacao,metricCIF,US$ CIF,valor_monetario,Valor mensal total das importações brasileiras em dólares CIF.,False,,mensal,mensal
2024-10-31,Comex Stat/MDIC,comex_importacoes_cif_usd,comercio_exterior,26863041835,importacao,metricCIF,US$ CIF,valor_monetario,Valor mensal total das importações brasileiras em dólares CIF.,False,,mensal,mensal
2024-11-30,Comex Stat/MDIC,comex_importacoes_cif_usd,comercio_exterior,22503312132,importacao,metricCIF,US$ CIF,valor_monetario,Valor mensal total das importações brasileiras em dólares CIF.,False,,mensal,mensal
2024-12-31,Comex Stat/MDIC,comex_importacoes_cif_usd,comercio_exterior,21561486621,importacao,metricCIF,US$ CIF,valor_monetario,Valor mensal total das importações brasileiras em dólares CIF.,False,,mensal,mensal
2025-01-31,Comex Stat/MDIC,comex_importacoes_cif_usd,comercio_exterior,24432393290,importacao,metricCIF,US$ CIF,valor_monetario,Valor mensal total das importações brasileiras em dólares CIF.,False,,mensal,mensal
2025-02-28,Comex Stat/MDIC,comex_importacoes_cif_usd,comercio_exterior,24344161032,importacao,metricCIF,US$ CIF,valor_monetario,Valor mensal total das importações brasileiras em dólares CIF.,False,,mensal,mensal
2025-03-31,Comex Stat/MDIC,comex_importacoes_cif_usd,comercio_exterior,22063538286,importacao,metricCIF,US$ CIF,valor_monetario,Valor mensal total das importações brasileiras em dólares CIF.,False,,mensal,mensal
2025-04-30,Comex Stat/MDIC,comex_importacoes_cif_usd,comercio_exterior,23331129682,importacao,metricCIF,US$ CIF,valor_monetario,Valor mensal total das importações brasileiras em dólares CIF.,False,,mensal,mensal
2025-05-31,Comex Stat/MDIC,comex_importacoes_cif_usd,comercio_exterior,23920597147,importacao,metricCIF,US$ CIF,valor_monetario,Valor mensal total das importações brasileiras em dólares CIF.,False,,mensal,mensal
2025-06-30,Comex Stat/MDIC,comex_importacoes_cif_usd,comercio_exterior,24174744340,importacao,metricCIF,US$ CIF,valor_monetario,Valor mensal total das importações brasileiras em dólares CIF.,False,,mensal,mensal
2025-07-31,Comex Stat/MDIC,comex_importacoes_cif_usd,comercio_exterior,26215834146,importacao,metricCIF,US$ CIF,valor_monetario,Valor mensal total das importações brasileiras em dólares CIF.,False,,mensal,mensal
2025-08-31,Comex Stat/MDIC,comex_importacoes_cif_usd,comercio_exterior,24737545763,importacao,metricCIF,US$ CIF,valor_monetario,Valor mensal total das importações brasileiras em dólares CIF.,False,,mensal,mensal
2025-09-30,Comex Stat/MDIC,comex_importacoes_cif_usd,comercio_exterior,28611271730,importacao,metricCIF,US$ CIF,valor_monetario,Valor mensal total das importações brasileiras em dólares CIF.,False,,mensal,mensal
2025-10-31,Comex Stat/MDIC,comex_importacoes_cif_usd,comercio_exterior,26015846581,importacao,metricCIF,US$ CIF,valor_monetario,Valor mensal total das importações brasileiras em dólares CIF.,False,,mensal,mensal
2025-11-30,Comex Stat/MDIC,comex_importacoes_cif_usd,comercio_exterior,23414890768,importacao,metricCIF,US$ CIF,valor_monetario,Valor mensal total das importações brasileiras em dólares CIF.,False,,mensal,mensal
2025-12-31,Comex Stat/MDIC,comex_importacoes_cif_usd,comercio_exterior,22434495718,importacao,metricCIF,US$ CIF,valor_monetario,Valor mensal total das importações brasileiras em dólares CIF.,False,,mensal,mensal
2026-01-31,Comex Stat/MDIC,comex_importacoes_cif_usd,comercio_exterior,21798118603,importacao,metricCIF,US$ CIF,valor_monetario,Valor mensal total das importações brasileiras em dólares CIF.,False,,mensal,mensal
2026-02-28,Comex Stat/MDIC,comex_importacoes_cif_usd,comercio_exterior,23125218423,importacao,metricCIF,US$ CIF,valor_monetario,Valor mensal total das importações brasileiras em dólares CIF.,False,,mensal,mensal
2026-03-31,Comex Stat/MDIC,comex_importacoes_cif_usd,comercio_exterior,26435269841,importacao,metricCIF,US$ CIF,valor_monetario,Valor mensal total das importações brasileiras em dólares CIF.,False,,mensal,mensal
2026-04-30,Comex Stat/MDIC,comex_importacoes_cif_usd,comercio_exterior,24767217155,importacao,metricCIF,US$ CIF,valor_monetario,Valor mensal total das importações brasileiras em dólares CIF.,False,,mensal,mensal
2026-05-31,Comex Stat/MDIC,comex_importacoes_cif_usd,comercio_exterior,25371585804,importacao,metricCIF,US$ CIF,valor_monetario,Valor mensal total das importações brasileiras em dólares CIF.,False,,mensal,mensal
2026-06-30,Comex Stat/MDIC,comex_importacoes_cif_usd,comercio_exterior,27840717215,importacao,metricCIF,US$ CIF,valor_monetario,Valor mensal total das importações brasileiras em dólares CIF.,False,,mensal,mensal
2026-07-31,Comex Stat/MDIC,comex_importacoes_cif_usd,comercio_exterior,28655667843,importacao,metricCIF,US$ CIF,valor_monetario,Valor mensal total das importações brasileiras em dólares CIF.,False,,mensal,mensal
2026-08-31,Comex Stat/MDIC,comex_importacoes_cif_usd,comercio_exterior,27331288667,importacao,metricCIF,US$ CIF,valor_monetario,Valor mensal total das importações brasileiras em dólares CIF.,False,,mensal,mensal
1997-01-31,Comex Stat/MDIC,comex_importacoes_fob_usd,comercio_exterior,2588659779,importacao,metricFOB,US$ FOB,valor_monetario,Valor mensal total das importações brasileiras em dólares FOB.,False,,mensal,mensal
1997-02-28,Comex Stat/MDIC,comex_importacoes_fob_usd,comercio_exterior,4318802691,importacao,metricFOB,US$ FOB,valor_monetario,Valor mensal total das importações brasileiras em dólares FOB.,False,,mensal,mensal
1997-03-31,Comex Stat/MDIC,comex_importacoes_fob_usd,comercio_exterior,4788930369,importacao,metricFOB,US$ FOB,valor_monetario,Valor mensal total das importações brasileiras em dólares FOB.,False,,mensal,mensal
1997-04-30,Comex Stat/MDIC,comex_importacoes_fob_usd,comercio_exterior,5590104948,importacao,metricFOB,US$ FOB,valor_monetario,Valor mensal total das importações brasileiras em dólares FOB.,False,,mensal,mensal
1997-05-31,Comex Stat/MDIC,comex_importacoes_fob_usd,comercio_exterior,4789335402,importacao,metricFOB,US$ FOB,valor_monetario,Valor mensal total das importações brasileiras em dólares FOB.,False,,mensal,mensal
1997-06-30,Comex Stat/MDIC,comex_importacoes_fob_usd,comercio_exterior,5270826987,importacao,metricFOB,US$ FOB,valor_monetario,Valor mensal total das importações brasileiras em dólares FOB.,False,,mensal,mensal
1997-07-31,Comex Stat/MDIC,comex_importacoes_fob_usd,comercio_exterior,5852153367,importacao,metricFOB,US$ FOB,valor_monetario,Valor mensal total das importações brasileiras em dólares FOB.,False,,mensal,mensal
1997-08-31,Comex Stat/MDIC,comex_importacoes_fob_usd,comercio_exterior,5433040732,importacao,metricFOB,US$ FOB,valor_monetario,Valor mensal total das importações brasileiras em dólares FOB.,False,,mensal,mensal
1997-09-30,Comex Stat/MDIC,comex_importacoes_fob_usd,comercio_exterior,5495530941,importacao,metricFOB,US$ FOB,valor_monetario,Valor mensal total das importações brasileiras em dólares FOB.,False,,mensal,mensal
1997-10-31,Comex Stat/MDIC,comex_importacoes_fob_usd,comercio_exterior,5713646158,importacao,metricFOB,US$ FOB,valor_monetario,Valor mensal total das importações brasileiras em dólares FOB.,False,,mensal,mensal
1997-11-30,Comex Stat/MDIC,comex_importacoes_fob_usd,comercio_exterior,5332328817,importacao,metricFOB,US$ FOB,valor_monetario,Valor mensal total das importações brasileiras em dólares FOB.,False,,mensal,mensal
1997-12-31,Comex Stat/MDIC,comex_importacoes_fob_usd,comercio_exterior,5364601868,importacao,metricFOB,US$ FOB,valor_monetario,Valor mensal total das importações brasileiras em dólares FOB.,False,,mensal,mensal
1998-01-31,Comex Stat/MDIC,comex_importacoes_fob_usd,comercio_exterior,4712116718,importacao,metricFOB,US$ FOB,valor_monetario,Valor mensal total das importações brasileiras em dólares FOB.,False,,mensal,mensal
1998-02-28,Comex Stat/MDIC,comex_importacoes_fob_usd,comercio_exterior,4020478172,importacao,metricFOB,US$ FOB,valor_monetario,Valor mensal total das importações brasileiras em dólares FOB.,False,,mensal,mensal
1998-03-31,Comex Stat/MDIC,comex_importacoes_fob_usd,comercio_exterior,5245879762,importacao,metricFOB,US$ FOB,valor_monetario,Valor mensal total das importações brasileiras em dólares FOB.,False,,mensal,mensal
1998-04-30,Comex Stat/MDIC,comex_importacoes_fob_usd,comercio_exterior,4705097801,importacao,metricFOB,US$ FOB,valor_monetario,Valor mensal total das importações brasileiras em dólares FOB.,False,,mensal,mensal
1998-05-31,Comex Stat/MDIC,comex_importacoes_fob_usd,comercio_exterior,4814205094,importacao,metricFOB,US$ FOB,valor_monetario,Valor mensal total das importações brasileiras em dólares FOB.,False,,mensal,mensal
1998-06-30,Comex Stat/MDIC,comex_importacoes_fob_usd,comercio_exterior,4777596253,importacao,metricFOB,US$ FOB,valor_monetario,Valor mensal total das importações brasileiras em dólares FOB.,False,,mensal,mensal
1998-07-31,Comex Stat/MDIC,comex_importacoes_fob_usd,comercio_exterior,5479072265,importacao,metricFOB,US$ FOB,valor_monetario,Valor mensal total das importações brasileiras em dólares FOB.,False,,mensal,mensal
1998-08-31,Comex Stat/MDIC,comex_importacoes_fob_usd,comercio_exterior,4232706977,importacao,metricFOB,US$ FOB,valor_monetario,Valor mensal total das importações brasileiras em dólares FOB.,False,,mensal,mensal
1998-09-30,Comex Stat/MDIC,comex_importacoes_fob_usd,comercio_exterior,5810228743,importacao,metricFOB,US$ FOB,valor_monetario,Valor mensal total das importações brasileiras em dólares FOB.,False,,mensal,mensal
1998-10-31,Comex Stat/MDIC,comex_importacoes_fob_usd,comercio_exterior,5530836362,importacao,metricFOB,US$ FOB,valor_monetario,Valor mensal total das importações brasileiras em dólares FOB.,False,,mensal,mensal
1998-11-30,Comex Stat/MDIC,comex_importacoes_fob_usd,comercio_exterior,4812451151,importacao,metricFOB,US$ FOB,valor_monetario,Valor mensal total das importações brasileiras em dólares FOB.,False,,mensal,mensal
1998-12-31,Comex Stat/MDIC,comex_importacoes_fob_usd,comercio_exterior,4532191610,importacao,metricFOB,US$ FOB,valor_monetario,Valor mensal total das importações brasileiras em dólares FOB.,False,,mensal,mensal
1999-01-31,Comex Stat/MDIC,comex_importacoes_fob_usd,comercio_exterior,3746185100,importacao,metricFOB,US$ FOB,valor_monetario,Valor mensal total das importações brasileiras em dólares FOB.,False,,mensal,mensal
1999-02-28,Comex Stat/MDIC,comex_importacoes_fob_usd,comercio_exterior,3235867059,importacao,metricFOB,US$ FOB,valor_monetario,Valor mensal total das importações brasileiras em dólares FOB.,False,,mensal,mensal
1999-03-31,Comex Stat/MDIC,comex_importacoes_fob_usd,comercio_exterior,4134496194,importacao,metricFOB,US$ FOB,valor_monetario,Valor mensal total das importações brasileiras em dólares FOB.,False,,mensal,mensal
1999-04-30,Comex Stat/MDIC,comex_importacoes_fob_usd,comercio_exterior,3757415685,importacao,metricFOB,US$ FOB,valor_monetario,Valor mensal total das importações brasileiras em dólares FOB.,False,,mensal,mensal
1999-05-31,Comex Stat/MDIC,comex_importacoes_fob_usd,comercio_exterior,4171970713,importacao,metricFOB,US$ FOB,valor_monetario,Valor mensal total das importações brasileiras em dólares FOB.,False,,mensal,mensal
1999-06-30,Comex Stat/MDIC,comex_importacoes_fob_usd,comercio_exterior,4545922079,importacao,metricFOB,US$ FOB,valor_monetario,Valor mensal total das importações brasileiras em dólares FOB.,False,,mensal,mensal
1999-07-31,Comex Stat/MDIC,comex_importacoes_fob_usd,comercio_exterior,4114886217,importacao,metricFOB,US$ FOB,valor_monetario,Valor mensal total das importações brasileiras em dólares FOB.,False,,mensal,mensal
1999-08-31,Comex Stat/MDIC,comex_importacoes_fob_usd,comercio_exterior,4548570484,importacao,metricFOB,US$ FOB,valor_monetario,Valor mensal total das importações brasileiras em dólares FOB.,False,,mensal,mensal
1999-09-30,Comex Stat/MDIC,comex_importacoes_fob_usd,comercio_exterior,4319941100,importacao,metricFOB,US$ FOB,valor_monetario,Valor mensal total das importações brasileiras em dólares FOB.,False,,mensal,mensal
1999-10-31,Comex Stat/MDIC,comex_importacoes_fob_usd,comercio_exterior,4539759972,importacao,metricFOB,US$ FOB,valor_monetario,Valor mensal total das importações brasileiras em dólares FOB.,False,,mensal,mensal
1999-11-30,Comex Stat/MDIC,comex_importacoes_fob_usd,comercio_exterior,4617817168,importacao,metricFOB,US$ FOB,valor_monetario,Valor mensal total das importações brasileiras em dólares FOB.,False,,mensal,mensal
1999-12-31,Comex Stat/MDIC,comex_importacoes_fob_usd,comercio_exterior,4526708585,importacao,metricFOB,US$ FOB,valor_monetario,Valor mensal total das importações brasileiras em dólares FOB.,False,,mensal,mensal
2000-01-31,Comex Stat/MDIC,comex_importacoes_fob_usd,comercio_exterior,3654576124,importacao,metricFOB,US$ FOB,valor_monetario,Valor mensal total das importações brasileiras em dólares FOB.,False,,mensal,mensal
2000-02-29,Comex Stat/MDIC,comex_importacoes_fob_usd,comercio_exterior,4133068789,importacao,metricFOB,US$ FOB,valor_monetario,Valor mensal total das importações brasileiras em dólares FOB.,False,,mensal,mensal
2000-03-31,Comex Stat/MDIC,comex_importacoes_fob_usd,comercio_exterior,4535322503,importacao,metricFOB,US$ FOB,valor_monetario,Valor mensal total das importações brasileiras em dólares FOB.,False,,mensal,mensal
2000-04-30,Comex Stat/MDIC,comex_importacoes_fob_usd,comercio_exterior,4078285287,importacao,metricFOB,US$ FOB,valor_monetario,Valor mensal total das importações brasileiras em dólares FOB.,False,,mensal,mensal
2000-05-31,Comex Stat/MDIC,comex_importacoes_fob_usd,comercio_exterior,4776280858,importacao,metricFOB,US$ FOB,valor_monetario,Valor mensal total das importações brasileiras em dólares FOB.,False,,mensal,mensal
2000-06-30,Comex Stat/MDIC,comex_importacoes_fob_usd,comercio_exterior,4681709174,importacao,metricFOB,US$ FOB,valor_monetario,Valor mensal total das importações brasileiras em dólares FOB.,False,,mensal,mensal
2000-07-31,Comex Stat/MDIC,comex_importacoes_fob_usd,comercio_exterior,4960414518,importacao,metricFOB,US$ FOB,valor_monetario,Valor mensal total das importações brasileiras em dólares FOB.,False,,mensal,mensal
2000-08-31,Comex Stat/MDIC,comex_importacoes_fob_usd,comercio_exterior,5501973736,importacao,metricFOB,US$ FOB,valor_monetario,Valor mensal total das importações brasileiras em dólares FOB.,False,,mensal,mensal
2000-09-30,Comex Stat/MDIC,comex_importacoes_fob_usd,comercio_exterior,5143575956,importacao,metricFOB,US$ FOB,valor_monetario,Valor mensal total das importações brasileiras em dólares FOB.,False,,mensal,mensal
2000-10-31,Comex Stat/MDIC,comex_importacoes_fob_usd,comercio_exterior,5327233032,importacao,metricFOB,US$ FOB,valor_monetario,Valor mensal total das importações brasileiras em dólares FOB.,False,,mensal,mensal
2000-11-30,Comex Stat/MDIC,comex_importacoes_fob_usd,comercio_exterior,5234186865,importacao,metricFOB,US$ FOB,valor_monetario,Valor mensal total das importações brasileiras em dólares FOB.,False,,mensal,mensal
2000-12-31,Comex Stat/MDIC,comex_importacoes_fob_usd,comercio_exterior,4949723328,importacao,metricFOB,US$ FOB,valor_monetario,Valor mensal total das importações brasileiras em dólares FOB.,False,,mensal,mensal
2001-01-31,Comex Stat/MDIC,comex_importacoes_fob_usd,comercio_exterior,5088239393,importacao,metricFOB,US$ FOB,valor_monetario,Valor mensal total das importações brasileiras em dólares FOB.,False,,mensal,mensal
2001-02-28,Comex Stat/MDIC,comex_importacoes_fob_usd,comercio_exterior,4086700154,importacao,metricFOB,US$ FOB,valor_monetario,Valor mensal total das importações brasileiras em dólares FOB.,False,,mensal,mensal
2001-03-31,Comex Stat/MDIC,comex_importacoes_fob_usd,comercio_exterior,5530627595,importacao,metricFOB,US$ FOB,valor_monetario,Valor mensal total das importações brasileiras em dólares FOB.,False,,mensal,mensal
2001-04-30,Comex Stat/MDIC,comex_importacoes_fob_usd,comercio_exterior,4693746465,importacao,metricFOB,US$ FOB,valor_monetario,Valor mensal total das importações brasileiras em dólares FOB.,False,,mensal,mensal
2001-05-31,Comex Stat/MDIC,comex_importacoes_fob_usd,comercio_exterior,5236592969,importacao,metricFOB,US$ FOB,valor_monetario,Valor mensal total das importações brasileiras em dólares FOB.,False,,mensal,mensal
2001-06-30,Comex Stat/MDIC,comex_importacoes_fob_usd,comercio_exterior,4842735186,importacao,metricFOB,US$ FOB,valor_monetario,Valor mensal total das importações brasileiras em dólares FOB.,False,,mensal,mensal
2001-07-31,Comex Stat/MDIC,comex_importacoes_fob_usd,comercio_exterior,4938328065,importacao,metricFOB,US$ FOB,valor_monetario,Valor mensal total das importações brasileiras em dólares FOB.,False,,mensal,mensal
2001-08-31,Comex Stat/MDIC,comex_importacoes_fob_usd,comercio_exterior,5176029561,importacao,metricFOB,US$ FOB,valor_monetario,Valor mensal total das importações brasileiras em dólares FOB.,False,,mensal,mensal
2001-09-30,Comex Stat/MDIC,comex_importacoes_fob_usd,comercio_exterior,4246173613,importacao,metricFOB,US$ FOB,valor_monetario,Valor mensal total das importações brasileiras em dólares FOB.,False,,mensal,mensal
2001-10-31,Comex Stat/MDIC,comex_importacoes_fob_usd,comercio_exterior,4837692394,importacao,metricFOB,US$ FOB,valor_monetario,Valor mensal total das importações brasileiras em dólares FOB.,False,,mensal,mensal
2001-11-30,Comex Stat/MDIC,comex_importacoes_fob_usd,comercio_exterior,4299682121,importacao,metricFOB,US$ FOB,valor_monetario,Valor mensal total das importações brasileiras em dólares FOB.,False,,mensal,mensal
2001-12-31,Comex Stat/MDIC,comex_importacoes_fob_usd,comercio_exterior,3592472666,importacao,metricFOB,US$ FOB,valor_monetario,Valor mensal total das importações brasileiras em dólares FOB.,False,,mensal,mensal
2002-01-31,Comex Stat/MDIC,comex_importacoes_fob_usd,comercio_exterior,3886422498,importacao,metricFOB,US$ FOB,valor_monetario,Valor mensal total das importações brasileiras em dólares FOB.,False,,mensal,mensal
2002-02-28,Comex Stat/MDIC,comex_importacoes_fob_usd,comercio_exterior,3483558340,importacao,metricFOB,US$ FOB,valor_monetario,Valor mensal total das importações brasileiras em dólares FOB.,False,,mensal,mensal
2002-03-31,Comex Stat/MDIC,comex_importacoes_fob_usd,comercio_exterior,3749115387,importacao,metricFOB,US$ FOB,valor_monetario,Valor mensal total das importações brasileiras em dólares FOB.,False,,mensal,mensal
2002-04-30,Comex Stat/MDIC,comex_importacoes_fob_usd,comercio_exterior,4225843874,importacao,metricFOB,US$ FOB,valor_monetario,Valor mensal total das importações brasileiras em dólares FOB.,False,,mensal,mensal
2002-05-31,Comex Stat/MDIC,comex_importacoes_fob_usd,comercio_exterior,4154270359,importacao,metricFOB,US$ FOB,valor_monetario,Valor mensal total das importações brasileiras em dólares FOB.,False,,mensal,mensal
2002-06-30,Comex Stat/MDIC,comex_importacoes_fob_usd,comercio_exterior,3488084005,importacao,metricFOB,US$ FOB,valor_monetario,Valor mensal total das importações brasileiras em dólares FOB.,False,,mensal,mensal
2002-07-31,Comex Stat/MDIC,comex_importacoes_fob_usd,comercio_exterior,5105908040,importacao,metricFOB,US$ FOB,valor_monetario,Valor mensal total das importações brasileiras em dólares FOB.,False,,mensal,mensal
2002-08-31,Comex Stat/MDIC,comex_importacoes_fob_usd,comercio_exterior,4258142754,importacao,metricFOB,US$ FOB,valor_monetario,Valor mensal total das importações brasileiras em dólares FOB.,False,,mensal,mensal
2002-09-30,Comex Stat/MDIC,comex_importacoes_fob_usd,comercio_exterior,4087345435,importacao,metricFOB,US$ FOB,valor_monetario,Valor mensal total das importações brasileiras em dólares FOB.,False,,mensal,mensal
2002-10-31,Comex Stat/MDIC,comex_importacoes_fob_usd,comercio_exterior,4369881833,importacao,metricFOB,US$ FOB,valor_monetario,Valor mensal total das importações brasileiras em dólares FOB.,False,,mensal,mensal
2002-11-30,Comex Stat/MDIC,comex_importacoes_fob_usd,comercio_exterior,3936118274,importacao,metricFOB,US$ FOB,valor_monetario,Valor mensal total das importações brasileiras em dólares FOB.,False,,mensal,mensal
2002-12-31,Comex Stat/MDIC,comex_importacoes_fob_usd,comercio_exterior,3530072754,importacao,metricFOB,US$ FOB,valor_monetario,Valor mensal total das importações brasileiras em dólares FOB.,False,,mensal,mensal
2003-01-31,Comex Stat/MDIC,comex_importacoes_fob_usd,comercio_exterior,3739989245,importacao,metricFOB,US$ FOB,valor_monetario,Valor mensal total das importações brasileiras em dólares FOB.,False,,mensal,mensal
2003-02-28,Comex Stat/MDIC,comex_importacoes_fob_usd,comercio_exterior,3973073644,importacao,metricFOB,US$ FOB,valor_monetario,Valor mensal total das importações brasileiras em dólares FOB.,False,,mensal,mensal
2003-03-31,Comex Stat/MDIC,comex_importacoes_fob_usd,comercio_exterior,3786968109,importacao,metricFOB,US$ FOB,valor_monetario,Valor mensal total das importações brasileiras em dólares FOB.,False,,mensal,mensal
2003-04-30,Comex Stat/MDIC,comex_importacoes_fob_usd,comercio_exterior,4081480307,importacao,metricFOB,US$ FOB,valor_monetario,Valor mensal total das importações brasileiras em dólares FOB.,False,,mensal,mensal
2003-05-31,Comex Stat/MDIC,comex_importacoes_fob_usd,comercio_exterior,3946386523,importacao,metricFOB,US$ FOB,valor_monetario,Valor mensal total das importações brasileiras em dólares FOB.,False,,mensal,mensal
2003-06-30,Comex Stat/MDIC,comex_importacoes_fob_usd,comercio_exterior,3603900663,importacao,metricFOB,US$ FOB,valor_monetario,Valor mensal total das importações brasileiras em dólares FOB.,False,,mensal,mensal
2003-07-31,Comex Stat/MDIC,comex_importacoes_fob_usd,comercio_exterior,4122647114,importacao,metricFOB,US$ FOB,valor_monetario,Valor mensal total das importações brasileiras em dólares FOB.,False,,mensal,mensal
2003-08-31,Comex Stat/MDIC,comex_importacoes_fob_usd,comercio_exterior,3811538042,importacao,metricFOB,US$ FOB,valor_monetario,Valor mensal total das importações brasileiras em dólares FOB.,False,,mensal,mensal
2003-09-30,Comex Stat/MDIC,comex_importacoes_fob_usd,comercio_exterior,4702376781,importacao,metricFOB,US$ FOB,valor_monetario,Valor mensal total das importações brasileiras em dólares FOB.,False,,mensal,mensal
2003-10-31,Comex Stat/MDIC,comex_importacoes_fob_usd,comercio_exterior,5107951287,importacao,metricFOB,US$ FOB,valor_monetario,Valor mensal total das importações brasileiras em dólares FOB.,False,,mensal,mensal
2003-11-30,Comex Stat/MDIC,comex_importacoes_fob_usd,comercio_exterior,4348297888,importacao,metricFOB,US$ FOB,valor_monetario,Valor mensal total das importações brasileiras em dólares FOB.,False,,mensal,mensal
2003-12-31,Comex Stat/MDIC,comex_importacoes_fob_usd,comercio_exterior,4082553549,importacao,metricFOB,US$ FOB,valor_monetario,Valor mensal total das importações brasileiras em dólares FOB.,False,,mensal,mensal
2004-01-31,Comex Stat/MDIC,comex_importacoes_fob_usd,comercio_exterior,4293740267,importacao,metricFOB,US$ FOB,valor_monetario,Valor mensal total das importações brasileiras em dólares FOB.,False,,mensal,mensal
2004-02-29,Comex Stat/MDIC,comex_importacoes_fob_usd,comercio_exterior,3833804921,importacao,metricFOB,US$ FOB,valor_monetario,Valor mensal total das importações brasileiras em dólares FOB.,False,,mensal,mensal
2004-03-31,Comex Stat/MDIC,comex_importacoes_fob_usd,comercio_exterior,5422843187,importacao,metricFOB,US$ FOB,valor_monetario,Valor mensal total das importações brasileiras em dólares FOB.,False,,mensal,mensal
2004-04-30,Comex Stat/MDIC,comex_importacoes_fob_usd,comercio_exterior,4713721088,importacao,metricFOB,US$ FOB,valor_monetario,Valor mensal total das importações brasileiras em dólares FOB.,False,,mensal,mensal
2004-05-31,Comex Stat/MDIC,comex_importacoes_fob_usd,comercio_exterior,4917995334,importacao,metricFOB,US$ FOB,valor_monetario,Valor mensal total das importações brasileiras em dólares FOB.,False,,mensal,mensal
2004-06-30,Comex Stat/MDIC,comex_importacoes_fob_usd,comercio_exterior,5614818291,importacao,metricFOB,US$ FOB,valor_monetario,Valor mensal total das importações brasileiras em dólares FOB.,False,,mensal,mensal
2004-07-31,Comex Stat/MDIC,comex_importacoes_fob_usd,comercio_exterior,5613393139,importacao,metricFOB,US$ FOB,valor_monetario,Valor mensal total das importações brasileiras em dólares FOB.,False,,mensal,mensal
2004-08-31,Comex Stat/MDIC,comex_importacoes_fob_usd,comercio_exterior,5708244289,importacao,metricFOB,US$ FOB,valor_monetario,Valor mensal total das importações brasileiras em dólares FOB.,False,,mensal,mensal
2004-09-30,Comex Stat/MDIC,comex_importacoes_fob_usd,comercio_exterior,5834890104,importacao,metricFOB,US$ FOB,valor_monetario,Valor mensal total das importações brasileiras em dólares FOB.,False,,mensal,mensal
2004-10-31,Comex Stat/MDIC,comex_importacoes_fob_usd,comercio_exterior,5932061045,importacao,metricFOB,US$ FOB,valor_monetario,Valor mensal total das importações brasileiras em dólares FOB.,False,,mensal,mensal
2004-11-30,Comex Stat/MDIC,comex_importacoes_fob_usd,comercio_exterior,6161108902,importacao,metricFOB,US$ FOB,valor_monetario,Valor mensal total das importações brasileiras em dólares FOB.,False,,mensal,mensal
2004-12-31,Comex Stat/MDIC,comex_importacoes_fob_usd,comercio_exterior,5767016101,importacao,metricFOB,US$ FOB,valor_monetario,Valor mensal total das importações brasileiras em dólares FOB.,False,,mensal,mensal
2005-01-31,Comex Stat/MDIC,comex_importacoes_fob_usd,comercio_exterior,5349747825,importacao,metricFOB,US$ FOB,valor_monetario,Valor mensal total das importações brasileiras em dólares FOB.,False,,mensal,mensal
2005-02-28,Comex Stat/MDIC,comex_importacoes_fob_usd,comercio_exterior,5071993155,importacao,metricFOB,US$ FOB,valor_monetario,Valor mensal total das importações brasileiras em dólares FOB.,False,,mensal,mensal
2005-03-31,Comex Stat/MDIC,comex_importacoes_fob_usd,comercio_exterior,5998528365,importacao,metricFOB,US$ FOB,valor_monetario,Valor mensal total das importações brasileiras em dólares FOB.,False,,mensal,mensal
2005-04-30,Comex Stat/MDIC,comex_importacoes_fob_usd,comercio_exterior,5423850538,importacao,metricFOB,US$ FOB,valor_monetario,Valor mensal total das importações brasileiras em dólares FOB.,False,,mensal,mensal
2005-05-31,Comex Stat/MDIC,comex_importacoes_fob_usd,comercio_exterior,6462855358,importacao,metricFOB,US$ FOB,valor_monetario,Valor mensal total das importações brasileiras em dólares FOB.,False,,mensal,mensal
2005-06-30,Comex Stat/MDIC,comex_importacoes_fob_usd,comercio_exterior,6257323744,importacao,metricFOB,US$ FOB,valor_monetario,Valor mensal total das importações brasileiras em dólares FOB.,False,,mensal,mensal
2005-07-31,Comex Stat/MDIC,comex_importacoes_fob_usd,comercio_exterior,6147753231,importacao,metricFOB,US$ FOB,valor_monetario,Valor mensal total das importações brasileiras em dólares FOB.,False,,mensal,mensal
2005-08-31,Comex Stat/MDIC,comex_importacoes_fob_usd,comercio_exterior,7784322183,importacao,metricFOB,US$ FOB,valor_monetario,Valor mensal total das importações brasileiras em dólares FOB.,False,,mensal,mensal
2005-09-30,Comex Stat/MDIC,comex_importacoes_fob_usd,comercio_exterior,6401418258,importacao,metricFOB,US$ FOB,valor_monetario,Valor mensal total das importações brasileiras em dólares FOB.,False,,mensal,mensal
2005-10-31,Comex Stat/MDIC,comex_importacoes_fob_usd,comercio_exterior,6327019742,importacao,metricFOB,US$ FOB,valor_monetario,Valor mensal total das importações brasileiras em dólares FOB.,False,,mensal,mensal
2005-11-30,Comex Stat/MDIC,comex_importacoes_fob_usd,comercio_exterior,6806236340,importacao,metricFOB,US$ FOB,valor_monetario,Valor mensal total das importações brasileiras em dólares FOB.,False,,mensal,mensal
2005-12-31,Comex Stat/MDIC,comex_importacoes_fob_usd,comercio_exterior,6661166815,importacao,metricFOB,US$ FOB,valor_monetario,Valor mensal total das importações brasileiras em dólares FOB.,False,,mensal,mensal
2006-01-31,Comex Stat/MDIC,comex_importacoes_fob_usd,comercio_exterior,6552292447,importacao,metricFOB,US$ FOB,valor_monetario,Valor mensal total das importações brasileiras em dólares FOB.,False,,mensal,mensal
2006-02-28,Comex Stat/MDIC,comex_importacoes_fob_usd,comercio_exterior,6072453364,importacao,metricFOB,US$ FOB,valor_monetario,Valor mensal total das importações brasileiras em dólares FOB.,False,,mensal,mensal
2006-03-31,Comex Stat/MDIC,comex_importacoes_fob_usd,comercio_exterior,7814875149,importacao,metricFOB,US$ FOB,valor_monetario,Valor mensal total das importações brasileiras em dólares FOB.,False,,mensal,mensal
2006-04-30,Comex Stat/MDIC,comex_importacoes_fob_usd,comercio_exterior,6845903574,importacao,metricFOB,US$ FOB,valor_monetario,Valor mensal total das importações brasileiras em dólares FOB.,False,,mensal,mensal
2006-05-31,Comex Stat/MDIC,comex_importacoes_fob_usd,comercio_exterior,7383568872,importacao,metricFOB,US$ FOB,valor_monetario,Valor mensal total das importações brasileiras em dólares FOB.,False,,mensal,mensal
2006-06-30,Comex Stat/MDIC,comex_importacoes_fob_usd,comercio_exterior,7464246107,importacao,metricFOB,US$ FOB,valor_monetario,Valor mensal total das importações brasileiras em dólares FOB.,False,,mensal,mensal
2006-07-31,Comex Stat/MDIC,comex_importacoes_fob_usd,comercio_exterior,8085255913,importacao,metricFOB,US$ FOB,valor_monetario,Valor mensal total das importações brasileiras em dólares FOB.,False,,mensal,mensal
2006-08-31,Comex Stat/MDIC,comex_importacoes_fob_usd,comercio_exterior,9212212077,importacao,metricFOB,US$ FOB,valor_monetario,Valor mensal total das importações brasileiras em dólares FOB.,False,,mensal,mensal
2006-09-30,Comex Stat/MDIC,comex_importacoes_fob_usd,comercio_exterior,8207792935,importacao,metricFOB,US$ FOB,valor_monetario,Valor mensal total das importações brasileiras em dólares FOB.,False,,mensal,mensal
2006-10-31,Comex Stat/MDIC,comex_importacoes_fob_usd,comercio_exterior,8830358685,importacao,metricFOB,US$ FOB,valor_monetario,Valor mensal total das importações brasileiras em dólares FOB.,False,,mensal,mensal
2006-11-30,Comex Stat/MDIC,comex_importacoes_fob_usd,comercio_exterior,8761166328,importacao,metricFOB,US$ FOB,valor_monetario,Valor mensal total das importações brasileiras em dólares FOB.,False,,mensal,mensal
2006-12-31,Comex Stat/MDIC,comex_importacoes_fob_usd,comercio_exterior,7300971419,importacao,metricFOB,US$ FOB,valor_monetario,Valor mensal total das importações brasileiras em dólares FOB.,False,,mensal,mensal
2007-01-31,Comex Stat/MDIC,comex_importacoes_fob_usd,comercio_exterior,8562978418,importacao,metricFOB,US$ FOB,valor_monetario,Valor mensal total das importações brasileiras em dólares FOB.,False,,mensal,mensal
2007-02-28,Comex Stat/MDIC,comex_importacoes_fob_usd,comercio_exterior,7340898045,importacao,metricFOB,US$ FOB,valor_monetario,Valor mensal total das importações brasileiras em dólares FOB.,False,,mensal,mensal
2007-03-31,Comex Stat/MDIC,comex_importacoes_fob_usd,comercio_exterior,9627971296,importacao,metricFOB,US$ FOB,valor_monetario,Valor mensal total das importações brasileiras em dólares FOB.,False,,mensal,mensal
2007-04-30,Comex Stat/MDIC,comex_importacoes_fob_usd,comercio_exterior,8382641249,importacao,metricFOB,US$ FOB,valor_monetario,Valor mensal total das importações brasileiras em dólares FOB.,False,,mensal,mensal
2007-05-31,Comex Stat/MDIC,comex_importacoes_fob_usd,comercio_exterior,9904454627,importacao,metricFOB,US$ FOB,valor_monetario,Valor mensal total das importações brasileiras em dólares FOB.,False,,mensal,mensal
2007-06-30,Comex Stat/MDIC,comex_importacoes_fob_usd,comercio_exterior,9417185041,importacao,metricFOB,US$ FOB,valor_monetario,Valor mensal total das importações brasileiras em dólares FOB.,False,,mensal,mensal
2007-07-31,Comex Stat/MDIC,comex_importacoes_fob_usd,comercio_exterior,10896754195,importacao,metricFOB,US$ FOB,valor_monetario,Valor mensal total das importações brasileiras em dólares FOB.,False,,mensal,mensal
2007-08-31,Comex Stat/MDIC,comex_importacoes_fob_usd,comercio_exterior,11683452779,importacao,metricFOB,US$ FOB,valor_monetario,Valor mensal total das importações brasileiras em dólares FOB.,False,,mensal,mensal
2007-09-30,Comex Stat/MDIC,comex_importacoes_fob_usd,comercio_exterior,10832943047,importacao,metricFOB,US$ FOB,valor_monetario,Valor mensal total das importações brasileiras em dólares FOB.,False,,mensal,mensal
2007-10-31,Comex Stat/MDIC,comex_importacoes_fob_usd,comercio_exterior,12481158132,importacao,metricFOB,US$ FOB,valor_monetario,Valor mensal total das importações brasileiras em dólares FOB.,False,,mensal,mensal
2007-11-30,Comex Stat/MDIC,comex_importacoes_fob_usd,comercio_exterior,12175812615,importacao,metricFOB,US$ FOB,valor_monetario,Valor mensal total das importações brasileiras em dólares FOB.,False,,mensal,mensal
2007-12-31,Comex Stat/MDIC,comex_importacoes_fob_usd,comercio_exterior,10735699676,importacao,metricFOB,US$ FOB,valor_monetario,Valor mensal total das importações brasileiras em dólares FOB.,False,,mensal,mensal
2008-01-31,Comex Stat/MDIC,comex_importacoes_fob_usd,comercio_exterior,12487791035,importacao,metricFOB,US$ FOB,valor_monetario,Valor mensal total das importações brasileiras em dólares FOB.,False,,mensal,mensal
2008-02-29,Comex Stat/MDIC,comex_importacoes_fob_usd,comercio_exterior,12099971906,importacao,metricFOB,US$ FOB,valor_monetario,Valor mensal total das importações brasileiras em dólares FOB.,False,,mensal,mensal
2008-03-31,Comex Stat/MDIC,comex_importacoes_fob_usd,comercio_exterior,11772927059,importacao,metricFOB,US$ FOB,valor_monetario,Valor mensal total das importações brasileiras em dólares FOB.,False,,mensal,mensal
2008-04-30,Comex Stat/MDIC,comex_importacoes_fob_usd,comercio_exterior,12477739957,importacao,metricFOB,US$ FOB,valor_monetario,Valor mensal total das importações brasileiras em dólares FOB.,False,,mensal,mensal
2008-05-31,Comex Stat/MDIC,comex_importacoes_fob_usd,comercio_exterior,15374637766,importacao,metricFOB,US$ FOB,valor_monetario,Valor mensal total das importações brasileiras em dólares FOB.,False,,mensal,mensal
2008-06-30,Comex Stat/MDIC,comex_importacoes_fob_usd,comercio_exterior,16016786902,importacao,metricFOB,US$ FOB,valor_monetario,Valor mensal total das importações brasileiras em dólares FOB.,False,,mensal,mensal
2008-07-31,Comex Stat/MDIC,comex_importacoes_fob_usd,comercio_exterior,17279442484,importacao,metricFOB,US$ FOB,valor_monetario,Valor mensal total das importações brasileiras em dólares FOB.,False,,mensal,mensal
2008-08-31,Comex Stat/MDIC,comex_importacoes_fob_usd,comercio_exterior,17596371420,importacao,metricFOB,US$ FOB,valor_monetario,Valor mensal total das importações brasileiras em dólares FOB.,False,,mensal,mensal
2008-09-30,Comex Stat/MDIC,comex_importacoes_fob_usd,comercio_exterior,17403299136,importacao,metricFOB,US$ FOB,valor_monetario,Valor mensal total das importações brasileiras em dólares FOB.,False,,mensal,mensal
2008-10-31,Comex Stat/MDIC,comex_importacoes_fob_usd,comercio_exterior,17329401265,importacao,metricFOB,US$ FOB,valor_monetario,Valor mensal total das importações brasileiras em dólares FOB.,False,,mensal,mensal
2008-11-30,Comex Stat/MDIC,comex_importacoes_fob_usd,comercio_exterior,13236431392,importacao,metricFOB,US$ FOB,valor_monetario,Valor mensal total das importações brasileiras em dólares FOB.,False,,mensal,mensal
2008-12-31,Comex Stat/MDIC,comex_importacoes_fob_usd,comercio_exterior,11632287304,importacao,metricFOB,US$ FOB,valor_monetario,Valor mensal total das importações brasileiras em dólares FOB.,False,,mensal,mensal
2009-01-31,Comex Stat/MDIC,comex_importacoes_fob_usd,comercio_exterior,10439093990,importacao,metricFOB,US$ FOB,valor_monetario,Valor mensal total das importações brasileiras em dólares FOB.,False,,mensal,mensal
2009-02-28,Comex Stat/MDIC,comex_importacoes_fob_usd,comercio_exterior,7955653234,importacao,metricFOB,US$ FOB,valor_monetario,Valor mensal total das importações brasileiras em dólares FOB.,False,,mensal,mensal
2009-03-31,Comex Stat/MDIC,comex_importacoes_fob_usd,comercio_exterior,10191230376,importacao,metricFOB,US$ FOB,valor_monetario,Valor mensal total das importações brasileiras em dólares FOB.,False,,mensal,mensal
2009-04-30,Comex Stat/MDIC,comex_importacoes_fob_usd,comercio_exterior,8763503232,importacao,metricFOB,US$ FOB,valor_monetario,Valor mensal total das importações brasileiras em dólares FOB.,False,,mensal,mensal
2009-05-31,Comex Stat/MDIC,comex_importacoes_fob_usd,comercio_exterior,9500591071,importacao,metricFOB,US$ FOB,valor_monetario,Valor mensal total das importações brasileiras em dólares FOB.,False,,mensal,mensal
2009-06-30,Comex Stat/MDIC,comex_importacoes_fob_usd,comercio_exterior,10009203076,importacao,metricFOB,US$ FOB,valor_monetario,Valor mensal total das importações brasileiras em dólares FOB.,False,,mensal,mensal
2009-07-31,Comex Stat/MDIC,comex_importacoes_fob_usd,comercio_exterior,11380715202,importacao,metricFOB,US$ FOB,valor_monetario,Valor mensal total das importações brasileiras em dólares FOB.,False,,mensal,mensal
2009-08-31,Comex Stat/MDIC,comex_importacoes_fob_usd,comercio_exterior,10934048488,importacao,metricFOB,US$ FOB,valor_monetario,Valor mensal total das importações brasileiras em dólares FOB.,False,,mensal,mensal
2009-09-30,Comex Stat/MDIC,comex_importacoes_fob_usd,comercio_exterior,12698039220,importacao,metricFOB,US$ FOB,valor_monetario,Valor mensal total das importações brasileiras em dólares FOB.,False,,mensal,mensal
2009-10-31,Comex Stat/MDIC,comex_importacoes_fob_usd,comercio_exterior,12910058824,importacao,metricFOB,US$ FOB,valor_monetario,Valor mensal total das importações brasileiras em dólares FOB.,False,,mensal,mensal
2009-11-30,Comex Stat/MDIC,comex_importacoes_fob_usd,comercio_exterior,12182273476,importacao,metricFOB,US$ FOB,valor_monetario,Valor mensal total das importações brasileiras em dólares FOB.,False,,mensal,mensal
2009-12-31,Comex Stat/MDIC,comex_importacoes_fob_usd,comercio_exterior,12433201334,importacao,metricFOB,US$ FOB,valor_monetario,Valor mensal total das importações brasileiras em dólares FOB.,False,,mensal,mensal
2010-01-31,Comex Stat/MDIC,comex_importacoes_fob_usd,comercio_exterior,11628213109,importacao,metricFOB,US$ FOB,valor_monetario,Valor mensal total das importações brasileiras em dólares FOB.,False,,mensal,mensal
2010-02-28,Comex Stat/MDIC,comex_importacoes_fob_usd,comercio_exterior,11936118599,importacao,metricFOB,US$ FOB,valor_monetario,Valor mensal total das importações brasileiras em dólares FOB.,False,,mensal,mensal
2010-03-31,Comex Stat/MDIC,comex_importacoes_fob_usd,comercio_exterior,15181212723,importacao,metricFOB,US$ FOB,valor_monetario,Valor mensal total das importações brasileiras em dólares FOB.,False,,mensal,mensal
2010-04-30,Comex Stat/MDIC,comex_importacoes_fob_usd,comercio_exterior,14007783168,importacao,metricFOB,US$ FOB,valor_monetario,Valor mensal total das importações brasileiras em dólares FOB.,False,,mensal,mensal
2010-05-31,Comex Stat/MDIC,comex_importacoes_fob_usd,comercio_exterior,14374167768,importacao,metricFOB,US$ FOB,valor_monetario,Valor mensal total das importações brasileiras em dólares FOB.,False,,mensal,mensal
2010-06-30,Comex Stat/MDIC,comex_importacoes_fob_usd,comercio_exterior,14960403236,importacao,metricFOB,US$ FOB,valor_monetario,Valor mensal total das importações brasileiras em dólares FOB.,False,,mensal,mensal
2010-07-31,Comex Stat/MDIC,comex_importacoes_fob_usd,comercio_exterior,16464840453,importacao,metricFOB,US$ FOB,valor_monetario,Valor mensal total das importações brasileiras em dólares FOB.,False,,mensal,mensal
2010-08-31,Comex Stat/MDIC,comex_importacoes_fob_usd,comercio_exterior,16961829274,importacao,metricFOB,US$ FOB,valor_monetario,Valor mensal total das importações brasileiras em dólares FOB.,False,,mensal,mensal
2010-09-30,Comex Stat/MDIC,comex_importacoes_fob_usd,comercio_exterior,17891795638,importacao,metricFOB,US$ FOB,valor_monetario,Valor mensal total das importações brasileiras em dólares FOB.,False,,mensal,mensal
2010-10-31,Comex Stat/MDIC,comex_importacoes_fob_usd,comercio_exterior,16685019583,importacao,metricFOB,US$ FOB,valor_monetario,Valor mensal total das importações brasileiras em dólares FOB.,False,,mensal,mensal
2010-11-30,Comex Stat/MDIC,comex_importacoes_fob_usd,comercio_exterior,17538417516,importacao,metricFOB,US$ FOB,valor_monetario,Valor mensal total das importações brasileiras em dólares FOB.,False,,mensal,mensal
2010-12-31,Comex Stat/MDIC,comex_importacoes_fob_usd,comercio_exterior,15707163779,importacao,metricFOB,US$ FOB,valor_monetario,Valor mensal total das importações brasileiras em dólares FOB.,False,,mensal,mensal
2011-01-31,Comex Stat/MDIC,comex_importacoes_fob_usd,comercio_exterior,14962070227,importacao,metricFOB,US$ FOB,valor_monetario,Valor mensal total das importações brasileiras em dólares FOB.,False,,mensal,mensal
2011-02-28,Comex Stat/MDIC,comex_importacoes_fob_usd,comercio_exterior,15689000891,importacao,metricFOB,US$ FOB,valor_monetario,Valor mensal total das importações brasileiras em dólares FOB.,False,,mensal,mensal
2011-03-31,Comex Stat/MDIC,comex_importacoes_fob_usd,comercio_exterior,17872299348,importacao,metricFOB,US$ FOB,valor_monetario,Valor mensal total das importações brasileiras em dólares FOB.,False,,mensal,mensal
2011-04-30,Comex Stat/MDIC,comex_importacoes_fob_usd,comercio_exterior,18458870399,importacao,metricFOB,US$ FOB,valor_monetario,Valor mensal total das importações brasileiras em dólares FOB.,False,,mensal,mensal
2011-05-31,Comex Stat/MDIC,comex_importacoes_fob_usd,comercio_exterior,19826222541,importacao,metricFOB,US$ FOB,valor_monetario,Valor mensal total das importações brasileiras em dólares FOB.,False,,mensal,mensal
2011-06-30,Comex Stat/MDIC,comex_importacoes_fob_usd,comercio_exterior,19398620585,importacao,metricFOB,US$ FOB,valor_monetario,Valor mensal total das importações brasileiras em dólares FOB.,False,,mensal,mensal
2011-07-31,Comex Stat/MDIC,comex_importacoes_fob_usd,comercio_exterior,19259092355,importacao,metricFOB,US$ FOB,valor_monetario,Valor mensal total das importações brasileiras em dólares FOB.,False,,mensal,mensal
2011-08-31,Comex Stat/MDIC,comex_importacoes_fob_usd,comercio_exterior,22405400011,importacao,metricFOB,US$ FOB,valor_monetario,Valor mensal total das importações brasileiras em dólares FOB.,False,,mensal,mensal
2011-09-30,Comex Stat/MDIC,comex_importacoes_fob_usd,comercio_exterior,20356258250,importacao,metricFOB,US$ FOB,valor_monetario,Valor mensal total das importações brasileiras em dólares FOB.,False,,mensal,mensal
2011-10-31,Comex Stat/MDIC,comex_importacoes_fob_usd,comercio_exterior,19918996728,importacao,metricFOB,US$ FOB,valor_monetario,Valor mensal total das importações brasileiras em dólares FOB.,False,,mensal,mensal
2011-11-30,Comex Stat/MDIC,comex_importacoes_fob_usd,comercio_exterior,21345663330,importacao,metricFOB,US$ FOB,valor_monetario,Valor mensal total das importações brasileiras em dólares FOB.,False,,mensal,mensal
2011-12-31,Comex Stat/MDIC,comex_importacoes_fob_usd,comercio_exterior,18477262036,importacao,metricFOB,US$ FOB,valor_monetario,Valor mensal total das importações brasileiras em dólares FOB.,False,,mensal,mensal
2012-01-31,Comex Stat/MDIC,comex_importacoes_fob_usd,comercio_exterior,17589407302,importacao,metricFOB,US$ FOB,valor_monetario,Valor mensal total das importações brasileiras em dólares FOB.,False,,mensal,mensal
2012-02-29,Comex Stat/MDIC,comex_importacoes_fob_usd,comercio_exterior,16476146495,importacao,metricFOB,US$ FOB,valor_monetario,Valor mensal total das importações brasileiras em dólares FOB.,False,,mensal,mensal
2012-03-31,Comex Stat/MDIC,comex_importacoes_fob_usd,comercio_exterior,19033764217,importacao,metricFOB,US$ FOB,valor_monetario,Valor mensal total das importações brasileiras em dólares FOB.,False,,mensal,mensal
2012-04-30,Comex Stat/MDIC,comex_importacoes_fob_usd,comercio_exterior,18849751858,importacao,metricFOB,US$ FOB,valor_monetario,Valor mensal total das importações brasileiras em dólares FOB.,False,,mensal,mensal
2012-05-31,Comex Stat/MDIC,comex_importacoes_fob_usd,comercio_exterior,20417070958,importacao,metricFOB,US$ FOB,valor_monetario,Valor mensal total das importações brasileiras em dólares FOB.,False,,mensal,mensal
2012-06-30,Comex Stat/MDIC,comex_importacoes_fob_usd,comercio_exterior,18709216579,importacao,metricFOB,US$ FOB,valor_monetario,Valor mensal total das importações brasileiras em dólares FOB.,False,,mensal,mensal
2012-07-31,Comex Stat/MDIC,comex_importacoes_fob_usd,comercio_exterior,18294468661,importacao,metricFOB,US$ FOB,valor_monetario,Valor mensal total das importações brasileiras em dólares FOB.,False,,mensal,mensal
2012-08-31,Comex Stat/MDIC,comex_importacoes_fob_usd,comercio_exterior,19312716179,importacao,metricFOB,US$ FOB,valor_monetario,Valor mensal total das importações brasileiras em dólares FOB.,False,,mensal,mensal
2012-09-30,Comex Stat/MDIC,comex_importacoes_fob_usd,comercio_exterior,17605428014,importacao,metricFOB,US$ FOB,valor_monetario,Valor mensal total das importações brasileiras em dólares FOB.,False,,mensal,mensal
2012-10-31,Comex Stat/MDIC,comex_importacoes_fob_usd,comercio_exterior,20395170133,importacao,metricFOB,US$ FOB,valor_monetario,Valor mensal total das importações brasileiras em dólares FOB.,False,,mensal,mensal
2012-11-30,Comex Stat/MDIC,comex_importacoes_fob_usd,comercio_exterior,20821071301,importacao,metricFOB,US$ FOB,valor_monetario,Valor mensal total das importações brasileiras em dólares FOB.,False,,mensal,mensal
2012-12-31,Comex Stat/MDIC,comex_importacoes_fob_usd,comercio_exterior,17662214372,importacao,metricFOB,US$ FOB,valor_monetario,Valor mensal total das importações brasileiras em dólares FOB.,False,,mensal,mensal
2013-01-31,Comex Stat/MDIC,comex_importacoes_fob_usd,comercio_exterior,20156726433,importacao,metricFOB,US$ FOB,valor_monetario,Valor mensal total das importações brasileiras em dólares FOB.,False,,mensal,mensal
2013-02-28,Comex Stat/MDIC,comex_importacoes_fob_usd,comercio_exterior,16981570962,importacao,metricFOB,US$ FOB,valor_monetario,Valor mensal total das importações brasileiras em dólares FOB.,False,,mensal,mensal
2013-03-31,Comex Stat/MDIC,comex_importacoes_fob_usd,comercio_exterior,19281997605,importacao,metricFOB,US$ FOB,valor_monetario,Valor mensal total das importações brasileiras em dólares FOB.,False,,mensal,mensal
2013-04-30,Comex Stat/MDIC,comex_importacoes_fob_usd,comercio_exterior,21788737806,importacao,metricFOB,US$ FOB,valor_monetario,Valor mensal total das importações brasileiras em dólares FOB.,False,,mensal,mensal
2013-05-31,Comex Stat/MDIC,comex_importacoes_fob_usd,comercio_exterior,21203755901,importacao,metricFOB,US$ FOB,valor_monetario,Valor mensal total das importações brasileiras em dólares FOB.,False,,mensal,mensal
2013-06-30,Comex Stat/MDIC,comex_importacoes_fob_usd,comercio_exterior,18986750021,importacao,metricFOB,US$ FOB,valor_monetario,Valor mensal total das importações brasileiras em dólares FOB.,False,,mensal,mensal
2013-07-31,Comex Stat/MDIC,comex_importacoes_fob_usd,comercio_exterior,22867575854,importacao,metricFOB,US$ FOB,valor_monetario,Valor mensal total das importações brasileiras em dólares FOB.,False,,mensal,mensal
2013-08-31,Comex Stat/MDIC,comex_importacoes_fob_usd,comercio_exterior,20364218693,importacao,metricFOB,US$ FOB,valor_monetario,Valor mensal total das importações brasileiras em dólares FOB.,False,,mensal,mensal
2013-09-30,Comex Stat/MDIC,comex_importacoes_fob_usd,comercio_exterior,19035573348,importacao,metricFOB,US$ FOB,valor_monetario,Valor mensal total das importações brasileiras em dólares FOB.,False,,mensal,mensal
2013-10-31,Comex Stat/MDIC,comex_importacoes_fob_usd,comercio_exterior,23201590344,importacao,metricFOB,US$ FOB,valor_monetario,Valor mensal total das importações brasileiras em dólares FOB.,False,,mensal,mensal
2013-11-30,Comex Stat/MDIC,comex_importacoes_fob_usd,comercio_exterior,19280001764,importacao,metricFOB,US$ FOB,valor_monetario,Valor mensal total das importações brasileiras em dólares FOB.,False,,mensal,mensal
2013-12-31,Comex Stat/MDIC,comex_importacoes_fob_usd,comercio_exterior,18352387728,importacao,metricFOB,US$ FOB,valor_monetario,Valor mensal total das importações brasileiras em dólares FOB.,False,,mensal,mensal
2014-01-31,Comex Stat/MDIC,comex_importacoes_fob_usd,comercio_exterior,20238121344,importacao,metricFOB,US$ FOB,valor_monetario,Valor mensal total das importações brasileiras em dólares FOB.,False,,mensal,mensal
2014-02-28,Comex Stat/MDIC,comex_importacoes_fob_usd,comercio_exterior,18190582391,importacao,metricFOB,US$ FOB,valor_monetario,Valor mensal total das importações brasileiras em dólares FOB.,False,,mensal,mensal
2014-03-31,Comex Stat/MDIC,comex_importacoes_fob_usd,comercio_exterior,17640547408,importacao,metricFOB,US$ FOB,valor_monetario,Valor mensal total das importações brasileiras em dólares FOB.,False,,mensal,mensal
2014-04-30,Comex Stat/MDIC,comex_importacoes_fob_usd,comercio_exterior,19352300589,importacao,metricFOB,US$ FOB,valor_monetario,Valor mensal total das importações brasileiras em dólares FOB.,False,,mensal,mensal
2014-05-31,Comex Stat/MDIC,comex_importacoes_fob_usd,comercio_exterior,20229371571,importacao,metricFOB,US$ FOB,valor_monetario,Valor mensal total das importações brasileiras em dólares FOB.,False,,mensal,mensal
2014-06-30,Comex Stat/MDIC,comex_importacoes_fob_usd,comercio_exterior,18260985106,importacao,metricFOB,US$ FOB,valor_monetario,Valor mensal total das importações brasileiras em dólares FOB.,False,,mensal,mensal
2014-07-31,Comex Stat/MDIC,comex_importacoes_fob_usd,comercio_exterior,21610393823,importacao,metricFOB,US$ FOB,valor_monetario,Valor mensal total das importações brasileiras em dólares FOB.,False,,mensal,mensal
2014-08-31,Comex Stat/MDIC,comex_importacoes_fob_usd,comercio_exterior,19437036957,importacao,metricFOB,US$ FOB,valor_monetario,Valor mensal total das importações brasileiras em dólares FOB.,False,,mensal,mensal
2014-09-30,Comex Stat/MDIC,comex_importacoes_fob_usd,comercio_exterior,20722266356,importacao,metricFOB,US$ FOB,valor_monetario,Valor mensal total das importações brasileiras em dólares FOB.,False,,mensal,mensal
2014-10-31,Comex Stat/MDIC,comex_importacoes_fob_usd,comercio_exterior,19635310320,importacao,metricFOB,US$ FOB,valor_monetario,Valor mensal total das importações brasileiras em dólares FOB.,False,,mensal,mensal
2014-11-30,Comex Stat/MDIC,comex_importacoes_fob_usd,comercio_exterior,18191864947,importacao,metricFOB,US$ FOB,valor_monetario,Valor mensal total das importações brasileiras em dólares FOB.,False,,mensal,mensal
2014-12-31,Comex Stat/MDIC,comex_importacoes_fob_usd,comercio_exterior,17314237984,importacao,metricFOB,US$ FOB,valor_monetario,Valor mensal total das importações brasileiras em dólares FOB.,False,,mensal,mensal
2015-01-31,Comex Stat/MDIC,comex_importacoes_fob_usd,comercio_exterior,17000888866,importacao,metricFOB,US$ FOB,valor_monetario,Valor mensal total das importações brasileiras em dólares FOB.,False,,mensal,mensal
2015-02-28,Comex Stat/MDIC,comex_importacoes_fob_usd,comercio_exterior,15063076630,importacao,metricFOB,US$ FOB,valor_monetario,Valor mensal total das importações brasileiras em dólares FOB.,False,,mensal,mensal
2015-03-31,Comex Stat/MDIC,comex_importacoes_fob_usd,comercio_exterior,16660194460,importacao,metricFOB,US$ FOB,valor_monetario,Valor mensal total das importações brasileiras em dólares FOB.,False,,mensal,mensal
2015-04-30,Comex Stat/MDIC,comex_importacoes_fob_usd,comercio_exterior,14799978318,importacao,metricFOB,US$ FOB,valor_monetario,Valor mensal total das importações brasileiras em dólares FOB.,False,,mensal,mensal
2015-05-31,Comex Stat/MDIC,comex_importacoes_fob_usd,comercio_exterior,14153162462,importacao,metricFOB,US$ FOB,valor_monetario,Valor mensal total das importações brasileiras em dólares FOB.,False,,mensal,mensal
2015-06-30,Comex Stat/MDIC,comex_importacoes_fob_usd,comercio_exterior,15239765263,importacao,metricFOB,US$ FOB,valor_monetario,Valor mensal total das importações brasileiras em dólares FOB.,False,,mensal,mensal
2015-07-31,Comex Stat/MDIC,comex_importacoes_fob_usd,comercio_exterior,16286388117,importacao,metricFOB,US$ FOB,valor_monetario,Valor mensal total das importações brasileiras em dólares FOB.,False,,mensal,mensal
2015-08-31,Comex Stat/MDIC,comex_importacoes_fob_usd,comercio_exterior,12937800630,importacao,metricFOB,US$ FOB,valor_monetario,Valor mensal total das importações brasileiras em dólares FOB.,False,,mensal,mensal
2015-09-30,Comex Stat/MDIC,comex_importacoes_fob_usd,comercio_exterior,13336913433,importacao,metricFOB,US$ FOB,valor_monetario,Valor mensal total das importações brasileiras em dólares FOB.,False,,mensal,mensal
2015-10-31,Comex Stat/MDIC,comex_importacoes_fob_usd,comercio_exterior,14194772010,importacao,metricFOB,US$ FOB,valor_monetario,Valor mensal total das importações brasileiras em dólares FOB.,False,,mensal,mensal
2015-11-30,Comex Stat/MDIC,comex_importacoes_fob_usd,comercio_exterior,12744978873,importacao,metricFOB,US$ FOB,valor_monetario,Valor mensal total das importações brasileiras em dólares FOB.,False,,mensal,mensal
2015-12-31,Comex Stat/MDIC,comex_importacoes_fob_usd,comercio_exterior,10686340015,importacao,metricFOB,US$ FOB,valor_monetario,Valor mensal total das importações brasileiras em dólares FOB.,False,,mensal,mensal
2016-01-31,Comex Stat/MDIC,comex_importacoes_fob_usd,comercio_exterior,10455954695,importacao,metricFOB,US$ FOB,valor_monetario,Valor mensal total das importações brasileiras em dólares FOB.,False,,mensal,mensal
2016-02-29,Comex Stat/MDIC,comex_importacoes_fob_usd,comercio_exterior,10448566313,importacao,metricFOB,US$ FOB,valor_monetario,Valor mensal total das importações brasileiras em dólares FOB.,False,,mensal,mensal
2016-03-31,Comex Stat/MDIC,comex_importacoes_fob_usd,comercio_exterior,11706198715,importacao,metricFOB,US$ FOB,valor_monetario,Valor mensal total das importações brasileiras em dólares FOB.,False,,mensal,mensal
2016-04-30,Comex Stat/MDIC,comex_importacoes_fob_usd,comercio_exterior,10658991407,importacao,metricFOB,US$ FOB,valor_monetario,Valor mensal total das importações brasileiras em dólares FOB.,False,,mensal,mensal
2016-05-31,Comex Stat/MDIC,comex_importacoes_fob_usd,comercio_exterior,11291198938,importacao,metricFOB,US$ FOB,valor_monetario,Valor mensal total das importações brasileiras em dólares FOB.,False,,mensal,mensal
2016-06-30,Comex Stat/MDIC,comex_importacoes_fob_usd,comercio_exterior,12923892615,importacao,metricFOB,US$ FOB,valor_monetario,Valor mensal total das importações brasileiras em dólares FOB.,False,,mensal,mensal
2016-07-31,Comex Stat/MDIC,comex_importacoes_fob_usd,comercio_exterior,11906417753,importacao,metricFOB,US$ FOB,valor_monetario,Valor mensal total das importações brasileiras em dólares FOB.,False,,mensal,mensal
2016-08-31,Comex Stat/MDIC,comex_importacoes_fob_usd,comercio_exterior,13000671538,importacao,metricFOB,US$ FOB,valor_monetario,Valor mensal total das importações brasileiras em dólares FOB.,False,,mensal,mensal
2016-09-30,Comex Stat/MDIC,comex_importacoes_fob_usd,comercio_exterior,12141043357,importacao,metricFOB,US$ FOB,valor_monetario,Valor mensal total das importações brasileiras em dólares FOB.,False,,mensal,mensal
2016-10-31,Comex Stat/MDIC,comex_importacoes_fob_usd,comercio_exterior,11518693498,importacao,metricFOB,US$ FOB,valor_monetario,Valor mensal total das importações brasileiras em dólares FOB.,False,,mensal,mensal
2016-11-30,Comex Stat/MDIC,comex_importacoes_fob_usd,comercio_exterior,11603000026,importacao,metricFOB,US$ FOB,valor_monetario,Valor mensal total das importações brasileiras em dólares FOB.,False,,mensal,mensal
2016-12-31,Comex Stat/MDIC,comex_importacoes_fob_usd,comercio_exterior,11666728798,importacao,metricFOB,US$ FOB,valor_monetario,Valor mensal total das importações brasileiras em dólares FOB.,False,,mensal,mensal
2017-01-31,Comex Stat/MDIC,comex_importacoes_fob_usd,comercio_exterior,12335328289,importacao,metricFOB,US$ FOB,valor_monetario,Valor mensal total das importações brasileiras em dólares FOB.,False,,mensal,mensal
2017-02-28,Comex Stat/MDIC,comex_importacoes_fob_usd,comercio_exterior,11046775404,importacao,metricFOB,US$ FOB,valor_monetario,Valor mensal total das importações brasileiras em dólares FOB.,False,,mensal,mensal
2017-03-31,Comex Stat/MDIC,comex_importacoes_fob_usd,comercio_exterior,13562894075,importacao,metricFOB,US$ FOB,valor_monetario,Valor mensal total das importações brasileiras em dólares FOB.,False,,mensal,mensal
2017-04-30,Comex Stat/MDIC,comex_importacoes_fob_usd,comercio_exterior,11459643696,importacao,metricFOB,US$ FOB,valor_monetario,Valor mensal total das importações brasileiras em dólares FOB.,False,,mensal,mensal
2017-05-31,Comex Stat/MDIC,comex_importacoes_fob_usd,comercio_exterior,12968955269,importacao,metricFOB,US$ FOB,valor_monetario,Valor mensal total das importações brasileiras em dólares FOB.,False,,mensal,mensal
2017-06-30,Comex Stat/MDIC,comex_importacoes_fob_usd,comercio_exterior,13408998263,importacao,metricFOB,US$ FOB,valor_monetario,Valor mensal total das importações brasileiras em dólares FOB.,False,,mensal,mensal
2017-07-31,Comex Stat/MDIC,comex_importacoes_fob_usd,comercio_exterior,13263065205,importacao,metricFOB,US$ FOB,valor_monetario,Valor mensal total das importações brasileiras em dólares FOB.,False,,mensal,mensal
2017-08-31,Comex Stat/MDIC,comex_importacoes_fob_usd,comercio_exterior,14789290641,importacao,metricFOB,US$ FOB,valor_monetario,Valor mensal total das importações brasileiras em dólares FOB.,False,,mensal,mensal
2017-09-30,Comex Stat/MDIC,comex_importacoes_fob_usd,comercio_exterior,14242528368,importacao,metricFOB,US$ FOB,valor_monetario,Valor mensal total das importações brasileiras em dólares FOB.,False,,mensal,mensal
2017-10-31,Comex Stat/MDIC,comex_importacoes_fob_usd,comercio_exterior,14598898881,importacao,metricFOB,US$ FOB,valor_monetario,Valor mensal total das importações brasileiras em dólares FOB.,False,,mensal,mensal
2017-11-30,Comex Stat/MDIC,comex_importacoes_fob_usd,comercio_exterior,13951600049,importacao,metricFOB,US$ FOB,valor_monetario,Valor mensal total das importações brasileiras em dólares FOB.,False,,mensal,mensal
2017-12-31,Comex Stat/MDIC,comex_importacoes_fob_usd,comercio_exterior,13323465863,importacao,metricFOB,US$ FOB,valor_monetario,Valor mensal total das importações brasileiras em dólares FOB.,False,,mensal,mensal
2018-01-31,Comex Stat/MDIC,comex_importacoes_fob_usd,comercio_exterior,15114215063,importacao,metricFOB,US$ FOB,valor_monetario,Valor mensal total das importações brasileiras em dólares FOB.,False,,mensal,mensal
2018-02-28,Comex Stat/MDIC,comex_importacoes_fob_usd,comercio_exterior,13268767883,importacao,metricFOB,US$ FOB,valor_monetario,Valor mensal total das importações brasileiras em dólares FOB.,False,,mensal,mensal
2018-03-31,Comex Stat/MDIC,comex_importacoes_fob_usd,comercio_exterior,14668560310,importacao,metricFOB,US$ FOB,valor_monetario,Valor mensal total das importações brasileiras em dólares FOB.,False,,mensal,mensal
2018-04-30,Comex Stat/MDIC,comex_importacoes_fob_usd,comercio_exterior,14653559274,importacao,metricFOB,US$ FOB,valor_monetario,Valor mensal total das importações brasileiras em dólares FOB.,False,,mensal,mensal
2018-05-31,Comex Stat/MDIC,comex_importacoes_fob_usd,comercio_exterior,14039984530,importacao,metricFOB,US$ FOB,valor_monetario,Valor mensal total das importações brasileiras em dólares FOB.,False,,mensal,mensal
2018-06-30,Comex Stat/MDIC,comex_importacoes_fob_usd,comercio_exterior,15008152809,importacao,metricFOB,US$ FOB,valor_monetario,Valor mensal total das importações brasileiras em dólares FOB.,False,,mensal,mensal
2018-07-31,Comex Stat/MDIC,comex_importacoes_fob_usd,comercio_exterior,17759842765,importacao,metricFOB,US$ FOB,valor_monetario,Valor mensal total das importações brasileiras em dólares FOB.,False,,mensal,mensal
2018-08-31,Comex Stat/MDIC,comex_importacoes_fob_usd,comercio_exterior,19768276314,importacao,metricFOB,US$ FOB,valor_monetario,Valor mensal total das importações brasileiras em dólares FOB.,False,,mensal,mensal
2018-09-30,Comex Stat/MDIC,comex_importacoes_fob_usd,comercio_exterior,14948421194,importacao,metricFOB,US$ FOB,valor_monetario,Valor mensal total das importações brasileiras em dólares FOB.,False,,mensal,mensal
2018-10-31,Comex Stat/MDIC,comex_importacoes_fob_usd,comercio_exterior,16921935159,importacao,metricFOB,US$ FOB,valor_monetario,Valor mensal total das importações brasileiras em dólares FOB.,False,,mensal,mensal
2018-11-30,Comex Stat/MDIC,comex_importacoes_fob_usd,comercio_exterior,15529846968,importacao,metricFOB,US$ FOB,valor_monetario,Valor mensal total das importações brasileiras em dólares FOB.,False,,mensal,mensal
2018-12-31,Comex Stat/MDIC,comex_importacoes_fob_usd,comercio_exterior,13640421233,importacao,metricFOB,US$ FOB,valor_monetario,Valor mensal total das importações brasileiras em dólares FOB.,False,,mensal,mensal
2019-01-31,Comex Stat/MDIC,comex_importacoes_fob_usd,comercio_exterior,17453376542,importacao,metricFOB,US$ FOB,valor_monetario,Valor mensal total das importações brasileiras em dólares FOB.,False,,mensal,mensal
2019-02-28,Comex Stat/MDIC,comex_importacoes_fob_usd,comercio_exterior,13566766788,importacao,metricFOB,US$ FOB,valor_monetario,Valor mensal total das importações brasileiras em dólares FOB.,False,,mensal,mensal
2019-03-31,Comex Stat/MDIC,comex_importacoes_fob_usd,comercio_exterior,14066000746,importacao,metricFOB,US$ FOB,valor_monetario,Valor mensal total das importações brasileiras em dólares FOB.,False,,mensal,mensal
2019-04-30,Comex Stat/MDIC,comex_importacoes_fob_usd,comercio_exterior,14664020352,importacao,metricFOB,US$ FOB,valor_monetario,Valor mensal total das importações brasileiras em dólares FOB.,False,,mensal,mensal
2019-05-31,Comex Stat/MDIC,comex_importacoes_fob_usd,comercio_exterior,16130590785,importacao,metricFOB,US$ FOB,valor_monetario,Valor mensal total das importações brasileiras em dólares FOB.,False,,mensal,mensal
2019-06-30,Comex Stat/MDIC,comex_importacoes_fob_usd,comercio_exterior,13944367799,importacao,metricFOB,US$ FOB,valor_monetario,Valor mensal total das importações brasileiras em dólares FOB.,False,,mensal,mensal
2019-07-31,Comex Stat/MDIC,comex_importacoes_fob_usd,comercio_exterior,18032908964,importacao,metricFOB,US$ FOB,valor_monetario,Valor mensal total das importações brasileiras em dólares FOB.,False,,mensal,mensal
2019-08-31,Comex Stat/MDIC,comex_importacoes_fob_usd,comercio_exterior,17603930758,importacao,metricFOB,US$ FOB,valor_monetario,Valor mensal total das importações brasileiras em dólares FOB.,False,,mensal,mensal
2019-09-30,Comex Stat/MDIC,comex_importacoes_fob_usd,comercio_exterior,15362321786,importacao,metricFOB,US$ FOB,valor_monetario,Valor mensal total das importações brasileiras em dólares FOB.,False,,mensal,mensal
2019-10-31,Comex Stat/MDIC,comex_importacoes_fob_usd,comercio_exterior,16987200927,importacao,metricFOB,US$ FOB,valor_monetario,Valor mensal total das importações brasileiras em dólares FOB.,False,,mensal,mensal
2019-11-30,Comex Stat/MDIC,comex_importacoes_fob_usd,comercio_exterior,14868295894,importacao,metricFOB,US$ FOB,valor_monetario,Valor mensal total das importações brasileiras em dólares FOB.,False,,mensal,mensal
2019-12-31,Comex Stat/MDIC,comex_importacoes_fob_usd,comercio_exterior,13248186239,importacao,metricFOB,US$ FOB,valor_monetario,Valor mensal total das importações brasileiras em dólares FOB.,False,,mensal,mensal
2020-01-31,Comex Stat/MDIC,comex_importacoes_fob_usd,comercio_exterior,17190165488,importacao,metricFOB,US$ FOB,valor_monetario,Valor mensal total das importações brasileiras em dólares FOB.,False,,mensal,mensal
2020-02-29,Comex Stat/MDIC,comex_importacoes_fob_usd,comercio_exterior,13849450579,importacao,metricFOB,US$ FOB,valor_monetario,Valor mensal total das importações brasileiras em dólares FOB.,False,,mensal,mensal
2020-03-31,Comex Stat/MDIC,comex_importacoes_fob_usd,comercio_exterior,14266744622,importacao,metricFOB,US$ FOB,valor_monetario,Valor mensal total das importações brasileiras em dólares FOB.,False,,mensal,mensal
2020-04-30,Comex Stat/MDIC,comex_importacoes_fob_usd,comercio_exterior,11431019725,importacao,metricFOB,US$ FOB,valor_monetario,Valor mensal total das importações brasileiras em dólares FOB.,False,,mensal,mensal
2020-05-31,Comex Stat/MDIC,comex_importacoes_fob_usd,comercio_exterior,10681945943,importacao,metricFOB,US$ FOB,valor_monetario,Valor mensal total das importações brasileiras em dólares FOB.,False,,mensal,mensal
2020-06-30,Comex Stat/MDIC,comex_importacoes_fob_usd,comercio_exterior,10977106324,importacao,metricFOB,US$ FOB,valor_monetario,Valor mensal total das importações brasileiras em dólares FOB.,False,,mensal,mensal
2020-07-31,Comex Stat/MDIC,comex_importacoes_fob_usd,comercio_exterior,11814764185,importacao,metricFOB,US$ FOB,valor_monetario,Valor mensal total das importações brasileiras em dólares FOB.,False,,mensal,mensal
2020-08-31,Comex Stat/MDIC,comex_importacoes_fob_usd,comercio_exterior,11585200604,importacao,metricFOB,US$ FOB,valor_monetario,Valor mensal total das importações brasileiras em dólares FOB.,False,,mensal,mensal
2020-09-30,Comex Stat/MDIC,comex_importacoes_fob_usd,comercio_exterior,13139951686,importacao,metricFOB,US$ FOB,valor_monetario,Valor mensal total das importações brasileiras em dólares FOB.,False,,mensal,mensal
2020-10-31,Comex Stat/MDIC,comex_importacoes_fob_usd,comercio_exterior,13245304357,importacao,metricFOB,US$ FOB,valor_monetario,Valor mensal total das importações brasileiras em dólares FOB.,False,,mensal,mensal
2020-11-30,Comex Stat/MDIC,comex_importacoes_fob_usd,comercio_exterior,14856582072,importacao,metricFOB,US$ FOB,valor_monetario,Valor mensal total das importações brasileiras em dólares FOB.,False,,mensal,mensal
2020-12-31,Comex Stat/MDIC,comex_importacoes_fob_usd,comercio_exterior,15748589294,importacao,metricFOB,US$ FOB,valor_monetario,Valor mensal total das importações brasileiras em dólares FOB.,False,,mensal,mensal
2021-01-31,Comex Stat/MDIC,comex_importacoes_fob_usd,comercio_exterior,15167392393,importacao,metricFOB,US$ FOB,valor_monetario,Valor mensal total das importações brasileiras em dólares FOB.,False,,mensal,mensal
2021-02-28,Comex Stat/MDIC,comex_importacoes_fob_usd,comercio_exterior,14539172569,importacao,metricFOB,US$ FOB,valor_monetario,Valor mensal total das importações brasileiras em dólares FOB.,False,,mensal,mensal
2021-03-31,Comex Stat/MDIC,comex_importacoes_fob_usd,comercio_exterior,17865278864,importacao,metricFOB,US$ FOB,valor_monetario,Valor mensal total das importações brasileiras em dólares FOB.,False,,mensal,mensal
2021-04-30,Comex Stat/MDIC,comex_importacoes_fob_usd,comercio_exterior,16096324095,importacao,metricFOB,US$ FOB,valor_monetario,Valor mensal total das importações brasileiras em dólares FOB.,False,,mensal,mensal
2021-05-31,Comex Stat/MDIC,comex_importacoes_fob_usd,comercio_exterior,17664681736,importacao,metricFOB,US$ FOB,valor_monetario,Valor mensal total das importações brasileiras em dólares FOB.,False,,mensal,mensal
2021-06-30,Comex Stat/MDIC,comex_importacoes_fob_usd,comercio_exterior,17843605079,importacao,metricFOB,US$ FOB,valor_monetario,Valor mensal total das importações brasileiras em dólares FOB.,False,,mensal,mensal
2021-07-31,Comex Stat/MDIC,comex_importacoes_fob_usd,comercio_exterior,18128645229,importacao,metricFOB,US$ FOB,valor_monetario,Valor mensal total das importações brasileiras em dólares FOB.,False,,mensal,mensal
2021-08-31,Comex Stat/MDIC,comex_importacoes_fob_usd,comercio_exterior,19557276638,importacao,metricFOB,US$ FOB,valor_monetario,Valor mensal total das importações brasileiras em dólares FOB.,False,,mensal,mensal
2021-09-30,Comex Stat/MDIC,comex_importacoes_fob_usd,comercio_exterior,19975447581,importacao,metricFOB,US$ FOB,valor_monetario,Valor mensal total das importações brasileiras em dólares FOB.,False,,mensal,mensal
2021-10-31,Comex Stat/MDIC,comex_importacoes_fob_usd,comercio_exterior,20538918428,importacao,metricFOB,US$ FOB,valor_monetario,Valor mensal total das importações brasileiras em dólares FOB.,False,,mensal,mensal
2021-11-30,Comex Stat/MDIC,comex_importacoes_fob_usd,comercio_exterior,21611840519,importacao,metricFOB,US$ FOB,valor_monetario,Valor mensal total das importações brasileiras em dólares FOB.,False,,mensal,mensal
2021-12-31,Comex Stat/MDIC,comex_importacoes_fob_usd,comercio_exterior,20419466049,importacao,metricFOB,US$ FOB,valor_monetario,Valor mensal total das importações brasileiras em dólares FOB.,False,,mensal,mensal
2022-01-31,Comex Stat/MDIC,comex_importacoes_fob_usd,comercio_exterior,19839036895,importacao,metricFOB,US$ FOB,valor_monetario,Valor mensal total das importações brasileiras em dólares FOB.,False,,mensal,mensal
2022-02-28,Comex Stat/MDIC,comex_importacoes_fob_usd,comercio_exterior,18884032639,importacao,metricFOB,US$ FOB,valor_monetario,Valor mensal total das importações brasileiras em dólares FOB.,False,,mensal,mensal
2022-03-31,Comex Stat/MDIC,comex_importacoes_fob_usd,comercio_exterior,21809139241,importacao,metricFOB,US$ FOB,valor_monetario,Valor mensal total das importações brasileiras em dólares FOB.,False,,mensal,mensal
2022-04-30,Comex Stat/MDIC,comex_importacoes_fob_usd,comercio_exterior,20742942801,importacao,metricFOB,US$ FOB,valor_monetario,Valor mensal total das importações brasileiras em dólares FOB.,False,,mensal,mensal
2022-05-31,Comex Stat/MDIC,comex_importacoes_fob_usd,comercio_exterior,24685194348,importacao,metricFOB,US$ FOB,valor_monetario,Valor mensal total das importações brasileiras em dólares FOB.,False,,mensal,mensal
2022-06-30,Comex Stat/MDIC,comex_importacoes_fob_usd,comercio_exterior,23852259120,importacao,metricFOB,US$ FOB,valor_monetario,Valor mensal total das importações brasileiras em dólares FOB.,False,,mensal,mensal
2022-07-31,Comex Stat/MDIC,comex_importacoes_fob_usd,comercio_exterior,24487010025,importacao,metricFOB,US$ FOB,valor_monetario,Valor mensal total das importações brasileiras em dólares FOB.,False,,mensal,mensal
2022-08-31,Comex Stat/MDIC,comex_importacoes_fob_usd,comercio_exterior,26680226835,importacao,metricFOB,US$ FOB,valor_monetario,Valor mensal total das importações brasileiras em dólares FOB.,False,,mensal,mensal
2022-09-30,Comex Stat/MDIC,comex_importacoes_fob_usd,comercio_exterior,24892711361,importacao,metricFOB,US$ FOB,valor_monetario,Valor mensal total das importações brasileiras em dólares FOB.,False,,mensal,mensal
2022-10-31,Comex Stat/MDIC,comex_importacoes_fob_usd,comercio_exterior,23477105126,importacao,metricFOB,US$ FOB,valor_monetario,Valor mensal total das importações brasileiras em dólares FOB.,False,,mensal,mensal
2022-11-30,Comex Stat/MDIC,comex_importacoes_fob_usd,comercio_exterior,21451985909,importacao,metricFOB,US$ FOB,valor_monetario,Valor mensal total das importações brasileiras em dólares FOB.,False,,mensal,mensal
2022-12-31,Comex Stat/MDIC,comex_importacoes_fob_usd,comercio_exterior,21809042646,importacao,metricFOB,US$ FOB,valor_monetario,Valor mensal total das importações brasileiras em dólares FOB.,False,,mensal,mensal
2023-01-31,Comex Stat/MDIC,comex_importacoes_fob_usd,comercio_exterior,20511168894,importacao,metricFOB,US$ FOB,valor_monetario,Valor mensal total das importações brasileiras em dólares FOB.,False,,mensal,mensal
2023-02-28,Comex Stat/MDIC,comex_importacoes_fob_usd,comercio_exterior,17669835440,importacao,metricFOB,US$ FOB,valor_monetario,Valor mensal total das importações brasileiras em dólares FOB.,False,,mensal,mensal
2023-03-31,Comex Stat/MDIC,comex_importacoes_fob_usd,comercio_exterior,22071631023,importacao,metricFOB,US$ FOB,valor_monetario,Valor mensal total das importações brasileiras em dólares FOB.,False,,mensal,mensal
2023-04-30,Comex Stat/MDIC,comex_importacoes_fob_usd,comercio_exterior,19145984913,importacao,metricFOB,US$ FOB,valor_monetario,Valor mensal total das importações brasileiras em dólares FOB.,False,,mensal,mensal
2023-05-31,Comex Stat/MDIC,comex_importacoes_fob_usd,comercio_exterior,21688303202,importacao,metricFOB,US$ FOB,valor_monetario,Valor mensal total das importações brasileiras em dólares FOB.,False,,mensal,mensal
2023-06-30,Comex Stat/MDIC,comex_importacoes_fob_usd,comercio_exterior,19523548217,importacao,metricFOB,US$ FOB,valor_monetario,Valor mensal total das importações brasileiras em dólares FOB.,False,,mensal,mensal
2023-07-31,Comex Stat/MDIC,comex_importacoes_fob_usd,comercio_exterior,20121012529,importacao,metricFOB,US$ FOB,valor_monetario,Valor mensal total das importações brasileiras em dólares FOB.,False,,mensal,mensal
2023-08-31,Comex Stat/MDIC,comex_importacoes_fob_usd,comercio_exterior,21468484469,importacao,metricFOB,US$ FOB,valor_monetario,Valor mensal total das importações brasileiras em dólares FOB.,False,,mensal,mensal
2023-09-30,Comex Stat/MDIC,comex_importacoes_fob_usd,comercio_exterior,19531513320,importacao,metricFOB,US$ FOB,valor_monetario,Valor mensal total das importações brasileiras em dólares FOB.,False,,mensal,mensal
2023-10-31,Comex Stat/MDIC,comex_importacoes_fob_usd,comercio_exterior,20500945877,importacao,metricFOB,US$ FOB,valor_monetario,Valor mensal total das importações brasileiras em dólares FOB.,False,,mensal,mensal
2023-11-30,Comex Stat/MDIC,comex_importacoes_fob_usd,comercio_exterior,19097348843,importacao,metricFOB,US$ FOB,valor_monetario,Valor mensal total das importações brasileiras em dólares FOB.,False,,mensal,mensal
2023-12-31,Comex Stat/MDIC,comex_importacoes_fob_usd,comercio_exterior,19463062497,importacao,metricFOB,US$ FOB,valor_monetario,Valor mensal total das importações brasileiras em dólares FOB.,False,,mensal,mensal
2024-01-31,Comex Stat/MDIC,comex_importacoes_fob_usd,comercio_exterior,20506556064,importacao,metricFOB,US$ FOB,valor_monetario,Valor mensal total das importações brasileiras em dólares FOB.,False,,mensal,mensal
2024-02-29,Comex Stat/MDIC,comex_importacoes_fob_usd,comercio_exterior,18217925231,importacao,metricFOB,US$ FOB,valor_monetario,Valor mensal total das importações brasileiras em dólares FOB.,False,,mensal,mensal
2024-03-31,Comex Stat/MDIC,comex_importacoes_fob_usd,comercio_exterior,20490209586,importacao,metricFOB,US$ FOB,valor_monetario,Valor mensal total das importações brasileiras em dólares FOB.,False,,mensal,mensal
2024-04-30,Comex Stat/MDIC,comex_importacoes_fob_usd,comercio_exterior,21896365060,importacao,metricFOB,US$ FOB,valor_monetario,Valor mensal total das importações brasileiras em dólares FOB.,False,,mensal,mensal
2024-05-31,Comex Stat/MDIC,comex_importacoes_fob_usd,comercio_exterior,21888476596,importacao,metricFOB,US$ FOB,valor_monetario,Valor mensal total das importações brasileiras em dólares FOB.,False,,mensal,mensal
2024-06-30,Comex Stat/MDIC,comex_importacoes_fob_usd,comercio_exterior,22403501244,importacao,metricFOB,US$ FOB,valor_monetario,Valor mensal total das importações brasileiras em dólares FOB.,False,,mensal,mensal
2024-07-31,Comex Stat/MDIC,comex_importacoes_fob_usd,comercio_exterior,23289908259,importacao,metricFOB,US$ FOB,valor_monetario,Valor mensal total das importações brasileiras em dólares FOB.,False,,mensal,mensal
2024-08-31,Comex Stat/MDIC,comex_importacoes_fob_usd,comercio_exterior,24219210009,importacao,metricFOB,US$ FOB,valor_monetario,Valor mensal total das importações brasileiras em dólares FOB.,False,,mensal,mensal
2024-09-30,Comex Stat/MDIC,comex_importacoes_fob_usd,comercio_exterior,23391814867,importacao,metricFOB,US$ FOB,valor_monetario,Valor mensal total das importações brasileiras em dólares FOB.,False,,mensal,mensal
2024-10-31,Comex Stat/MDIC,comex_importacoes_fob_usd,comercio_exterior,25209647872,importacao,metricFOB,US$ FOB,valor_monetario,Valor mensal total das importações brasileiras em dólares FOB.,False,,mensal,mensal
2024-11-30,Comex Stat/MDIC,comex_importacoes_fob_usd,comercio_exterior,21110834322,importacao,metricFOB,US$ FOB,valor_monetario,Valor mensal total das importações brasileiras em dólares FOB.,False,,mensal,mensal
2024-12-31,Comex Stat/MDIC,comex_importacoes_fob_usd,comercio_exterior,20245157064,importacao,metricFOB,US$ FOB,valor_monetario,Valor mensal total das importações brasileiras em dólares FOB.,False,,mensal,mensal
2025-01-31,Comex Stat/MDIC,comex_importacoes_fob_usd,comercio_exterior,23060919404,importacao,metricFOB,US$ FOB,valor_monetario,Valor mensal total das importações brasileiras em dólares FOB.,False,,mensal,mensal
2025-02-28,Comex Stat/MDIC,comex_importacoes_fob_usd,comercio_exterior,23220906048,importacao,metricFOB,US$ FOB,valor_monetario,Valor mensal total das importações brasileiras em dólares FOB.,False,,mensal,mensal
2025-03-31,Comex Stat/MDIC,comex_importacoes_fob_usd,comercio_exterior,20989949681,importacao,metricFOB,US$ FOB,valor_monetario,Valor mensal total das importações brasileiras em dólares FOB.,False,,mensal,mensal
2025-04-30,Comex Stat/MDIC,comex_importacoes_fob_usd,comercio_exterior,22222203309,importacao,metricFOB,US$ FOB,valor_monetario,Valor mensal total das importações brasileiras em dólares FOB.,False,,mensal,mensal
2025-05-31,Comex Stat/MDIC,comex_importacoes_fob_usd,comercio_exterior,22860326366,importacao,metricFOB,US$ FOB,valor_monetario,Valor mensal total das importações brasileiras em dólares FOB.,False,,mensal,mensal
2025-06-30,Comex Stat/MDIC,comex_importacoes_fob_usd,comercio_exterior,23179685930,importacao,metricFOB,US$ FOB,valor_monetario,Valor mensal total das importações brasileiras em dólares FOB.,False,,mensal,mensal
2025-07-31,Comex Stat/MDIC,comex_importacoes_fob_usd,comercio_exterior,25131360879,importacao,metricFOB,US$ FOB,valor_monetario,Valor mensal total das importações brasileiras em dólares FOB.,False,,mensal,mensal
2025-08-31,Comex Stat/MDIC,comex_importacoes_fob_usd,comercio_exterior,23583998523,importacao,metricFOB,US$ FOB,valor_monetario,Valor mensal total das importações brasileiras em dólares FOB.,False,,mensal,mensal
2025-09-30,Comex Stat/MDIC,comex_importacoes_fob_usd,comercio_exterior,27345568599,importacao,metricFOB,US$ FOB,valor_monetario,Valor mensal total das importações brasileiras em dólares FOB.,False,,mensal,mensal
2025-10-31,Comex Stat/MDIC,comex_importacoes_fob_usd,comercio_exterior,24823891174,importacao,metricFOB,US$ FOB,valor_monetario,Valor mensal total das importações brasileiras em dólares FOB.,False,,mensal,mensal
2025-11-30,Comex Stat/MDIC,comex_importacoes_fob_usd,comercio_exterior,22404274885,importacao,metricFOB,US$ FOB,valor_monetario,Valor mensal total das importações brasileiras em dólares FOB.,False,,mensal,mensal
2025-12-31,Comex Stat/MDIC,comex_importacoes_fob_usd,comercio_exterior,21385349027,importacao,metricFOB,US$ FOB,valor_monetario,Valor mensal total das importações brasileiras em dólares FOB.,False,,mensal,mensal
2026-01-31,Comex Stat/MDIC,comex_importacoes_fob_usd,comercio_exterior,20831691725,importacao,metricFOB,US$ FOB,valor_monetario,Valor mensal total das importações brasileiras em dólares FOB.,False,,mensal,mensal
2026-02-28,Comex Stat/MDIC,comex_importacoes_fob_usd,comercio_exterior,22215553623,importacao,metricFOB,US$ FOB,valor_monetario,Valor mensal total das importações brasileiras em dólares FOB.,False,,mensal,mensal
2026-03-31,Comex Stat/MDIC,comex_importacoes_fob_usd,comercio_exterior,25308911941,importacao,metricFOB,US$ FOB,valor_monetario,Valor mensal total das importações brasileiras em dólares FOB.,False,,mensal,mensal
2026-04-30,Comex Stat/MDIC,comex_importacoes_fob_usd,comercio_exterior,23647082379,importacao,metricFOB,US$ FOB,valor_monetario,Valor mensal total das importações brasileiras em dólares FOB.,False,,mensal,mensal
2026-05-31,Comex Stat/MDIC,comex_importacoes_fob_usd,comercio_exterior,24118232383,importacao,metricFOB,US$ FOB,valor_monetario,Valor mensal total das importações brasileiras em dólares FOB.,False,,mensal,mensal
2026-06-30,Comex Stat/MDIC,comex_importacoes_fob_usd,comercio_exterior,26493857835,importacao,metricFOB,US$ FOB,valor_monetario,Valor mensal total das importações brasileiras em dólares FOB.,False,,mensal,mensal
2026-07-31,Comex Stat/MDIC,comex_importacoes_fob_usd,comercio_exterior,27158319765,importacao,metricFOB,US$ FOB,valor_monetario,Valor mensal total das importações brasileiras em dólares FOB.,False,,mensal,mensal
2026-08-31,Comex Stat/MDIC,comex_importacoes_fob_usd,comercio_exterior,25763862100,importacao,metricFOB,US$ FOB,valor_monetario,Valor mensal total das importações brasileiras em dólares FOB.,False,,mensal,mensal
1997-01-31,Comex Stat/MDIC,comex_importacoes_frete_usd,comercio_exterior,154149785,importacao,metricFreight,US$,valor_monetario,Valor mensal total do frete das importações brasileiras.,False,,mensal,mensal
1997-02-28,Comex Stat/MDIC,comex_importacoes_frete_usd,comercio_exterior,269586773,importacao,metricFreight,US$,valor_monetario,Valor mensal total do frete das importações brasileiras.,False,,mensal,mensal
1997-03-31,Comex Stat/MDIC,comex_importacoes_frete_usd,comercio_exterior,288099455,importacao,metricFreight,US$,valor_monetario,Valor mensal total do frete das importações brasileiras.,False,,mensal,mensal
1997-04-30,Comex Stat/MDIC,comex_importacoes_frete_usd,comercio_exterior,326440136,importacao,metricFreight,US$,valor_monetario,Valor mensal total do frete das importações brasileiras.,False,,mensal,mensal
1997-05-31,Comex Stat/MDIC,comex_importacoes_frete_usd,comercio_exterior,286858875,importacao,metricFreight,US$,valor_monetario,Valor mensal total do frete das importações brasileiras.,False,,mensal,mensal
1997-06-30,Comex Stat/MDIC,comex_importacoes_frete_usd,comercio_exterior,298518542,importacao,metricFreight,US$,valor_monetario,Valor mensal total do frete das importações brasileiras.,False,,mensal,mensal
1997-07-31,Comex Stat/MDIC,comex_importacoes_frete_usd,comercio_exterior,323877065,importacao,metricFreight,US$,valor_monetario,Valor mensal total do frete das importações brasileiras.,False,,mensal,mensal
1997-08-31,Comex Stat/MDIC,comex_importacoes_frete_usd,comercio_exterior,306362435,importacao,metricFreight,US$,valor_monetario,Valor mensal total do frete das importações brasileiras.,False,,mensal,mensal
1997-09-30,Comex Stat/MDIC,comex_importacoes_frete_usd,comercio_exterior,313655780,importacao,metricFreight,US$,valor_monetario,Valor mensal total do frete das importações brasileiras.,False,,mensal,mensal
1997-10-31,Comex Stat/MDIC,comex_importacoes_frete_usd,comercio_exterior,331299240,importacao,metricFreight,US$,valor_monetario,Valor mensal total do frete das importações brasileiras.,False,,mensal,mensal
1997-11-30,Comex Stat/MDIC,comex_importacoes_frete_usd,comercio_exterior,303665433,importacao,metricFreight,US$,valor_monetario,Valor mensal total do frete das importações brasileiras.,False,,mensal,mensal
1997-12-31,Comex Stat/MDIC,comex_importacoes_frete_usd,comercio_exterior,287705581,importacao,metricFreight,US$,valor_monetario,Valor mensal total do frete das importações brasileiras.,False,,mensal,mensal
1998-01-31,Comex Stat/MDIC,comex_importacoes_frete_usd,comercio_exterior,266592596,importacao,metricFreight,US$,valor_monetario,Valor mensal total do frete das importações brasileiras.,False,,mensal,mensal
1998-02-28,Comex Stat/MDIC,comex_importacoes_frete_usd,comercio_exterior,224285883,importacao,metricFreight,US$,valor_monetario,Valor mensal total do frete das importações brasileiras.,False,,mensal,mensal
1998-03-31,Comex Stat/MDIC,comex_importacoes_frete_usd,comercio_exterior,299028364,importacao,metricFreight,US$,valor_monetario,Valor mensal total do frete das importações brasileiras.,False,,mensal,mensal
1998-04-30,Comex Stat/MDIC,comex_importacoes_frete_usd,comercio_exterior,269324020,importacao,metricFreight,US$,valor_monetario,Valor mensal total do frete das importações brasileiras.,False,,mensal,mensal
1998-05-31,Comex Stat/MDIC,comex_importacoes_frete_usd,comercio_exterior,267816109,importacao,metricFreight,US$,valor_monetario,Valor mensal total do frete das importações brasileiras.,False,,mensal,mensal
1998-06-30,Comex Stat/MDIC,comex_importacoes_frete_usd,comercio_exterior,269246828,importacao,metricFreight,US$,valor_monetario,Valor mensal total do frete das importações brasileiras.,False,,mensal,mensal
1998-07-31,Comex Stat/MDIC,comex_importacoes_frete_usd,comercio_exterior,313076514,importacao,metricFreight,US$,valor_monetario,Valor mensal total do frete das importações brasileiras.,False,,mensal,mensal
1998-08-31,Comex Stat/MDIC,comex_importacoes_frete_usd,comercio_exterior,230838519,importacao,metricFreight,US$,valor_monetario,Valor mensal total do frete das importações brasileiras.,False,,mensal,mensal
1998-09-30,Comex Stat/MDIC,comex_importacoes_frete_usd,comercio_exterior,323161905,importacao,metricFreight,US$,valor_monetario,Valor mensal total do frete das importações brasileiras.,False,,mensal,mensal
1998-10-31,Comex Stat/MDIC,comex_importacoes_frete_usd,comercio_exterior,307322316,importacao,metricFreight,US$,valor_monetario,Valor mensal total do frete das importações brasileiras.,False,,mensal,mensal
1998-11-30,Comex Stat/MDIC,comex_importacoes_frete_usd,comercio_exterior,264006097,importacao,metricFreight,US$,valor_monetario,Valor mensal total do frete das importações brasileiras.,False,,mensal,mensal
1998-12-31,Comex Stat/MDIC,comex_importacoes_frete_usd,comercio_exterior,237684785,importacao,metricFreight,US$,valor_monetario,Valor mensal total do frete das importações brasileiras.,False,,mensal,mensal
1999-01-31,Comex Stat/MDIC,comex_importacoes_frete_usd,comercio_exterior,202480149,importacao,metricFreight,US$,valor_monetario,Valor mensal total do frete das importações brasileiras.,False,,mensal,mensal
1999-02-28,Comex Stat/MDIC,comex_importacoes_frete_usd,comercio_exterior,170479188,importacao,metricFreight,US$,valor_monetario,Valor mensal total do frete das importações brasileiras.,False,,mensal,mensal
1999-03-31,Comex Stat/MDIC,comex_importacoes_frete_usd,comercio_exterior,219668172,importacao,metricFreight,US$,valor_monetario,Valor mensal total do frete das importações brasileiras.,False,,mensal,mensal
1999-04-30,Comex Stat/MDIC,comex_importacoes_frete_usd,comercio_exterior,181796420,importacao,metricFreight,US$,valor_monetario,Valor mensal total do frete das importações brasileiras.,False,,mensal,mensal
1999-05-31,Comex Stat/MDIC,comex_importacoes_frete_usd,comercio_exterior,208304386,importacao,metricFreight,US$,valor_monetario,Valor mensal total do frete das importações brasileiras.,False,,mensal,mensal
1999-06-30,Comex Stat/MDIC,comex_importacoes_frete_usd,comercio_exterior,220257705,importacao,metricFreight,US$,valor_monetario,Valor mensal total do frete das importações brasileiras.,False,,mensal,mensal
1999-07-31,Comex Stat/MDIC,comex_importacoes_frete_usd,comercio_exterior,209669326,importacao,metricFreight,US$,valor_monetario,Valor mensal total do frete das importações brasileiras.,False,,mensal,mensal
1999-08-31,Comex Stat/MDIC,comex_importacoes_frete_usd,comercio_exterior,227086748,importacao,metricFreight,US$,valor_monetario,Valor mensal total do frete das importações brasileiras.,False,,mensal,mensal
1999-09-30,Comex Stat/MDIC,comex_importacoes_frete_usd,comercio_exterior,223123418,importacao,metricFreight,US$,valor_monetario,Valor mensal total do frete das importações brasileiras.,False,,mensal,mensal
1999-10-31,Comex Stat/MDIC,comex_importacoes_frete_usd,comercio_exterior,227761857,importacao,metricFreight,US$,valor_monetario,Valor mensal total do frete das importações brasileiras.,False,,mensal,mensal
1999-11-30,Comex Stat/MDIC,comex_importacoes_frete_usd,comercio_exterior,225613852,importacao,metricFreight,US$,valor_monetario,Valor mensal total do frete das importações brasileiras.,False,,mensal,mensal
1999-12-31,Comex Stat/MDIC,comex_importacoes_frete_usd,comercio_exterior,220415136,importacao,metricFreight,US$,valor_monetario,Valor mensal total do frete das importações brasileiras.,False,,mensal,mensal
2000-01-31,Comex Stat/MDIC,comex_importacoes_frete_usd,comercio_exterior,180760172,importacao,metricFreight,US$,valor_monetario,Valor mensal total do frete das importações brasileiras.,False,,mensal,mensal
2000-02-29,Comex Stat/MDIC,comex_importacoes_frete_usd,comercio_exterior,208967209,importacao,metricFreight,US$,valor_monetario,Valor mensal total do frete das importações brasileiras.,False,,mensal,mensal
2000-03-31,Comex Stat/MDIC,comex_importacoes_frete_usd,comercio_exterior,229619951,importacao,metricFreight,US$,valor_monetario,Valor mensal total do frete das importações brasileiras.,False,,mensal,mensal
2000-04-30,Comex Stat/MDIC,comex_importacoes_frete_usd,comercio_exterior,198504911,importacao,metricFreight,US$,valor_monetario,Valor mensal total do frete das importações brasileiras.,False,,mensal,mensal
2000-05-31,Comex Stat/MDIC,comex_importacoes_frete_usd,comercio_exterior,245654630,importacao,metricFreight,US$,valor_monetario,Valor mensal total do frete das importações brasileiras.,False,,mensal,mensal
2000-06-30,Comex Stat/MDIC,comex_importacoes_frete_usd,comercio_exterior,240464168,importacao,metricFreight,US$,valor_monetario,Valor mensal total do frete das importações brasileiras.,False,,mensal,mensal
2000-07-31,Comex Stat/MDIC,comex_importacoes_frete_usd,comercio_exterior,253780222,importacao,metricFreight,US$,valor_monetario,Valor mensal total do frete das importações brasileiras.,False,,mensal,mensal
2000-08-31,Comex Stat/MDIC,comex_importacoes_frete_usd,comercio_exterior,290196083,importacao,metricFreight,US$,valor_monetario,Valor mensal total do frete das importações brasileiras.,False,,mensal,mensal
2000-09-30,Comex Stat/MDIC,comex_importacoes_frete_usd,comercio_exterior,270496096,importacao,metricFreight,US$,valor_monetario,Valor mensal total do frete das importações brasileiras.,False,,mensal,mensal
2000-10-31,Comex Stat/MDIC,comex_importacoes_frete_usd,comercio_exterior,296288123,importacao,metricFreight,US$,valor_monetario,Valor mensal total do frete das importações brasileiras.,False,,mensal,mensal
2000-11-30,Comex Stat/MDIC,comex_importacoes_frete_usd,comercio_exterior,288594508,importacao,metricFreight,US$,valor_monetario,Valor mensal total do frete das importações brasileiras.,False,,mensal,mensal
2000-12-31,Comex Stat/MDIC,comex_importacoes_frete_usd,comercio_exterior,266983084,importacao,metricFreight,US$,valor_monetario,Valor mensal total do frete das importações brasileiras.,False,,mensal,mensal
2001-01-31,Comex Stat/MDIC,comex_importacoes_frete_usd,comercio_exterior,278310830,importacao,metricFreight,US$,valor_monetario,Valor mensal total do frete das importações brasileiras.,False,,mensal,mensal
2001-02-28,Comex Stat/MDIC,comex_importacoes_frete_usd,comercio_exterior,229949079,importacao,metricFreight,US$,valor_monetario,Valor mensal total do frete das importações brasileiras.,False,,mensal,mensal
2001-03-31,Comex Stat/MDIC,comex_importacoes_frete_usd,comercio_exterior,317850540,importacao,metricFreight,US$,valor_monetario,Valor mensal total do frete das importações brasileiras.,False,,mensal,mensal
2001-04-30,Comex Stat/MDIC,comex_importacoes_frete_usd,comercio_exterior,247549987,importacao,metricFreight,US$,valor_monetario,Valor mensal total do frete das importações brasileiras.,False,,mensal,mensal
2001-05-31,Comex Stat/MDIC,comex_importacoes_frete_usd,comercio_exterior,297586148,importacao,metricFreight,US$,valor_monetario,Valor mensal total do frete das importações brasileiras.,False,,mensal,mensal
2001-06-30,Comex Stat/MDIC,comex_importacoes_frete_usd,comercio_exterior,249604886,importacao,metricFreight,US$,valor_monetario,Valor mensal total do frete das importações brasileiras.,False,,mensal,mensal
2001-07-31,Comex Stat/MDIC,comex_importacoes_frete_usd,comercio_exterior,256776135,importacao,metricFreight,US$,valor_monetario,Valor mensal total do frete das importações brasileiras.,False,,mensal,mensal
2001-08-31,Comex Stat/MDIC,comex_importacoes_frete_usd,comercio_exterior,262159494,importacao,metricFreight,US$,valor_monetario,Valor mensal total do frete das importações brasileiras.,False,,mensal,mensal
2001-09-30,Comex Stat/MDIC,comex_importacoes_frete_usd,comercio_exterior,216987704,importacao,metricFreight,US$,valor_monetario,Valor mensal total do frete das importações brasileiras.,False,,mensal,mensal
2001-10-31,Comex Stat/MDIC,comex_importacoes_frete_usd,comercio_exterior,250058484,importacao,metricFreight,US$,valor_monetario,Valor mensal total do frete das importações brasileiras.,False,,mensal,mensal
2001-11-30,Comex Stat/MDIC,comex_importacoes_frete_usd,comercio_exterior,226034655,importacao,metricFreight,US$,valor_monetario,Valor mensal total do frete das importações brasileiras.,False,,mensal,mensal
2001-12-31,Comex Stat/MDIC,comex_importacoes_frete_usd,comercio_exterior,184866968,importacao,metricFreight,US$,valor_monetario,Valor mensal total do frete das importações brasileiras.,False,,mensal,mensal
2002-01-31,Comex Stat/MDIC,comex_importacoes_frete_usd,comercio_exterior,202242929,importacao,metricFreight,US$,valor_monetario,Valor mensal total do frete das importações brasileiras.,False,,mensal,mensal
2002-02-28,Comex Stat/MDIC,comex_importacoes_frete_usd,comercio_exterior,182897743,importacao,metricFreight,US$,valor_monetario,Valor mensal total do frete das importações brasileiras.,False,,mensal,mensal
2002-03-31,Comex Stat/MDIC,comex_importacoes_frete_usd,comercio_exterior,198971471,importacao,metricFreight,US$,valor_monetario,Valor mensal total do frete das importações brasileiras.,False,,mensal,mensal
2002-04-30,Comex Stat/MDIC,comex_importacoes_frete_usd,comercio_exterior,223540762,importacao,metricFreight,US$,valor_monetario,Valor mensal total do frete das importações brasileiras.,False,,mensal,mensal
2002-05-31,Comex Stat/MDIC,comex_importacoes_frete_usd,comercio_exterior,200485841,importacao,metricFreight,US$,valor_monetario,Valor mensal total do frete das importações brasileiras.,False,,mensal,mensal
2002-06-30,Comex Stat/MDIC,comex_importacoes_frete_usd,comercio_exterior,175896097,importacao,metricFreight,US$,valor_monetario,Valor mensal total do frete das importações brasileiras.,False,,mensal,mensal
2002-07-31,Comex Stat/MDIC,comex_importacoes_frete_usd,comercio_exterior,250812793,importacao,metricFreight,US$,valor_monetario,Valor mensal total do frete das importações brasileiras.,False,,mensal,mensal
2002-08-31,Comex Stat/MDIC,comex_importacoes_frete_usd,comercio_exterior,202387715,importacao,metricFreight,US$,valor_monetario,Valor mensal total do frete das importações brasileiras.,False,,mensal,mensal
2002-09-30,Comex Stat/MDIC,comex_importacoes_frete_usd,comercio_exterior,210137108,importacao,metricFreight,US$,valor_monetario,Valor mensal total do frete das importações brasileiras.,False,,mensal,mensal
2002-10-31,Comex Stat/MDIC,comex_importacoes_frete_usd,comercio_exterior,216134477,importacao,metricFreight,US$,valor_monetario,Valor mensal total do frete das importações brasileiras.,False,,mensal,mensal
2002-11-30,Comex Stat/MDIC,comex_importacoes_frete_usd,comercio_exterior,198509222,importacao,metricFreight,US$,valor_monetario,Valor mensal total do frete das importações brasileiras.,False,,mensal,mensal
2002-12-31,Comex Stat/MDIC,comex_importacoes_frete_usd,comercio_exterior,170240476,importacao,metricFreight,US$,valor_monetario,Valor mensal total do frete das importações brasileiras.,False,,mensal,mensal
2003-01-31,Comex Stat/MDIC,comex_importacoes_frete_usd,comercio_exterior,178998571,importacao,metricFreight,US$,valor_monetario,Valor mensal total do frete das importações brasileiras.,False,,mensal,mensal
2003-02-28,Comex Stat/MDIC,comex_importacoes_frete_usd,comercio_exterior,190322068,importacao,metricFreight,US$,valor_monetario,Valor mensal total do frete das importações brasileiras.,False,,mensal,mensal
2003-03-31,Comex Stat/MDIC,comex_importacoes_frete_usd,comercio_exterior,186849204,importacao,metricFreight,US$,valor_monetario,Valor mensal total do frete das importações brasileiras.,False,,mensal,mensal
2003-04-30,Comex Stat/MDIC,comex_importacoes_frete_usd,comercio_exterior,209720777,importacao,metricFreight,US$,valor_monetario,Valor mensal total do frete das importações brasileiras.,False,,mensal,mensal
2003-05-31,Comex Stat/MDIC,comex_importacoes_frete_usd,comercio_exterior,207535364,importacao,metricFreight,US$,valor_monetario,Valor mensal total do frete das importações brasileiras.,False,,mensal,mensal
2003-06-30,Comex Stat/MDIC,comex_importacoes_frete_usd,comercio_exterior,190143653,importacao,metricFreight,US$,valor_monetario,Valor mensal total do frete das importações brasileiras.,False,,mensal,mensal
2003-07-31,Comex Stat/MDIC,comex_importacoes_frete_usd,comercio_exterior,216241355,importacao,metricFreight,US$,valor_monetario,Valor mensal total do frete das importações brasileiras.,False,,mensal,mensal
2003-08-31,Comex Stat/MDIC,comex_importacoes_frete_usd,comercio_exterior,188696308,importacao,metricFreight,US$,valor_monetario,Valor mensal total do frete das importações brasileiras.,False,,mensal,mensal
2003-09-30,Comex Stat/MDIC,comex_importacoes_frete_usd,comercio_exterior,244043996,importacao,metricFreight,US$,valor_monetario,Valor mensal total do frete das importações brasileiras.,False,,mensal,mensal
2003-10-31,Comex Stat/MDIC,comex_importacoes_frete_usd,comercio_exterior,248908776,importacao,metricFreight,US$,valor_monetario,Valor mensal total do frete das importações brasileiras.,False,,mensal,mensal
2003-11-30,Comex Stat/MDIC,comex_importacoes_frete_usd,comercio_exterior,213495251,importacao,metricFreight,US$,valor_monetario,Valor mensal total do frete das importações brasileiras.,False,,mensal,mensal
2003-12-31,Comex Stat/MDIC,comex_importacoes_frete_usd,comercio_exterior,220714061,importacao,metricFreight,US$,valor_monetario,Valor mensal total do frete das importações brasileiras.,False,,mensal,mensal
2004-01-31,Comex Stat/MDIC,comex_importacoes_frete_usd,comercio_exterior,223280029,importacao,metricFreight,US$,valor_monetario,Valor mensal total do frete das importações brasileiras.,False,,mensal,mensal
2004-02-29,Comex Stat/MDIC,comex_importacoes_frete_usd,comercio_exterior,204960243,importacao,metricFreight,US$,valor_monetario,Valor mensal total do frete das importações brasileiras.,False,,mensal,mensal
2004-03-31,Comex Stat/MDIC,comex_importacoes_frete_usd,comercio_exterior,298125380,importacao,metricFreight,US$,valor_monetario,Valor mensal total do frete das importações brasileiras.,False,,mensal,mensal
2004-04-30,Comex Stat/MDIC,comex_importacoes_frete_usd,comercio_exterior,237194546,importacao,metricFreight,US$,valor_monetario,Valor mensal total do frete das importações brasileiras.,False,,mensal,mensal
2004-05-31,Comex Stat/MDIC,comex_importacoes_frete_usd,comercio_exterior,262728571,importacao,metricFreight,US$,valor_monetario,Valor mensal total do frete das importações brasileiras.,False,,mensal,mensal
2004-06-30,Comex Stat/MDIC,comex_importacoes_frete_usd,comercio_exterior,329447478,importacao,metricFreight,US$,valor_monetario,Valor mensal total do frete das importações brasileiras.,False,,mensal,mensal
2004-07-31,Comex Stat/MDIC,comex_importacoes_frete_usd,comercio_exterior,323942703,importacao,metricFreight,US$,valor_monetario,Valor mensal total do frete das importações brasileiras.,False,,mensal,mensal
2004-08-31,Comex Stat/MDIC,comex_importacoes_frete_usd,comercio_exterior,324051633,importacao,metricFreight,US$,valor_monetario,Valor mensal total do frete das importações brasileiras.,False,,mensal,mensal
2004-09-30,Comex Stat/MDIC,comex_importacoes_frete_usd,comercio_exterior,346872836,importacao,metricFreight,US$,valor_monetario,Valor mensal total do frete das importações brasileiras.,False,,mensal,mensal
2004-10-31,Comex Stat/MDIC,comex_importacoes_frete_usd,comercio_exterior,332431751,importacao,metricFreight,US$,valor_monetario,Valor mensal total do frete das importações brasileiras.,False,,mensal,mensal
2004-11-30,Comex Stat/MDIC,comex_importacoes_frete_usd,comercio_exterior,352742432,importacao,metricFreight,US$,valor_monetario,Valor mensal total do frete das importações brasileiras.,False,,mensal,mensal
2004-12-31,Comex Stat/MDIC,comex_importacoes_frete_usd,comercio_exterior,330259382,importacao,metricFreight,US$,valor_monetario,Valor mensal total do frete das importações brasileiras.,False,,mensal,mensal
2005-01-31,Comex Stat/MDIC,comex_importacoes_frete_usd,comercio_exterior,296878704,importacao,metricFreight,US$,valor_monetario,Valor mensal total do frete das importações brasileiras.,False,,mensal,mensal
2005-02-28,Comex Stat/MDIC,comex_importacoes_frete_usd,comercio_exterior,296935976,importacao,metricFreight,US$,valor_monetario,Valor mensal total do frete das importações brasileiras.,False,,mensal,mensal
2005-03-31,Comex Stat/MDIC,comex_importacoes_frete_usd,comercio_exterior,331144414,importacao,metricFreight,US$,valor_monetario,Valor mensal total do frete das importações brasileiras.,False,,mensal,mensal
2005-04-30,Comex Stat/MDIC,comex_importacoes_frete_usd,comercio_exterior,305351183,importacao,metricFreight,US$,valor_monetario,Valor mensal total do frete das importações brasileiras.,False,,mensal,mensal
2005-05-31,Comex Stat/MDIC,comex_importacoes_frete_usd,comercio_exterior,330982985,importacao,metricFreight,US$,valor_monetario,Valor mensal total do frete das importações brasileiras.,False,,mensal,mensal
2005-06-30,Comex Stat/MDIC,comex_importacoes_frete_usd,comercio_exterior,343937136,importacao,metricFreight,US$,valor_monetario,Valor mensal total do frete das importações brasileiras.,False,,mensal,mensal
2005-07-31,Comex Stat/MDIC,comex_importacoes_frete_usd,comercio_exterior,328926923,importacao,metricFreight,US$,valor_monetario,Valor mensal total do frete das importações brasileiras.,False,,mensal,mensal
2005-08-31,Comex Stat/MDIC,comex_importacoes_frete_usd,comercio_exterior,372907450,importacao,metricFreight,US$,valor_monetario,Valor mensal total do frete das importações brasileiras.,False,,mensal,mensal
2005-09-30,Comex Stat/MDIC,comex_importacoes_frete_usd,comercio_exterior,328498618,importacao,metricFreight,US$,valor_monetario,Valor mensal total do frete das importações brasileiras.,False,,mensal,mensal
2005-10-31,Comex Stat/MDIC,comex_importacoes_frete_usd,comercio_exterior,307671743,importacao,metricFreight,US$,valor_monetario,Valor mensal total do frete das importações brasileiras.,False,,mensal,mensal
2005-11-30,Comex Stat/MDIC,comex_importacoes_frete_usd,comercio_exterior,342832135,importacao,metricFreight,US$,valor_monetario,Valor mensal total do frete das importações brasileiras.,False,,mensal,mensal
2005-12-31,Comex Stat/MDIC,comex_importacoes_frete_usd,comercio_exterior,332997244,importacao,metricFreight,US$,valor_monetario,Valor mensal total do frete das importações brasileiras.,False,,mensal,mensal
2006-01-31,Comex Stat/MDIC,comex_importacoes_frete_usd,comercio_exterior,328405786,importacao,metricFreight,US$,valor_monetario,Valor mensal total do frete das importações brasileiras.,False,,mensal,mensal
2006-02-28,Comex Stat/MDIC,comex_importacoes_frete_usd,comercio_exterior,302165921,importacao,metricFreight,US$,valor_monetario,Valor mensal total do frete das importações brasileiras.,False,,mensal,mensal
2006-03-31,Comex Stat/MDIC,comex_importacoes_frete_usd,comercio_exterior,371052780,importacao,metricFreight,US$,valor_monetario,Valor mensal total do frete das importações brasileiras.,False,,mensal,mensal
2006-04-30,Comex Stat/MDIC,comex_importacoes_frete_usd,comercio_exterior,322799459,importacao,metricFreight,US$,valor_monetario,Valor mensal total do frete das importações brasileiras.,False,,mensal,mensal
2006-05-31,Comex Stat/MDIC,comex_importacoes_frete_usd,comercio_exterior,333076991,importacao,metricFreight,US$,valor_monetario,Valor mensal total do frete das importações brasileiras.,False,,mensal,mensal
2006-06-30,Comex Stat/MDIC,comex_importacoes_frete_usd,comercio_exterior,342436884,importacao,metricFreight,US$,valor_monetario,Valor mensal total do frete das importações brasileiras.,False,,mensal,mensal
2006-07-31,Comex Stat/MDIC,comex_importacoes_frete_usd,comercio_exterior,386184008,importacao,metricFreight,US$,valor_monetario,Valor mensal total do frete das importações brasileiras.,False,,mensal,mensal
2006-08-31,Comex Stat/MDIC,comex_importacoes_frete_usd,comercio_exterior,424983392,importacao,metricFreight,US$,valor_monetario,Valor mensal total do frete das importações brasileiras.,False,,mensal,mensal
2006-09-30,Comex Stat/MDIC,comex_importacoes_frete_usd,comercio_exterior,387580242,importacao,metricFreight,US$,valor_monetario,Valor mensal total do frete das importações brasileiras.,False,,mensal,mensal
2006-10-31,Comex Stat/MDIC,comex_importacoes_frete_usd,comercio_exterior,418914173,importacao,metricFreight,US$,valor_monetario,Valor mensal total do frete das importações brasileiras.,False,,mensal,mensal
2006-11-30,Comex Stat/MDIC,comex_importacoes_frete_usd,comercio_exterior,411751218,importacao,metricFreight,US$,valor_monetario,Valor mensal total do frete das importações brasileiras.,False,,mensal,mensal
2006-12-31,Comex Stat/MDIC,comex_importacoes_frete_usd,comercio_exterior,373354034,importacao,metricFreight,US$,valor_monetario,Valor mensal total do frete das importações brasileiras.,False,,mensal,mensal
2007-01-31,Comex Stat/MDIC,comex_importacoes_frete_usd,comercio_exterior,406335128,importacao,metricFreight,US$,valor_monetario,Valor mensal total do frete das importações brasileiras.,False,,mensal,mensal
2007-02-28,Comex Stat/MDIC,comex_importacoes_frete_usd,comercio_exterior,360177556,importacao,metricFreight,US$,valor_monetario,Valor mensal total do frete das importações brasileiras.,False,,mensal,mensal
2007-03-31,Comex Stat/MDIC,comex_importacoes_frete_usd,comercio_exterior,471680675,importacao,metricFreight,US$,valor_monetario,Valor mensal total do frete das importações brasileiras.,False,,mensal,mensal
2007-04-30,Comex Stat/MDIC,comex_importacoes_frete_usd,comercio_exterior,397301507,importacao,metricFreight,US$,valor_monetario,Valor mensal total do frete das importações brasileiras.,False,,mensal,mensal
2007-05-31,Comex Stat/MDIC,comex_importacoes_frete_usd,comercio_exterior,483826421,importacao,metricFreight,US$,valor_monetario,Valor mensal total do frete das importações brasileiras.,False,,mensal,mensal
2007-06-30,Comex Stat/MDIC,comex_importacoes_frete_usd,comercio_exterior,461377846,importacao,metricFreight,US$,valor_monetario,Valor mensal total do frete das importações brasileiras.,False,,mensal,mensal
2007-07-31,Comex Stat/MDIC,comex_importacoes_frete_usd,comercio_exterior,506067903,importacao,metricFreight,US$,valor_monetario,Valor mensal total do frete das importações brasileiras.,False,,mensal,mensal
2007-08-31,Comex Stat/MDIC,comex_importacoes_frete_usd,comercio_exterior,567395465,importacao,metricFreight,US$,valor_monetario,Valor mensal total do frete das importações brasileiras.,False,,mensal,mensal
2007-09-30,Comex Stat/MDIC,comex_importacoes_frete_usd,comercio_exterior,501298017,importacao,metricFreight,US$,valor_monetario,Valor mensal total do frete das importações brasileiras.,False,,mensal,mensal
2007-10-31,Comex Stat/MDIC,comex_importacoes_frete_usd,comercio_exterior,628049647,importacao,metricFreight,US$,valor_monetario,Valor mensal total do frete das importações brasileiras.,False,,mensal,mensal
2007-11-30,Comex Stat/MDIC,comex_importacoes_frete_usd,comercio_exterior,607600739,importacao,metricFreight,US$,valor_monetario,Valor mensal total do frete das importações brasileiras.,False,,mensal,mensal
2007-12-31,Comex Stat/MDIC,comex_importacoes_frete_usd,comercio_exterior,534015462,importacao,metricFreight,US$,valor_monetario,Valor mensal total do frete das importações brasileiras.,False,,mensal,mensal
2008-01-31,Comex Stat/MDIC,comex_importacoes_frete_usd,comercio_exterior,685487648,importacao,metricFreight,US$,valor_monetario,Valor mensal total do frete das importações brasileiras.,False,,mensal,mensal
2008-02-29,Comex Stat/MDIC,comex_importacoes_frete_usd,comercio_exterior,673458812,importacao,metricFreight,US$,valor_monetario,Valor mensal total do frete das importações brasileiras.,False,,mensal,mensal
2008-03-31,Comex Stat/MDIC,comex_importacoes_frete_usd,comercio_exterior,563246175,importacao,metricFreight,US$,valor_monetario,Valor mensal total do frete das importações brasileiras.,False,,mensal,mensal
2008-04-30,Comex Stat/MDIC,comex_importacoes_frete_usd,comercio_exterior,614224457,importacao,metricFreight,US$,valor_monetario,Valor mensal total do frete das importações brasileiras.,False,,mensal,mensal
2008-05-31,Comex Stat/MDIC,comex_importacoes_frete_usd,comercio_exterior,725355353,importacao,metricFreight,US$,valor_monetario,Valor mensal total do frete das importações brasileiras.,False,,mensal,mensal
2008-06-30,Comex Stat/MDIC,comex_importacoes_frete_usd,comercio_exterior,777183243,importacao,metricFreight,US$,valor_monetario,Valor mensal total do frete das importações brasileiras.,False,,mensal,mensal
2008-07-31,Comex Stat/MDIC,comex_importacoes_frete_usd,comercio_exterior,890575250,importacao,metricFreight,US$,valor_monetario,Valor mensal total do frete das importações brasileiras.,False,,mensal,mensal
2008-08-31,Comex Stat/MDIC,comex_importacoes_frete_usd,comercio_exterior,932317245,importacao,metricFreight,US$,valor_monetario,Valor mensal total do frete das importações brasileiras.,False,,mensal,mensal
2008-09-30,Comex Stat/MDIC,comex_importacoes_frete_usd,comercio_exterior,934814071,importacao,metricFreight,US$,valor_monetario,Valor mensal total do frete das importações brasileiras.,False,,mensal,mensal
2008-10-31,Comex Stat/MDIC,comex_importacoes_frete_usd,comercio_exterior,911800098,importacao,metricFreight,US$,valor_monetario,Valor mensal total do frete das importações brasileiras.,False,,mensal,mensal
2008-11-30,Comex Stat/MDIC,comex_importacoes_frete_usd,comercio_exterior,713584689,importacao,metricFreight,US$,valor_monetario,Valor mensal total do frete das importações brasileiras.,False,,mensal,mensal
2008-12-31,Comex Stat/MDIC,comex_importacoes_frete_usd,comercio_exterior,588443290,importacao,metricFreight,US$,valor_monetario,Valor mensal total do frete das importações brasileiras.,False,,mensal,mensal
2009-01-31,Comex Stat/MDIC,comex_importacoes_frete_usd,comercio_exterior,537868588,importacao,metricFreight,US$,valor_monetario,Valor mensal total do frete das importações brasileiras.,False,,mensal,mensal
2009-02-28,Comex Stat/MDIC,comex_importacoes_frete_usd,comercio_exterior,376781850,importacao,metricFreight,US$,valor_monetario,Valor mensal total do frete das importações brasileiras.,False,,mensal,mensal
2009-03-31,Comex Stat/MDIC,comex_importacoes_frete_usd,comercio_exterior,487033896,importacao,metricFreight,US$,valor_monetario,Valor mensal total do frete das importações brasileiras.,False,,mensal,mensal
2009-04-30,Comex Stat/MDIC,comex_importacoes_frete_usd,comercio_exterior,398934091,importacao,metricFreight,US$,valor_monetario,Valor mensal total do frete das importações brasileiras.,False,,mensal,mensal
2009-05-31,Comex Stat/MDIC,comex_importacoes_frete_usd,comercio_exterior,412956193,importacao,metricFreight,US$,valor_monetario,Valor mensal total do frete das importações brasileiras.,False,,mensal,mensal
2009-06-30,Comex Stat/MDIC,comex_importacoes_frete_usd,comercio_exterior,413169233,importacao,metricFreight,US$,valor_monetario,Valor mensal total do frete das importações brasileiras.,False,,mensal,mensal
2009-07-31,Comex Stat/MDIC,comex_importacoes_frete_usd,comercio_exterior,469327849,importacao,metricFreight,US$,valor_monetario,Valor mensal total do frete das importações brasileiras.,False,,mensal,mensal
2009-08-31,Comex Stat/MDIC,comex_importacoes_frete_usd,comercio_exterior,461676521,importacao,metricFreight,US$,valor_monetario,Valor mensal total do frete das importações brasileiras.,False,,mensal,mensal
2009-09-30,Comex Stat/MDIC,comex_importacoes_frete_usd,comercio_exterior,527898555,importacao,metricFreight,US$,valor_monetario,Valor mensal total do frete das importações brasileiras.,False,,mensal,mensal
2009-10-31,Comex Stat/MDIC,comex_importacoes_frete_usd,comercio_exterior,572675028,importacao,metricFreight,US$,valor_monetario,Valor mensal total do frete das importações brasileiras.,False,,mensal,mensal
2009-11-30,Comex Stat/MDIC,comex_importacoes_frete_usd,comercio_exterior,579892685,importacao,metricFreight,US$,valor_monetario,Valor mensal total do frete das importações brasileiras.,False,,mensal,mensal
2009-12-31,Comex Stat/MDIC,comex_importacoes_frete_usd,comercio_exterior,586832452,importacao,metricFreight,US$,valor_monetario,Valor mensal total do frete das importações brasileiras.,False,,mensal,mensal
2010-01-31,Comex Stat/MDIC,comex_importacoes_frete_usd,comercio_exterior,587417276,importacao,metricFreight,US$,valor_monetario,Valor mensal total do frete das importações brasileiras.,False,,mensal,mensal
2010-02-28,Comex Stat/MDIC,comex_importacoes_frete_usd,comercio_exterior,610927965,importacao,metricFreight,US$,valor_monetario,Valor mensal total do frete das importações brasileiras.,False,,mensal,mensal
2010-03-31,Comex Stat/MDIC,comex_importacoes_frete_usd,comercio_exterior,760138260,importacao,metricFreight,US$,valor_monetario,Valor mensal total do frete das importações brasileiras.,False,,mensal,mensal
2010-04-30,Comex Stat/MDIC,comex_importacoes_frete_usd,comercio_exterior,729619930,importacao,metricFreight,US$,valor_monetario,Valor mensal total do frete das importações brasileiras.,False,,mensal,mensal
2010-05-31,Comex Stat/MDIC,comex_importacoes_frete_usd,comercio_exterior,776322479,importacao,metricFreight,US$,valor_monetario,Valor mensal total do frete das importações brasileiras.,False,,mensal,mensal
2010-06-30,Comex Stat/MDIC,comex_importacoes_frete_usd,comercio_exterior,793256289,importacao,metricFreight,US$,valor_monetario,Valor mensal total do frete das importações brasileiras.,False,,mensal,mensal
2010-07-31,Comex Stat/MDIC,comex_importacoes_frete_usd,comercio_exterior,882423372,importacao,metricFreight,US$,valor_monetario,Valor mensal total do frete das importações brasileiras.,False,,mensal,mensal
2010-08-31,Comex Stat/MDIC,comex_importacoes_frete_usd,comercio_exterior,913514132,importacao,metricFreight,US$,valor_monetario,Valor mensal total do frete das importações brasileiras.,False,,mensal,mensal
2010-09-30,Comex Stat/MDIC,comex_importacoes_frete_usd,comercio_exterior,938987489,importacao,metricFreight,US$,valor_monetario,Valor mensal total do frete das importações brasileiras.,False,,mensal,mensal
2010-10-31,Comex Stat/MDIC,comex_importacoes_frete_usd,comercio_exterior,893261996,importacao,metricFreight,US$,valor_monetario,Valor mensal total do frete das importações brasileiras.,False,,mensal,mensal
2010-11-30,Comex Stat/MDIC,comex_importacoes_frete_usd,comercio_exterior,919370139,importacao,metricFreight,US$,valor_monetario,Valor mensal total do frete das importações brasileiras.,False,,mensal,mensal
2010-12-31,Comex Stat/MDIC,comex_importacoes_frete_usd,comercio_exterior,850723579,importacao,metricFreight,US$,valor_monetario,Valor mensal total do frete das importações brasileiras.,False,,mensal,mensal
2011-01-31,Comex Stat/MDIC,comex_importacoes_frete_usd,comercio_exterior,781574242,importacao,metricFreight,US$,valor_monetario,Valor mensal total do frete das importações brasileiras.,False,,mensal,mensal
2011-02-28,Comex Stat/MDIC,comex_importacoes_frete_usd,comercio_exterior,778825859,importacao,metricFreight,US$,valor_monetario,Valor mensal total do frete das importações brasileiras.,False,,mensal,mensal
2011-03-31,Comex Stat/MDIC,comex_importacoes_frete_usd,comercio_exterior,845662536,importacao,metricFreight,US$,valor_monetario,Valor mensal total do frete das importações brasileiras.,False,,mensal,mensal
2011-04-30,Comex Stat/MDIC,comex_importacoes_frete_usd,comercio_exterior,835376885,importacao,metricFreight,US$,valor_monetario,Valor mensal total do frete das importações brasileiras.,False,,mensal,mensal
2011-05-31,Comex Stat/MDIC,comex_importacoes_frete_usd,comercio_exterior,916926023,importacao,metricFreight,US$,valor_monetario,Valor mensal total do frete das importações brasileiras.,False,,mensal,mensal
2011-06-30,Comex Stat/MDIC,comex_importacoes_frete_usd,comercio_exterior,870020079,importacao,metricFreight,US$,valor_monetario,Valor mensal total do frete das importações brasileiras.,False,,mensal,mensal
2011-07-31,Comex Stat/MDIC,comex_importacoes_frete_usd,comercio_exterior,869624166,importacao,metricFreight,US$,valor_monetario,Valor mensal total do frete das importações brasileiras.,False,,mensal,mensal
2011-08-31,Comex Stat/MDIC,comex_importacoes_frete_usd,comercio_exterior,996088748,importacao,metricFreight,US$,valor_monetario,Valor mensal total do frete das importações brasileiras.,False,,mensal,mensal
2011-09-30,Comex Stat/MDIC,comex_importacoes_frete_usd,comercio_exterior,922222923,importacao,metricFreight,US$,valor_monetario,Valor mensal total do frete das importações brasileiras.,False,,mensal,mensal
2011-10-31,Comex Stat/MDIC,comex_importacoes_frete_usd,comercio_exterior,866305834,importacao,metricFreight,US$,valor_monetario,Valor mensal total do frete das importações brasileiras.,False,,mensal,mensal
2011-11-30,Comex Stat/MDIC,comex_importacoes_frete_usd,comercio_exterior,970266855,importacao,metricFreight,US$,valor_monetario,Valor mensal total do frete das importações brasileiras.,False,,mensal,mensal
2011-12-31,Comex Stat/MDIC,comex_importacoes_frete_usd,comercio_exterior,861365258,importacao,metricFreight,US$,valor_monetario,Valor mensal total do frete das importações brasileiras.,False,,mensal,mensal
2012-01-31,Comex Stat/MDIC,comex_importacoes_frete_usd,comercio_exterior,782197707,importacao,metricFreight,US$,valor_monetario,Valor mensal total do frete das importações brasileiras.,False,,mensal,mensal
2012-02-29,Comex Stat/MDIC,comex_importacoes_frete_usd,comercio_exterior,723081620,importacao,metricFreight,US$,valor_monetario,Valor mensal total do frete das importações brasileiras.,False,,mensal,mensal
2012-03-31,Comex Stat/MDIC,comex_importacoes_frete_usd,comercio_exterior,826373940,importacao,metricFreight,US$,valor_monetario,Valor mensal total do frete das importações brasileiras.,False,,mensal,mensal
2012-04-30,Comex Stat/MDIC,comex_importacoes_frete_usd,comercio_exterior,775408683,importacao,metricFreight,US$,valor_monetario,Valor mensal total do frete das importações brasileiras.,False,,mensal,mensal
2012-05-31,Comex Stat/MDIC,comex_importacoes_frete_usd,comercio_exterior,902874239,importacao,metricFreight,US$,valor_monetario,Valor mensal total do frete das importações brasileiras.,False,,mensal,mensal
2012-06-30,Comex Stat/MDIC,comex_importacoes_frete_usd,comercio_exterior,807254357,importacao,metricFreight,US$,valor_monetario,Valor mensal total do frete das importações brasileiras.,False,,mensal,mensal
2012-07-31,Comex Stat/MDIC,comex_importacoes_frete_usd,comercio_exterior,825264347,importacao,metricFreight,US$,valor_monetario,Valor mensal total do frete das importações brasileiras.,False,,mensal,mensal
2012-08-31,Comex Stat/MDIC,comex_importacoes_frete_usd,comercio_exterior,894992759,importacao,metricFreight,US$,valor_monetario,Valor mensal total do frete das importações brasileiras.,False,,mensal,mensal
2012-09-30,Comex Stat/MDIC,comex_importacoes_frete_usd,comercio_exterior,828838008,importacao,metricFreight,US$,valor_monetario,Valor mensal total do frete das importações brasileiras.,False,,mensal,mensal
2012-10-31,Comex Stat/MDIC,comex_importacoes_frete_usd,comercio_exterior,941493598,importacao,metricFreight,US$,valor_monetario,Valor mensal total do frete das importações brasileiras.,False,,mensal,mensal
2012-11-30,Comex Stat/MDIC,comex_importacoes_frete_usd,comercio_exterior,910836890,importacao,metricFreight,US$,valor_monetario,Valor mensal total do frete das importações brasileiras.,False,,mensal,mensal
2012-12-31,Comex Stat/MDIC,comex_importacoes_frete_usd,comercio_exterior,808125103,importacao,metricFreight,US$,valor_monetario,Valor mensal total do frete das importações brasileiras.,False,,mensal,mensal
2013-01-31,Comex Stat/MDIC,comex_importacoes_frete_usd,comercio_exterior,887148922,importacao,metricFreight,US$,valor_monetario,Valor mensal total do frete das importações brasileiras.,False,,mensal,mensal
2013-02-28,Comex Stat/MDIC,comex_importacoes_frete_usd,comercio_exterior,798838959,importacao,metricFreight,US$,valor_monetario,Valor mensal total do frete das importações brasileiras.,False,,mensal,mensal
2013-03-31,Comex Stat/MDIC,comex_importacoes_frete_usd,comercio_exterior,873491594,importacao,metricFreight,US$,valor_monetario,Valor mensal total do frete das importações brasileiras.,False,,mensal,mensal
2013-04-30,Comex Stat/MDIC,comex_importacoes_frete_usd,comercio_exterior,970417360,importacao,metricFreight,US$,valor_monetario,Valor mensal total do frete das importações brasileiras.,False,,mensal,mensal
2013-05-31,Comex Stat/MDIC,comex_importacoes_frete_usd,comercio_exterior,944865207,importacao,metricFreight,US$,valor_monetario,Valor mensal total do frete das importações brasileiras.,False,,mensal,mensal
2013-06-30,Comex Stat/MDIC,comex_importacoes_frete_usd,comercio_exterior,838478764,importacao,metricFreight,US$,valor_monetario,Valor mensal total do frete das importações brasileiras.,False,,mensal,mensal
2013-07-31,Comex Stat/MDIC,comex_importacoes_frete_usd,comercio_exterior,942894070,importacao,metricFreight,US$,valor_monetario,Valor mensal total do frete das importações brasileiras.,False,,mensal,mensal
2013-08-31,Comex Stat/MDIC,comex_importacoes_frete_usd,comercio_exterior,895188812,importacao,metricFreight,US$,valor_monetario,Valor mensal total do frete das importações brasileiras.,False,,mensal,mensal
2013-09-30,Comex Stat/MDIC,comex_importacoes_frete_usd,comercio_exterior,828317131,importacao,metricFreight,US$,valor_monetario,Valor mensal total do frete das importações brasileiras.,False,,mensal,mensal
2013-10-31,Comex Stat/MDIC,comex_importacoes_frete_usd,comercio_exterior,962213487,importacao,metricFreight,US$,valor_monetario,Valor mensal total do frete das importações brasileiras.,False,,mensal,mensal
2013-11-30,Comex Stat/MDIC,comex_importacoes_frete_usd,comercio_exterior,854977724,importacao,metricFreight,US$,valor_monetario,Valor mensal total do frete das importações brasileiras.,False,,mensal,mensal
2013-12-31,Comex Stat/MDIC,comex_importacoes_frete_usd,comercio_exterior,788852889,importacao,metricFreight,US$,valor_monetario,Valor mensal total do frete das importações brasileiras.,False,,mensal,mensal
2014-01-31,Comex Stat/MDIC,comex_importacoes_frete_usd,comercio_exterior,897769976,importacao,metricFreight,US$,valor_monetario,Valor mensal total do frete das importações brasileiras.,False,,mensal,mensal
2014-02-28,Comex Stat/MDIC,comex_importacoes_frete_usd,comercio_exterior,817051478,importacao,metricFreight,US$,valor_monetario,Valor mensal total do frete das importações brasileiras.,False,,mensal,mensal
2014-03-31,Comex Stat/MDIC,comex_importacoes_frete_usd,comercio_exterior,790731770,importacao,metricFreight,US$,valor_monetario,Valor mensal total do frete das importações brasileiras.,False,,mensal,mensal
2014-04-30,Comex Stat/MDIC,comex_importacoes_frete_usd,comercio_exterior,859744787,importacao,metricFreight,US$,valor_monetario,Valor mensal total do frete das importações brasileiras.,False,,mensal,mensal
2014-05-31,Comex Stat/MDIC,comex_importacoes_frete_usd,comercio_exterior,879122179,importacao,metricFreight,US$,valor_monetario,Valor mensal total do frete das importações brasileiras.,False,,mensal,mensal
2014-06-30,Comex Stat/MDIC,comex_importacoes_frete_usd,comercio_exterior,710119348,importacao,metricFreight,US$,valor_monetario,Valor mensal total do frete das importações brasileiras.,False,,mensal,mensal
2014-07-31,Comex Stat/MDIC,comex_importacoes_frete_usd,comercio_exterior,877594524,importacao,metricFreight,US$,valor_monetario,Valor mensal total do frete das importações brasileiras.,False,,mensal,mensal
2014-08-31,Comex Stat/MDIC,comex_importacoes_frete_usd,comercio_exterior,786432636,importacao,metricFreight,US$,valor_monetario,Valor mensal total do frete das importações brasileiras.,False,,mensal,mensal
2014-09-30,Comex Stat/MDIC,comex_importacoes_frete_usd,comercio_exterior,811991312,importacao,metricFreight,US$,valor_monetario,Valor mensal total do frete das importações brasileiras.,False,,mensal,mensal
2014-10-31,Comex Stat/MDIC,comex_importacoes_frete_usd,comercio_exterior,831556122,importacao,metricFreight,US$,valor_monetario,Valor mensal total do frete das importações brasileiras.,False,,mensal,mensal
2014-11-30,Comex Stat/MDIC,comex_importacoes_frete_usd,comercio_exterior,783406816,importacao,metricFreight,US$,valor_monetario,Valor mensal total do frete das importações brasileiras.,False,,mensal,mensal
2014-12-31,Comex Stat/MDIC,comex_importacoes_frete_usd,comercio_exterior,716080992,importacao,metricFreight,US$,valor_monetario,Valor mensal total do frete das importações brasileiras.,False,,mensal,mensal
2015-01-31,Comex Stat/MDIC,comex_importacoes_frete_usd,comercio_exterior,737259972,importacao,metricFreight,US$,valor_monetario,Valor mensal total do frete das importações brasileiras.,False,,mensal,mensal
2015-02-28,Comex Stat/MDIC,comex_importacoes_frete_usd,comercio_exterior,663563090,importacao,metricFreight,US$,valor_monetario,Valor mensal total do frete das importações brasileiras.,False,,mensal,mensal
2015-03-31,Comex Stat/MDIC,comex_importacoes_frete_usd,comercio_exterior,728067282,importacao,metricFreight,US$,valor_monetario,Valor mensal total do frete das importações brasileiras.,False,,mensal,mensal
2015-04-30,Comex Stat/MDIC,comex_importacoes_frete_usd,comercio_exterior,640415839,importacao,metricFreight,US$,valor_monetario,Valor mensal total do frete das importações brasileiras.,False,,mensal,mensal
2015-05-31,Comex Stat/MDIC,comex_importacoes_frete_usd,comercio_exterior,610897149,importacao,metricFreight,US$,valor_monetario,Valor mensal total do frete das importações brasileiras.,False,,mensal,mensal
2015-06-30,Comex Stat/MDIC,comex_importacoes_frete_usd,comercio_exterior,632321671,importacao,metricFreight,US$,valor_monetario,Valor mensal total do frete das importações brasileiras.,False,,mensal,mensal
2015-07-31,Comex Stat/MDIC,comex_importacoes_frete_usd,comercio_exterior,605690932,importacao,metricFreight,US$,valor_monetario,Valor mensal total do frete das importações brasileiras.,False,,mensal,mensal
2015-08-31,Comex Stat/MDIC,comex_importacoes_frete_usd,comercio_exterior,502137222,importacao,metricFreight,US$,valor_monetario,Valor mensal total do frete das importações brasileiras.,False,,mensal,mensal
2015-09-30,Comex Stat/MDIC,comex_importacoes_frete_usd,comercio_exterior,546630662,importacao,metricFreight,US$,valor_monetario,Valor mensal total do frete das importações brasileiras.,False,,mensal,mensal
2015-10-31,Comex Stat/MDIC,comex_importacoes_frete_usd,comercio_exterior,564091361,importacao,metricFreight,US$,valor_monetario,Valor mensal total do frete das importações brasileiras.,False,,mensal,mensal
2015-11-30,Comex Stat/MDIC,comex_importacoes_frete_usd,comercio_exterior,549897199,importacao,metricFreight,US$,valor_monetario,Valor mensal total do frete das importações brasileiras.,False,,mensal,mensal
2015-12-31,Comex Stat/MDIC,comex_importacoes_frete_usd,comercio_exterior,436636822,importacao,metricFreight,US$,valor_monetario,Valor mensal total do frete das importações brasileiras.,False,,mensal,mensal
2016-01-31,Comex Stat/MDIC,comex_importacoes_frete_usd,comercio_exterior,391769005,importacao,metricFreight,US$,valor_monetario,Valor mensal total do frete das importações brasileiras.,False,,mensal,mensal
2016-02-29,Comex Stat/MDIC,comex_importacoes_frete_usd,comercio_exterior,445956698,importacao,metricFreight,US$,valor_monetario,Valor mensal total do frete das importações brasileiras.,False,,mensal,mensal
2016-03-31,Comex Stat/MDIC,comex_importacoes_frete_usd,comercio_exterior,490255507,importacao,metricFreight,US$,valor_monetario,Valor mensal total do frete das importações brasileiras.,False,,mensal,mensal
2016-04-30,Comex Stat/MDIC,comex_importacoes_frete_usd,comercio_exterior,454694560,importacao,metricFreight,US$,valor_monetario,Valor mensal total do frete das importações brasileiras.,False,,mensal,mensal
2016-05-31,Comex Stat/MDIC,comex_importacoes_frete_usd,comercio_exterior,446469558,importacao,metricFreight,US$,valor_monetario,Valor mensal total do frete das importações brasileiras.,False,,mensal,mensal
2016-06-30,Comex Stat/MDIC,comex_importacoes_frete_usd,comercio_exterior,546081525,importacao,metricFreight,US$,valor_monetario,Valor mensal total do frete das importações brasileiras.,False,,mensal,mensal
2016-07-31,Comex Stat/MDIC,comex_importacoes_frete_usd,comercio_exterior,484597517,importacao,metricFreight,US$,valor_monetario,Valor mensal total do frete das importações brasileiras.,False,,mensal,mensal
2016-08-31,Comex Stat/MDIC,comex_importacoes_frete_usd,comercio_exterior,550825352,importacao,metricFreight,US$,valor_monetario,Valor mensal total do frete das importações brasileiras.,False,,mensal,mensal
2016-09-30,Comex Stat/MDIC,comex_importacoes_frete_usd,comercio_exterior,526875195,importacao,metricFreight,US$,valor_monetario,Valor mensal total do frete das importações brasileiras.,False,,mensal,mensal
2016-10-31,Comex Stat/MDIC,comex_importacoes_frete_usd,comercio_exterior,487947881,importacao,metricFreight,US$,valor_monetario,Valor mensal total do frete das importações brasileiras.,False,,mensal,mensal
2016-11-30,Comex Stat/MDIC,comex_importacoes_frete_usd,comercio_exterior,486877343,importacao,metricFreight,US$,valor_monetario,Valor mensal total do frete das importações brasileiras.,False,,mensal,mensal
2016-12-31,Comex Stat/MDIC,comex_importacoes_frete_usd,comercio_exterior,501703644,importacao,metricFreight,US$,valor_monetario,Valor mensal total do frete das importações brasileiras.,False,,mensal,mensal
2017-01-31,Comex Stat/MDIC,comex_importacoes_frete_usd,comercio_exterior,523776274,importacao,metricFreight,US$,valor_monetario,Valor mensal total do frete das importações brasileiras.,False,,mensal,mensal
2017-02-28,Comex Stat/MDIC,comex_importacoes_frete_usd,comercio_exterior,477255812,importacao,metricFreight,US$,valor_monetario,Valor mensal total do frete das importações brasileiras.,False,,mensal,mensal
2017-03-31,Comex Stat/MDIC,comex_importacoes_frete_usd,comercio_exterior,587032371,importacao,metricFreight,US$,valor_monetario,Valor mensal total do frete das importações brasileiras.,False,,mensal,mensal
2017-04-30,Comex Stat/MDIC,comex_importacoes_frete_usd,comercio_exterior,466670344,importacao,metricFreight,US$,valor_monetario,Valor mensal total do frete das importações brasileiras.,False,,mensal,mensal
2017-05-31,Comex Stat/MDIC,comex_importacoes_frete_usd,comercio_exterior,528133260,importacao,metricFreight,US$,valor_monetario,Valor mensal total do frete das importações brasileiras.,False,,mensal,mensal
2017-06-30,Comex Stat/MDIC,comex_importacoes_frete_usd,comercio_exterior,569551074,importacao,metricFreight,US$,valor_monetario,Valor mensal total do frete das importações brasileiras.,False,,mensal,mensal
2017-07-31,Comex Stat/MDIC,comex_importacoes_frete_usd,comercio_exterior,576841026,importacao,metricFreight,US$,valor_monetario,Valor mensal total do frete das importações brasileiras.,False,,mensal,mensal
2017-08-31,Comex Stat/MDIC,comex_importacoes_frete_usd,comercio_exterior,647647368,importacao,metricFreight,US$,valor_monetario,Valor mensal total do frete das importações brasileiras.,False,,mensal,mensal
2017-09-30,Comex Stat/MDIC,comex_importacoes_frete_usd,comercio_exterior,621380168,importacao,metricFreight,US$,valor_monetario,Valor mensal total do frete das importações brasileiras.,False,,mensal,mensal
2017-10-31,Comex Stat/MDIC,comex_importacoes_frete_usd,comercio_exterior,610749002,importacao,metricFreight,US$,valor_monetario,Valor mensal total do frete das importações brasileiras.,False,,mensal,mensal
2017-11-30,Comex Stat/MDIC,comex_importacoes_frete_usd,comercio_exterior,583313319,importacao,metricFreight,US$,valor_monetario,Valor mensal total do frete das importações brasileiras.,False,,mensal,mensal
2017-12-31,Comex Stat/MDIC,comex_importacoes_frete_usd,comercio_exterior,588232934,importacao,metricFreight,US$,valor_monetario,Valor mensal total do frete das importações brasileiras.,False,,mensal,mensal
2018-01-31,Comex Stat/MDIC,comex_importacoes_frete_usd,comercio_exterior,646707390,importacao,metricFreight,US$,valor_monetario,Valor mensal total do frete das importações brasileiras.,False,,mensal,mensal
2018-02-28,Comex Stat/MDIC,comex_importacoes_frete_usd,comercio_exterior,570665617,importacao,metricFreight,US$,valor_monetario,Valor mensal total do frete das importações brasileiras.,False,,mensal,mensal
2018-03-31,Comex Stat/MDIC,comex_importacoes_frete_usd,comercio_exterior,615726183,importacao,metricFreight,US$,valor_monetario,Valor mensal total do frete das importações brasileiras.,False,,mensal,mensal
2018-04-30,Comex Stat/MDIC,comex_importacoes_frete_usd,comercio_exterior,623784742,importacao,metricFreight,US$,valor_monetario,Valor mensal total do frete das importações brasileiras.,False,,mensal,mensal
2018-05-31,Comex Stat/MDIC,comex_importacoes_frete_usd,comercio_exterior,575598867,importacao,metricFreight,US$,valor_monetario,Valor mensal total do frete das importações brasileiras.,False,,mensal,mensal
2018-06-30,Comex Stat/MDIC,comex_importacoes_frete_usd,comercio_exterior,580593283,importacao,metricFreight,US$,valor_monetario,Valor mensal total do frete das importações brasileiras.,False,,mensal,mensal
2018-07-31,Comex Stat/MDIC,comex_importacoes_frete_usd,comercio_exterior,665232282,importacao,metricFreight,US$,valor_monetario,Valor mensal total do frete das importações brasileiras.,False,,mensal,mensal
2018-08-31,Comex Stat/MDIC,comex_importacoes_frete_usd,comercio_exterior,676244484,importacao,metricFreight,US$,valor_monetario,Valor mensal total do frete das importações brasileiras.,False,,mensal,mensal
2018-09-30,Comex Stat/MDIC,comex_importacoes_frete_usd,comercio_exterior,593153658,importacao,metricFreight,US$,valor_monetario,Valor mensal total do frete das importações brasileiras.,False,,mensal,mensal
2018-10-31,Comex Stat/MDIC,comex_importacoes_frete_usd,comercio_exterior,650768368,importacao,metricFreight,US$,valor_monetario,Valor mensal total do frete das importações brasileiras.,False,,mensal,mensal
2018-11-30,Comex Stat/MDIC,comex_importacoes_frete_usd,comercio_exterior,619513435,importacao,metricFreight,US$,valor_monetario,Valor mensal total do frete das importações brasileiras.,False,,mensal,mensal
2018-12-31,Comex Stat/MDIC,comex_importacoes_frete_usd,comercio_exterior,564875708,importacao,metricFreight,US$,valor_monetario,Valor mensal total do frete das importações brasileiras.,False,,mensal,mensal
2019-01-31,Comex Stat/MDIC,comex_importacoes_frete_usd,comercio_exterior,603854368,importacao,metricFreight,US$,valor_monetario,Valor mensal total do frete das importações brasileiras.,False,,mensal,mensal
2019-02-28,Comex Stat/MDIC,comex_importacoes_frete_usd,comercio_exterior,546517308,importacao,metricFreight,US$,valor_monetario,Valor mensal total do frete das importações brasileiras.,False,,mensal,mensal
2019-03-31,Comex Stat/MDIC,comex_importacoes_frete_usd,comercio_exterior,546172610,importacao,metricFreight,US$,valor_monetario,Valor mensal total do frete das importações brasileiras.,False,,mensal,mensal
2019-04-30,Comex Stat/MDIC,comex_importacoes_frete_usd,comercio_exterior,564237014,importacao,metricFreight,US$,valor_monetario,Valor mensal total do frete das importações brasileiras.,False,,mensal,mensal
2019-05-31,Comex Stat/MDIC,comex_importacoes_frete_usd,comercio_exterior,605437523,importacao,metricFreight,US$,valor_monetario,Valor mensal total do frete das importações brasileiras.,False,,mensal,mensal
2019-06-30,Comex Stat/MDIC,comex_importacoes_frete_usd,comercio_exterior,512927402,importacao,metricFreight,US$,valor_monetario,Valor mensal total do frete das importações brasileiras.,False,,mensal,mensal
2019-07-31,Comex Stat/MDIC,comex_importacoes_frete_usd,comercio_exterior,631695812,importacao,metricFreight,US$,valor_monetario,Valor mensal total do frete das importações brasileiras.,False,,mensal,mensal
2019-08-31,Comex Stat/MDIC,comex_importacoes_frete_usd,comercio_exterior,669995737,importacao,metricFreight,US$,valor_monetario,Valor mensal total do frete das importações brasileiras.,False,,mensal,mensal
2019-09-30,Comex Stat/MDIC,comex_importacoes_frete_usd,comercio_exterior,592515397,importacao,metricFreight,US$,valor_monetario,Valor mensal total do frete das importações brasileiras.,False,,mensal,mensal
2019-10-31,Comex Stat/MDIC,comex_importacoes_frete_usd,comercio_exterior,662898683,importacao,metricFreight,US$,valor_monetario,Valor mensal total do frete das importações brasileiras.,False,,mensal,mensal
2019-11-30,Comex Stat/MDIC,comex_importacoes_frete_usd,comercio_exterior,589751017,importacao,metricFreight,US$,valor_monetario,Valor mensal total do frete das importações brasileiras.,False,,mensal,mensal
2019-12-31,Comex Stat/MDIC,comex_importacoes_frete_usd,comercio_exterior,573932762,importacao,metricFreight,US$,valor_monetario,Valor mensal total do frete das importações brasileiras.,False,,mensal,mensal
2020-01-31,Comex Stat/MDIC,comex_importacoes_frete_usd,comercio_exterior,641249369,importacao,metricFreight,US$,valor_monetario,Valor mensal total do frete das importações brasileiras.,False,,mensal,mensal
2020-02-29,Comex Stat/MDIC,comex_importacoes_frete_usd,comercio_exterior,574605363,importacao,metricFreight,US$,valor_monetario,Valor mensal total do frete das importações brasileiras.,False,,mensal,mensal
2020-03-31,Comex Stat/MDIC,comex_importacoes_frete_usd,comercio_exterior,644972732,importacao,metricFreight,US$,valor_monetario,Valor mensal total do frete das importações brasileiras.,False,,mensal,mensal
2020-04-30,Comex Stat/MDIC,comex_importacoes_frete_usd,comercio_exterior,608031946,importacao,metricFreight,US$,valor_monetario,Valor mensal total do frete das importações brasileiras.,False,,mensal,mensal
2020-05-31,Comex Stat/MDIC,comex_importacoes_frete_usd,comercio_exterior,587657373,importacao,metricFreight,US$,valor_monetario,Valor mensal total do frete das importações brasileiras.,False,,mensal,mensal
2020-06-30,Comex Stat/MDIC,comex_importacoes_frete_usd,comercio_exterior,553399170,importacao,metricFreight,US$,valor_monetario,Valor mensal total do frete das importações brasileiras.,False,,mensal,mensal
2020-07-31,Comex Stat/MDIC,comex_importacoes_frete_usd,comercio_exterior,506067100,importacao,metricFreight,US$,valor_monetario,Valor mensal total do frete das importações brasileiras.,False,,mensal,mensal
2020-08-31,Comex Stat/MDIC,comex_importacoes_frete_usd,comercio_exterior,483149979,importacao,metricFreight,US$,valor_monetario,Valor mensal total do frete das importações brasileiras.,False,,mensal,mensal
2020-09-30,Comex Stat/MDIC,comex_importacoes_frete_usd,comercio_exterior,551099731,importacao,metricFreight,US$,valor_monetario,Valor mensal total do frete das importações brasileiras.,False,,mensal,mensal
2020-10-31,Comex Stat/MDIC,comex_importacoes_frete_usd,comercio_exterior,624622935,importacao,metricFreight,US$,valor_monetario,Valor mensal total do frete das importações brasileiras.,False,,mensal,mensal
2020-11-30,Comex Stat/MDIC,comex_importacoes_frete_usd,comercio_exterior,822163209,importacao,metricFreight,US$,valor_monetario,Valor mensal total do frete das importações brasileiras.,False,,mensal,mensal
2020-12-31,Comex Stat/MDIC,comex_importacoes_frete_usd,comercio_exterior,836059734,importacao,metricFreight,US$,valor_monetario,Valor mensal total do frete das importações brasileiras.,False,,mensal,mensal
2021-01-31,Comex Stat/MDIC,comex_importacoes_frete_usd,comercio_exterior,861899032,importacao,metricFreight,US$,valor_monetario,Valor mensal total do frete das importações brasileiras.,False,,mensal,mensal
2021-02-28,Comex Stat/MDIC,comex_importacoes_frete_usd,comercio_exterior,974020040,importacao,metricFreight,US$,valor_monetario,Valor mensal total do frete das importações brasileiras.,False,,mensal,mensal
2021-03-31,Comex Stat/MDIC,comex_importacoes_frete_usd,comercio_exterior,1250754306,importacao,metricFreight,US$,valor_monetario,Valor mensal total do frete das importações brasileiras.,False,,mensal,mensal
2021-04-30,Comex Stat/MDIC,comex_importacoes_frete_usd,comercio_exterior,1029022470,importacao,metricFreight,US$,valor_monetario,Valor mensal total do frete das importações brasileiras.,False,,mensal,mensal
2021-05-31,Comex Stat/MDIC,comex_importacoes_frete_usd,comercio_exterior,1133931495,importacao,metricFreight,US$,valor_monetario,Valor mensal total do frete das importações brasileiras.,False,,mensal,mensal
2021-06-30,Comex Stat/MDIC,comex_importacoes_frete_usd,comercio_exterior,1113520577,importacao,metricFreight,US$,valor_monetario,Valor mensal total do frete das importações brasileiras.,False,,mensal,mensal
2021-07-31,Comex Stat/MDIC,comex_importacoes_frete_usd,comercio_exterior,1151286139,importacao,metricFreight,US$,valor_monetario,Valor mensal total do frete das importações brasileiras.,False,,mensal,mensal
2021-08-31,Comex Stat/MDIC,comex_importacoes_frete_usd,comercio_exterior,1317462874,importacao,metricFreight,US$,valor_monetario,Valor mensal total do frete das importações brasileiras.,False,,mensal,mensal
2021-09-30,Comex Stat/MDIC,comex_importacoes_frete_usd,comercio_exterior,1441953867,importacao,metricFreight,US$,valor_monetario,Valor mensal total do frete das importações brasileiras.,False,,mensal,mensal
2021-10-31,Comex Stat/MDIC,comex_importacoes_frete_usd,comercio_exterior,1514722144,importacao,metricFreight,US$,valor_monetario,Valor mensal total do frete das importações brasileiras.,False,,mensal,mensal
2021-11-30,Comex Stat/MDIC,comex_importacoes_frete_usd,comercio_exterior,1674739026,importacao,metricFreight,US$,valor_monetario,Valor mensal total do frete das importações brasileiras.,False,,mensal,mensal
2021-12-31,Comex Stat/MDIC,comex_importacoes_frete_usd,comercio_exterior,1661918551,importacao,metricFreight,US$,valor_monetario,Valor mensal total do frete das importações brasileiras.,False,,mensal,mensal
2022-01-31,Comex Stat/MDIC,comex_importacoes_frete_usd,comercio_exterior,1609429401,importacao,metricFreight,US$,valor_monetario,Valor mensal total do frete das importações brasileiras.,False,,mensal,mensal
2022-02-28,Comex Stat/MDIC,comex_importacoes_frete_usd,comercio_exterior,1520650424,importacao,metricFreight,US$,valor_monetario,Valor mensal total do frete das importações brasileiras.,False,,mensal,mensal
2022-03-31,Comex Stat/MDIC,comex_importacoes_frete_usd,comercio_exterior,1668966594,importacao,metricFreight,US$,valor_monetario,Valor mensal total do frete das importações brasileiras.,False,,mensal,mensal
2022-04-30,Comex Stat/MDIC,comex_importacoes_frete_usd,comercio_exterior,1420760543,importacao,metricFreight,US$,valor_monetario,Valor mensal total do frete das importações brasileiras.,False,,mensal,mensal
2022-05-31,Comex Stat/MDIC,comex_importacoes_frete_usd,comercio_exterior,1624398881,importacao,metricFreight,US$,valor_monetario,Valor mensal total do frete das importações brasileiras.,False,,mensal,mensal
2022-06-30,Comex Stat/MDIC,comex_importacoes_frete_usd,comercio_exterior,1577855254,importacao,metricFreight,US$,valor_monetario,Valor mensal total do frete das importações brasileiras.,False,,mensal,mensal
2022-07-31,Comex Stat/MDIC,comex_importacoes_frete_usd,comercio_exterior,1633257157,importacao,metricFreight,US$,valor_monetario,Valor mensal total do frete das importações brasileiras.,False,,mensal,mensal
2022-08-31,Comex Stat/MDIC,comex_importacoes_frete_usd,comercio_exterior,1869398635,importacao,metricFreight,US$,valor_monetario,Valor mensal total do frete das importações brasileiras.,False,,mensal,mensal
2022-09-30,Comex Stat/MDIC,comex_importacoes_frete_usd,comercio_exterior,1808661037,importacao,metricFreight,US$,valor_monetario,Valor mensal total do frete das importações brasileiras.,False,,mensal,mensal
2022-10-31,Comex Stat/MDIC,comex_importacoes_frete_usd,comercio_exterior,1714180853,importacao,metricFreight,US$,valor_monetario,Valor mensal total do frete das importações brasileiras.,False,,mensal,mensal
2022-11-30,Comex Stat/MDIC,comex_importacoes_frete_usd,comercio_exterior,1513368353,importacao,metricFreight,US$,valor_monetario,Valor mensal total do frete das importações brasileiras.,False,,mensal,mensal
2022-12-31,Comex Stat/MDIC,comex_importacoes_frete_usd,comercio_exterior,1458559165,importacao,metricFreight,US$,valor_monetario,Valor mensal total do frete das importações brasileiras.,False,,mensal,mensal
2023-01-31,Comex Stat/MDIC,comex_importacoes_frete_usd,comercio_exterior,1222052233,importacao,metricFreight,US$,valor_monetario,Valor mensal total do frete das importações brasileiras.,False,,mensal,mensal
2023-02-28,Comex Stat/MDIC,comex_importacoes_frete_usd,comercio_exterior,952144286,importacao,metricFreight,US$,valor_monetario,Valor mensal total do frete das importações brasileiras.,False,,mensal,mensal
2023-03-31,Comex Stat/MDIC,comex_importacoes_frete_usd,comercio_exterior,1091001488,importacao,metricFreight,US$,valor_monetario,Valor mensal total do frete das importações brasileiras.,False,,mensal,mensal
2023-04-30,Comex Stat/MDIC,comex_importacoes_frete_usd,comercio_exterior,947330419,importacao,metricFreight,US$,valor_monetario,Valor mensal total do frete das importações brasileiras.,False,,mensal,mensal
2023-05-31,Comex Stat/MDIC,comex_importacoes_frete_usd,comercio_exterior,1061426829,importacao,metricFreight,US$,valor_monetario,Valor mensal total do frete das importações brasileiras.,False,,mensal,mensal
2023-06-30,Comex Stat/MDIC,comex_importacoes_frete_usd,comercio_exterior,916989430,importacao,metricFreight,US$,valor_monetario,Valor mensal total do frete das importações brasileiras.,False,,mensal,mensal
2023-07-31,Comex Stat/MDIC,comex_importacoes_frete_usd,comercio_exterior,918041534,importacao,metricFreight,US$,valor_monetario,Valor mensal total do frete das importações brasileiras.,False,,mensal,mensal
2023-08-31,Comex Stat/MDIC,comex_importacoes_frete_usd,comercio_exterior,955461489,importacao,metricFreight,US$,valor_monetario,Valor mensal total do frete das importações brasileiras.,False,,mensal,mensal
2023-09-30,Comex Stat/MDIC,comex_importacoes_frete_usd,comercio_exterior,895797382,importacao,metricFreight,US$,valor_monetario,Valor mensal total do frete das importações brasileiras.,False,,mensal,mensal
2023-10-31,Comex Stat/MDIC,comex_importacoes_frete_usd,comercio_exterior,913552742,importacao,metricFreight,US$,valor_monetario,Valor mensal total do frete das importações brasileiras.,False,,mensal,mensal
2023-11-30,Comex Stat/MDIC,comex_importacoes_frete_usd,comercio_exterior,882775780,importacao,metricFreight,US$,valor_monetario,Valor mensal total do frete das importações brasileiras.,False,,mensal,mensal
2023-12-31,Comex Stat/MDIC,comex_importacoes_frete_usd,comercio_exterior,974742618,importacao,metricFreight,US$,valor_monetario,Valor mensal total do frete das importações brasileiras.,False,,mensal,mensal
2024-01-31,Comex Stat/MDIC,comex_importacoes_frete_usd,comercio_exterior,1025866441,importacao,metricFreight,US$,valor_monetario,Valor mensal total do frete das importações brasileiras.,False,,mensal,mensal
2024-02-29,Comex Stat/MDIC,comex_importacoes_frete_usd,comercio_exterior,883118978,importacao,metricFreight,US$,valor_monetario,Valor mensal total do frete das importações brasileiras.,False,,mensal,mensal
2024-03-31,Comex Stat/MDIC,comex_importacoes_frete_usd,comercio_exterior,990317204,importacao,metricFreight,US$,valor_monetario,Valor mensal total do frete das importações brasileiras.,False,,mensal,mensal
2024-04-30,Comex Stat/MDIC,comex_importacoes_frete_usd,comercio_exterior,1066896699,importacao,metricFreight,US$,valor_monetario,Valor mensal total do frete das importações brasileiras.,False,,mensal,mensal
2024-05-31,Comex Stat/MDIC,comex_importacoes_frete_usd,comercio_exterior,1072902351,importacao,metricFreight,US$,valor_monetario,Valor mensal total do frete das importações brasileiras.,False,,mensal,mensal
2024-06-30,Comex Stat/MDIC,comex_importacoes_frete_usd,comercio_exterior,1190733148,importacao,metricFreight,US$,valor_monetario,Valor mensal total do frete das importações brasileiras.,False,,mensal,mensal
2024-07-31,Comex Stat/MDIC,comex_importacoes_frete_usd,comercio_exterior,1320692668,importacao,metricFreight,US$,valor_monetario,Valor mensal total do frete das importações brasileiras.,False,,mensal,mensal
2024-08-31,Comex Stat/MDIC,comex_importacoes_frete_usd,comercio_exterior,1502819902,importacao,metricFreight,US$,valor_monetario,Valor mensal total do frete das importações brasileiras.,False,,mensal,mensal
2024-09-30,Comex Stat/MDIC,comex_importacoes_frete_usd,comercio_exterior,1505542551,importacao,metricFreight,US$,valor_monetario,Valor mensal total do frete das importações brasileiras.,False,,mensal,mensal
2024-10-31,Comex Stat/MDIC,comex_importacoes_frete_usd,comercio_exterior,1632783730,importacao,metricFreight,US$,valor_monetario,Valor mensal total do frete das importações brasileiras.,False,,mensal,mensal
2024-11-30,Comex Stat/MDIC,comex_importacoes_frete_usd,comercio_exterior,1376340020,importacao,metricFreight,US$,valor_monetario,Valor mensal total do frete das importações brasileiras.,False,,mensal,mensal
2024-12-31,Comex Stat/MDIC,comex_importacoes_frete_usd,comercio_exterior,1300532200,importacao,metricFreight,US$,valor_monetario,Valor mensal total do frete das importações brasileiras.,False,,mensal,mensal
2025-01-31,Comex Stat/MDIC,comex_importacoes_frete_usd,comercio_exterior,1349350845,importacao,metricFreight,US$,valor_monetario,Valor mensal total do frete das importações brasileiras.,False,,mensal,mensal
2025-02-28,Comex Stat/MDIC,comex_importacoes_frete_usd,comercio_exterior,1106941671,importacao,metricFreight,US$,valor_monetario,Valor mensal total do frete das importações brasileiras.,False,,mensal,mensal
2025-03-31,Comex Stat/MDIC,comex_importacoes_frete_usd,comercio_exterior,1053669065,importacao,metricFreight,US$,valor_monetario,Valor mensal total do frete das importações brasileiras.,False,,mensal,mensal
2025-04-30,Comex Stat/MDIC,comex_importacoes_frete_usd,comercio_exterior,1085800896,importacao,metricFreight,US$,valor_monetario,Valor mensal total do frete das importações brasileiras.,False,,mensal,mensal
2025-05-31,Comex Stat/MDIC,comex_importacoes_frete_usd,comercio_exterior,1037474089,importacao,metricFreight,US$,valor_monetario,Valor mensal total do frete das importações brasileiras.,False,,mensal,mensal
2025-06-30,Comex Stat/MDIC,comex_importacoes_frete_usd,comercio_exterior,974312830,importacao,metricFreight,US$,valor_monetario,Valor mensal total do frete das importações brasileiras.,False,,mensal,mensal
2025-07-31,Comex Stat/MDIC,comex_importacoes_frete_usd,comercio_exterior,1061443064,importacao,metricFreight,US$,valor_monetario,Valor mensal total do frete das importações brasileiras.,False,,mensal,mensal
2025-08-31,Comex Stat/MDIC,comex_importacoes_frete_usd,comercio_exterior,1135211898,importacao,metricFreight,US$,valor_monetario,Valor mensal total do frete das importações brasileiras.,False,,mensal,mensal
2025-09-30,Comex Stat/MDIC,comex_importacoes_frete_usd,comercio_exterior,1243909948,importacao,metricFreight,US$,valor_monetario,Valor mensal total do frete das importações brasileiras.,False,,mensal,mensal
2025-10-31,Comex Stat/MDIC,comex_importacoes_frete_usd,comercio_exterior,1171460817,importacao,metricFreight,US$,valor_monetario,Valor mensal total do frete das importações brasileiras.,False,,mensal,mensal
2025-11-30,Comex Stat/MDIC,comex_importacoes_frete_usd,comercio_exterior,990729112,importacao,metricFreight,US$,valor_monetario,Valor mensal total do frete das importações brasileiras.,False,,mensal,mensal
2025-12-31,Comex Stat/MDIC,comex_importacoes_frete_usd,comercio_exterior,1025226283,importacao,metricFreight,US$,valor_monetario,Valor mensal total do frete das importações brasileiras.,False,,mensal,mensal
2026-01-31,Comex Stat/MDIC,comex_importacoes_frete_usd,comercio_exterior,946935529,importacao,metricFreight,US$,valor_monetario,Valor mensal total do frete das importações brasileiras.,False,,mensal,mensal
2026-02-28,Comex Stat/MDIC,comex_importacoes_frete_usd,comercio_exterior,887917741,importacao,metricFreight,US$,valor_monetario,Valor mensal total do frete das importações brasileiras.,False,,mensal,mensal
2026-03-31,Comex Stat/MDIC,comex_importacoes_frete_usd,comercio_exterior,1095660149,importacao,metricFreight,US$,valor_monetario,Valor mensal total do frete das importações brasileiras.,False,,mensal,mensal
2026-04-30,Comex Stat/MDIC,comex_importacoes_frete_usd,comercio_exterior,1093353315,importacao,metricFreight,US$,valor_monetario,Valor mensal total do frete das importações brasileiras.,False,,mensal,mensal
2026-05-31,Comex Stat/MDIC,comex_importacoes_frete_usd,comercio_exterior,1222605122,importacao,metricFreight,US$,valor_monetario,Valor mensal total do frete das importações brasileiras.,False,,mensal,mensal
2026-06-30,Comex Stat/MDIC,comex_importacoes_frete_usd,comercio_exterior,1322948542,importacao,metricFreight,US$,valor_monetario,Valor mensal total do frete das importações brasileiras.,False,,mensal,mensal
2026-07-31,Comex Stat/MDIC,comex_importacoes_frete_usd,comercio_exterior,1471041432,importacao,metricFreight,US$,valor_monetario,Valor mensal total do frete das importações brasileiras.,False,,mensal,mensal
2026-08-31,Comex Stat/MDIC,comex_importacoes_frete_usd,comercio_exterior,1548184686,importacao,metricFreight,US$,valor_monetario,Valor mensal total do frete das importações brasileiras.,False,,mensal,mensal
1997-01-31,Comex Stat/MDIC,comex_importacoes_kg,comercio_exterior,1569629726,importacao,metricKG,kg líquido,peso_liquido,Peso líquido mensal total das importações brasileiras.,False,,mensal,mensal
1997-02-28,Comex Stat/MDIC,comex_importacoes_kg,comercio_exterior,5323281894,importacao,metricKG,kg líquido,peso_liquido,Peso líquido mensal total das importações brasileiras.,False,,mensal,mensal
1997-03-31,Comex Stat/MDIC,comex_importacoes_kg,comercio_exterior,6976289986,importacao,metricKG,kg líquido,peso_liquido,Peso líquido mensal total das importações brasileiras.,False,,mensal,mensal
1997-04-30,Comex Stat/MDIC,comex_importacoes_kg,comercio_exterior,8802957131,importacao,metricKG,kg líquido,peso_liquido,Peso líquido mensal total das importações brasileiras.,False,,mensal,mensal
1997-05-31,Comex Stat/MDIC,comex_importacoes_kg,comercio_exterior,6128563413,importacao,metricKG,kg líquido,peso_liquido,Peso líquido mensal total das importações brasileiras.,False,,mensal,mensal
1997-06-30,Comex Stat/MDIC,comex_importacoes_kg,comercio_exterior,7662683316,importacao,metricKG,kg líquido,peso_liquido,Peso líquido mensal total das importações brasileiras.,False,,mensal,mensal
1997-07-31,Comex Stat/MDIC,comex_importacoes_kg,comercio_exterior,7428471192,importacao,metricKG,kg líquido,peso_liquido,Peso líquido mensal total das importações brasileiras.,False,,mensal,mensal
1997-08-31,Comex Stat/MDIC,comex_importacoes_kg,comercio_exterior,7528830131,importacao,metricKG,kg líquido,peso_liquido,Peso líquido mensal total das importações brasileiras.,False,,mensal,mensal
1997-09-30,Comex Stat/MDIC,comex_importacoes_kg,comercio_exterior,8723259234,importacao,metricKG,kg líquido,peso_liquido,Peso líquido mensal total das importações brasileiras.,False,,mensal,mensal
1997-10-31,Comex Stat/MDIC,comex_importacoes_kg,comercio_exterior,8402608401,importacao,metricKG,kg líquido,peso_liquido,Peso líquido mensal total das importações brasileiras.,False,,mensal,mensal
1997-11-30,Comex Stat/MDIC,comex_importacoes_kg,comercio_exterior,9313912684,importacao,metricKG,kg líquido,peso_liquido,Peso líquido mensal total das importações brasileiras.,False,,mensal,mensal
1997-12-31,Comex Stat/MDIC,comex_importacoes_kg,comercio_exterior,8099551508,importacao,metricKG,kg líquido,peso_liquido,Peso líquido mensal total das importações brasileiras.,False,,mensal,mensal
1998-01-31,Comex Stat/MDIC,comex_importacoes_kg,comercio_exterior,7175796962,importacao,metricKG,kg líquido,peso_liquido,Peso líquido mensal total das importações brasileiras.,False,,mensal,mensal
1998-02-28,Comex Stat/MDIC,comex_importacoes_kg,comercio_exterior,6299743999,importacao,metricKG,kg líquido,peso_liquido,Peso líquido mensal total das importações brasileiras.,False,,mensal,mensal
1998-03-31,Comex Stat/MDIC,comex_importacoes_kg,comercio_exterior,8286697802,importacao,metricKG,kg líquido,peso_liquido,Peso líquido mensal total das importações brasileiras.,False,,mensal,mensal
1998-04-30,Comex Stat/MDIC,comex_importacoes_kg,comercio_exterior,7173381566,importacao,metricKG,kg líquido,peso_liquido,Peso líquido mensal total das importações brasileiras.,False,,mensal,mensal
1998-05-31,Comex Stat/MDIC,comex_importacoes_kg,comercio_exterior,7636281565,importacao,metricKG,kg líquido,peso_liquido,Peso líquido mensal total das importações brasileiras.,False,,mensal,mensal
1998-06-30,Comex Stat/MDIC,comex_importacoes_kg,comercio_exterior,7661399075,importacao,metricKG,kg líquido,peso_liquido,Peso líquido mensal total das importações brasileiras.,False,,mensal,mensal
1998-07-31,Comex Stat/MDIC,comex_importacoes_kg,comercio_exterior,8704585505,importacao,metricKG,kg líquido,peso_liquido,Peso líquido mensal total das importações brasileiras.,False,,mensal,mensal
1998-08-31,Comex Stat/MDIC,comex_importacoes_kg,comercio_exterior,6640558008,importacao,metricKG,kg líquido,peso_liquido,Peso líquido mensal total das importações brasileiras.,False,,mensal,mensal
1998-09-30,Comex Stat/MDIC,comex_importacoes_kg,comercio_exterior,9236816347,importacao,metricKG,kg líquido,peso_liquido,Peso líquido mensal total das importações brasileiras.,False,,mensal,mensal
1998-10-31,Comex Stat/MDIC,comex_importacoes_kg,comercio_exterior,8309105193,importacao,metricKG,kg líquido,peso_liquido,Peso líquido mensal total das importações brasileiras.,False,,mensal,mensal
1998-11-30,Comex Stat/MDIC,comex_importacoes_kg,comercio_exterior,7203941008,importacao,metricKG,kg líquido,peso_liquido,Peso líquido mensal total das importações brasileiras.,False,,mensal,mensal
1998-12-31,Comex Stat/MDIC,comex_importacoes_kg,comercio_exterior,5743654222,importacao,metricKG,kg líquido,peso_liquido,Peso líquido mensal total das importações brasileiras.,False,,mensal,mensal
1999-01-31,Comex Stat/MDIC,comex_importacoes_kg,comercio_exterior,6157694701,importacao,metricKG,kg líquido,peso_liquido,Peso líquido mensal total das importações brasileiras.,False,,mensal,mensal
1999-02-28,Comex Stat/MDIC,comex_importacoes_kg,comercio_exterior,4886108126,importacao,metricKG,kg líquido,peso_liquido,Peso líquido mensal total das importações brasileiras.,False,,mensal,mensal
1999-03-31,Comex Stat/MDIC,comex_importacoes_kg,comercio_exterior,8208138951,importacao,metricKG,kg líquido,peso_liquido,Peso líquido mensal total das importações brasileiras.,False,,mensal,mensal
1999-04-30,Comex Stat/MDIC,comex_importacoes_kg,comercio_exterior,6308798354,importacao,metricKG,kg líquido,peso_liquido,Peso líquido mensal total das importações brasileiras.,False,,mensal,mensal
1999-05-31,Comex Stat/MDIC,comex_importacoes_kg,comercio_exterior,7932697111,importacao,metricKG,kg líquido,peso_liquido,Peso líquido mensal total das importações brasileiras.,False,,mensal,mensal
1999-06-30,Comex Stat/MDIC,comex_importacoes_kg,comercio_exterior,8123996235,importacao,metricKG,kg líquido,peso_liquido,Peso líquido mensal total das importações brasileiras.,False,,mensal,mensal
1999-07-31,Comex Stat/MDIC,comex_importacoes_kg,comercio_exterior,6485314663,importacao,metricKG,kg líquido,peso_liquido,Peso líquido mensal total das importações brasileiras.,False,,mensal,mensal
1999-08-31,Comex Stat/MDIC,comex_importacoes_kg,comercio_exterior,6905632984,importacao,metricKG,kg líquido,peso_liquido,Peso líquido mensal total das importações brasileiras.,False,,mensal,mensal
1999-09-30,Comex Stat/MDIC,comex_importacoes_kg,comercio_exterior,7388557808,importacao,metricKG,kg líquido,peso_liquido,Peso líquido mensal total das importações brasileiras.,False,,mensal,mensal
1999-10-31,Comex Stat/MDIC,comex_importacoes_kg,comercio_exterior,8017861964,importacao,metricKG,kg líquido,peso_liquido,Peso líquido mensal total das importações brasileiras.,False,,mensal,mensal
1999-11-30,Comex Stat/MDIC,comex_importacoes_kg,comercio_exterior,7876805778,importacao,metricKG,kg líquido,peso_liquido,Peso líquido mensal total das importações brasileiras.,False,,mensal,mensal
1999-12-31,Comex Stat/MDIC,comex_importacoes_kg,comercio_exterior,7221436348,importacao,metricKG,kg líquido,peso_liquido,Peso líquido mensal total das importações brasileiras.,False,,mensal,mensal
2000-01-31,Comex Stat/MDIC,comex_importacoes_kg,comercio_exterior,6011292254,importacao,metricKG,kg líquido,peso_liquido,Peso líquido mensal total das importações brasileiras.,False,,mensal,mensal
2000-02-29,Comex Stat/MDIC,comex_importacoes_kg,comercio_exterior,6590102857,importacao,metricKG,kg líquido,peso_liquido,Peso líquido mensal total das importações brasileiras.,False,,mensal,mensal
2000-03-31,Comex Stat/MDIC,comex_importacoes_kg,comercio_exterior,8069451240,importacao,metricKG,kg líquido,peso_liquido,Peso líquido mensal total das importações brasileiras.,False,,mensal,mensal
2000-04-30,Comex Stat/MDIC,comex_importacoes_kg,comercio_exterior,5648976226,importacao,metricKG,kg líquido,peso_liquido,Peso líquido mensal total das importações brasileiras.,False,,mensal,mensal
2000-05-31,Comex Stat/MDIC,comex_importacoes_kg,comercio_exterior,7705848934,importacao,metricKG,kg líquido,peso_liquido,Peso líquido mensal total das importações brasileiras.,False,,mensal,mensal
2000-06-30,Comex Stat/MDIC,comex_importacoes_kg,comercio_exterior,8047407925,importacao,metricKG,kg líquido,peso_liquido,Peso líquido mensal total das importações brasileiras.,False,,mensal,mensal
2000-07-31,Comex Stat/MDIC,comex_importacoes_kg,comercio_exterior,7703151353,importacao,metricKG,kg líquido,peso_liquido,Peso líquido mensal total das importações brasileiras.,False,,mensal,mensal
2000-08-31,Comex Stat/MDIC,comex_importacoes_kg,comercio_exterior,9060701175,importacao,metricKG,kg líquido,peso_liquido,Peso líquido mensal total das importações brasileiras.,False,,mensal,mensal
2000-09-30,Comex Stat/MDIC,comex_importacoes_kg,comercio_exterior,8152139695,importacao,metricKG,kg líquido,peso_liquido,Peso líquido mensal total das importações brasileiras.,False,,mensal,mensal
2000-10-31,Comex Stat/MDIC,comex_importacoes_kg,comercio_exterior,9210101336,importacao,metricKG,kg líquido,peso_liquido,Peso líquido mensal total das importações brasileiras.,False,,mensal,mensal
2000-11-30,Comex Stat/MDIC,comex_importacoes_kg,comercio_exterior,8479052191,importacao,metricKG,kg líquido,peso_liquido,Peso líquido mensal total das importações brasileiras.,False,,mensal,mensal
2000-12-31,Comex Stat/MDIC,comex_importacoes_kg,comercio_exterior,8156746400,importacao,metricKG,kg líquido,peso_liquido,Peso líquido mensal total das importações brasileiras.,False,,mensal,mensal
2001-01-31,Comex Stat/MDIC,comex_importacoes_kg,comercio_exterior,7769243211,importacao,metricKG,kg líquido,peso_liquido,Peso líquido mensal total das importações brasileiras.,False,,mensal,mensal
2001-02-28,Comex Stat/MDIC,comex_importacoes_kg,comercio_exterior,6014017603,importacao,metricKG,kg líquido,peso_liquido,Peso líquido mensal total das importações brasileiras.,False,,mensal,mensal
2001-03-31,Comex Stat/MDIC,comex_importacoes_kg,comercio_exterior,7986649078,importacao,metricKG,kg líquido,peso_liquido,Peso líquido mensal total das importações brasileiras.,False,,mensal,mensal
2001-04-30,Comex Stat/MDIC,comex_importacoes_kg,comercio_exterior,6152014384,importacao,metricKG,kg líquido,peso_liquido,Peso líquido mensal total das importações brasileiras.,False,,mensal,mensal
2001-05-31,Comex Stat/MDIC,comex_importacoes_kg,comercio_exterior,8368097689,importacao,metricKG,kg líquido,peso_liquido,Peso líquido mensal total das importações brasileiras.,False,,mensal,mensal
2001-06-30,Comex Stat/MDIC,comex_importacoes_kg,comercio_exterior,8473794330,importacao,metricKG,kg líquido,peso_liquido,Peso líquido mensal total das importações brasileiras.,False,,mensal,mensal
2001-07-31,Comex Stat/MDIC,comex_importacoes_kg,comercio_exterior,7934144759,importacao,metricKG,kg líquido,peso_liquido,Peso líquido mensal total das importações brasileiras.,False,,mensal,mensal
2001-08-31,Comex Stat/MDIC,comex_importacoes_kg,comercio_exterior,9557693159,importacao,metricKG,kg líquido,peso_liquido,Peso líquido mensal total das importações brasileiras.,False,,mensal,mensal
2001-09-30,Comex Stat/MDIC,comex_importacoes_kg,comercio_exterior,7511529815,importacao,metricKG,kg líquido,peso_liquido,Peso líquido mensal total das importações brasileiras.,False,,mensal,mensal
2001-10-31,Comex Stat/MDIC,comex_importacoes_kg,comercio_exterior,9025498456,importacao,metricKG,kg líquido,peso_liquido,Peso líquido mensal total das importações brasileiras.,False,,mensal,mensal
2001-11-30,Comex Stat/MDIC,comex_importacoes_kg,comercio_exterior,7858928784,importacao,metricKG,kg líquido,peso_liquido,Peso líquido mensal total das importações brasileiras.,False,,mensal,mensal
2001-12-31,Comex Stat/MDIC,comex_importacoes_kg,comercio_exterior,6698052972,importacao,metricKG,kg líquido,peso_liquido,Peso líquido mensal total das importações brasileiras.,False,,mensal,mensal
2002-01-31,Comex Stat/MDIC,comex_importacoes_kg,comercio_exterior,6360397323,importacao,metricKG,kg líquido,peso_liquido,Peso líquido mensal total das importações brasileiras.,False,,mensal,mensal
2002-02-28,Comex Stat/MDIC,comex_importacoes_kg,comercio_exterior,8319179189,importacao,metricKG,kg líquido,peso_liquido,Peso líquido mensal total das importações brasileiras.,False,,mensal,mensal
2002-03-31,Comex Stat/MDIC,comex_importacoes_kg,comercio_exterior,6678835192,importacao,metricKG,kg líquido,peso_liquido,Peso líquido mensal total das importações brasileiras.,False,,mensal,mensal
2002-04-30,Comex Stat/MDIC,comex_importacoes_kg,comercio_exterior,8266798758,importacao,metricKG,kg líquido,peso_liquido,Peso líquido mensal total das importações brasileiras.,False,,mensal,mensal
2002-05-31,Comex Stat/MDIC,comex_importacoes_kg,comercio_exterior,7431022999,importacao,metricKG,kg líquido,peso_liquido,Peso líquido mensal total das importações brasileiras.,False,,mensal,mensal
2002-06-30,Comex Stat/MDIC,comex_importacoes_kg,comercio_exterior,5699613589,importacao,metricKG,kg líquido,peso_liquido,Peso líquido mensal total das importações brasileiras.,False,,mensal,mensal
2002-07-31,Comex Stat/MDIC,comex_importacoes_kg,comercio_exterior,9263563202,importacao,metricKG,kg líquido,peso_liquido,Peso líquido mensal total das importações brasileiras.,False,,mensal,mensal
2002-08-31,Comex Stat/MDIC,comex_importacoes_kg,comercio_exterior,7664115371,importacao,metricKG,kg líquido,peso_liquido,Peso líquido mensal total das importações brasileiras.,False,,mensal,mensal
2002-09-30,Comex Stat/MDIC,comex_importacoes_kg,comercio_exterior,8765312446,importacao,metricKG,kg líquido,peso_liquido,Peso líquido mensal total das importações brasileiras.,False,,mensal,mensal
2002-10-31,Comex Stat/MDIC,comex_importacoes_kg,comercio_exterior,8798195154,importacao,metricKG,kg líquido,peso_liquido,Peso líquido mensal total das importações brasileiras.,False,,mensal,mensal
2002-11-30,Comex Stat/MDIC,comex_importacoes_kg,comercio_exterior,7716964946,importacao,metricKG,kg líquido,peso_liquido,Peso líquido mensal total das importações brasileiras.,False,,mensal,mensal
2002-12-31,Comex Stat/MDIC,comex_importacoes_kg,comercio_exterior,6490216987,importacao,metricKG,kg líquido,peso_liquido,Peso líquido mensal total das importações brasileiras.,False,,mensal,mensal
2003-01-31,Comex Stat/MDIC,comex_importacoes_kg,comercio_exterior,7069251195,importacao,metricKG,kg líquido,peso_liquido,Peso líquido mensal total das importações brasileiras.,False,,mensal,mensal
2003-02-28,Comex Stat/MDIC,comex_importacoes_kg,comercio_exterior,6711714560,importacao,metricKG,kg líquido,peso_liquido,Peso líquido mensal total das importações brasileiras.,False,,mensal,mensal
2003-03-31,Comex Stat/MDIC,comex_importacoes_kg,comercio_exterior,7412400989,importacao,metricKG,kg líquido,peso_liquido,Peso líquido mensal total das importações brasileiras.,False,,mensal,mensal
2003-04-30,Comex Stat/MDIC,comex_importacoes_kg,comercio_exterior,7810840635,importacao,metricKG,kg líquido,peso_liquido,Peso líquido mensal total das importações brasileiras.,False,,mensal,mensal
2003-05-31,Comex Stat/MDIC,comex_importacoes_kg,comercio_exterior,7407935790,importacao,metricKG,kg líquido,peso_liquido,Peso líquido mensal total das importações brasileiras.,False,,mensal,mensal
2003-06-30,Comex Stat/MDIC,comex_importacoes_kg,comercio_exterior,6876452745,importacao,metricKG,kg líquido,peso_liquido,Peso líquido mensal total das importações brasileiras.,False,,mensal,mensal
2003-07-31,Comex Stat/MDIC,comex_importacoes_kg,comercio_exterior,7313538189,importacao,metricKG,kg líquido,peso_liquido,Peso líquido mensal total das importações brasileiras.,False,,mensal,mensal
2003-08-31,Comex Stat/MDIC,comex_importacoes_kg,comercio_exterior,8674036533,importacao,metricKG,kg líquido,peso_liquido,Peso líquido mensal total das importações brasileiras.,False,,mensal,mensal
2003-09-30,Comex Stat/MDIC,comex_importacoes_kg,comercio_exterior,9838707439,importacao,metricKG,kg líquido,peso_liquido,Peso líquido mensal total das importações brasileiras.,False,,mensal,mensal
2003-10-31,Comex Stat/MDIC,comex_importacoes_kg,comercio_exterior,9912209578,importacao,metricKG,kg líquido,peso_liquido,Peso líquido mensal total das importações brasileiras.,False,,mensal,mensal
2003-11-30,Comex Stat/MDIC,comex_importacoes_kg,comercio_exterior,7980429477,importacao,metricKG,kg líquido,peso_liquido,Peso líquido mensal total das importações brasileiras.,False,,mensal,mensal
2003-12-31,Comex Stat/MDIC,comex_importacoes_kg,comercio_exterior,7493870130,importacao,metricKG,kg líquido,peso_liquido,Peso líquido mensal total das importações brasileiras.,False,,mensal,mensal
2004-01-31,Comex Stat/MDIC,comex_importacoes_kg,comercio_exterior,8108306456,importacao,metricKG,kg líquido,peso_liquido,Peso líquido mensal total das importações brasileiras.,False,,mensal,mensal
2004-02-29,Comex Stat/MDIC,comex_importacoes_kg,comercio_exterior,6753387345,importacao,metricKG,kg líquido,peso_liquido,Peso líquido mensal total das importações brasileiras.,False,,mensal,mensal
2004-03-31,Comex Stat/MDIC,comex_importacoes_kg,comercio_exterior,8652753091,importacao,metricKG,kg líquido,peso_liquido,Peso líquido mensal total das importações brasileiras.,False,,mensal,mensal
2004-04-30,Comex Stat/MDIC,comex_importacoes_kg,comercio_exterior,6992221898,importacao,metricKG,kg líquido,peso_liquido,Peso líquido mensal total das importações brasileiras.,False,,mensal,mensal
2004-05-31,Comex Stat/MDIC,comex_importacoes_kg,comercio_exterior,7832308934,importacao,metricKG,kg líquido,peso_liquido,Peso líquido mensal total das importações brasileiras.,False,,mensal,mensal
2004-06-30,Comex Stat/MDIC,comex_importacoes_kg,comercio_exterior,10132554245,importacao,metricKG,kg líquido,peso_liquido,Peso líquido mensal total das importações brasileiras.,False,,mensal,mensal
2004-07-31,Comex Stat/MDIC,comex_importacoes_kg,comercio_exterior,9274262170,importacao,metricKG,kg líquido,peso_liquido,Peso líquido mensal total das importações brasileiras.,False,,mensal,mensal
2004-08-31,Comex Stat/MDIC,comex_importacoes_kg,comercio_exterior,8799936900,importacao,metricKG,kg líquido,peso_liquido,Peso líquido mensal total das importações brasileiras.,False,,mensal,mensal
2004-09-30,Comex Stat/MDIC,comex_importacoes_kg,comercio_exterior,9681373346,importacao,metricKG,kg líquido,peso_liquido,Peso líquido mensal total das importações brasileiras.,False,,mensal,mensal
2004-10-31,Comex Stat/MDIC,comex_importacoes_kg,comercio_exterior,9287067135,importacao,metricKG,kg líquido,peso_liquido,Peso líquido mensal total das importações brasileiras.,False,,mensal,mensal
2004-11-30,Comex Stat/MDIC,comex_importacoes_kg,comercio_exterior,8866069207,importacao,metricKG,kg líquido,peso_liquido,Peso líquido mensal total das importações brasileiras.,False,,mensal,mensal
2004-12-31,Comex Stat/MDIC,comex_importacoes_kg,comercio_exterior,8217652511,importacao,metricKG,kg líquido,peso_liquido,Peso líquido mensal total das importações brasileiras.,False,,mensal,mensal
2005-01-31,Comex Stat/MDIC,comex_importacoes_kg,comercio_exterior,7236518197,importacao,metricKG,kg líquido,peso_liquido,Peso líquido mensal total das importações brasileiras.,False,,mensal,mensal
2005-02-28,Comex Stat/MDIC,comex_importacoes_kg,comercio_exterior,7661413802,importacao,metricKG,kg líquido,peso_liquido,Peso líquido mensal total das importações brasileiras.,False,,mensal,mensal
2005-03-31,Comex Stat/MDIC,comex_importacoes_kg,comercio_exterior,7626724072,importacao,metricKG,kg líquido,peso_liquido,Peso líquido mensal total das importações brasileiras.,False,,mensal,mensal
2005-04-30,Comex Stat/MDIC,comex_importacoes_kg,comercio_exterior,6979035351,importacao,metricKG,kg líquido,peso_liquido,Peso líquido mensal total das importações brasileiras.,False,,mensal,mensal
2005-05-31,Comex Stat/MDIC,comex_importacoes_kg,comercio_exterior,8510373191,importacao,metricKG,kg líquido,peso_liquido,Peso líquido mensal total das importações brasileiras.,False,,mensal,mensal
2005-06-30,Comex Stat/MDIC,comex_importacoes_kg,comercio_exterior,7643321556,importacao,metricKG,kg líquido,peso_liquido,Peso líquido mensal total das importações brasileiras.,False,,mensal,mensal
2005-07-31,Comex Stat/MDIC,comex_importacoes_kg,comercio_exterior,7569026186,importacao,metricKG,kg líquido,peso_liquido,Peso líquido mensal total das importações brasileiras.,False,,mensal,mensal
2005-08-31,Comex Stat/MDIC,comex_importacoes_kg,comercio_exterior,9679376805,importacao,metricKG,kg líquido,peso_liquido,Peso líquido mensal total das importações brasileiras.,False,,mensal,mensal
2005-09-30,Comex Stat/MDIC,comex_importacoes_kg,comercio_exterior,7484242700,importacao,metricKG,kg líquido,peso_liquido,Peso líquido mensal total das importações brasileiras.,False,,mensal,mensal
2005-10-31,Comex Stat/MDIC,comex_importacoes_kg,comercio_exterior,7018316489,importacao,metricKG,kg líquido,peso_liquido,Peso líquido mensal total das importações brasileiras.,False,,mensal,mensal
2005-11-30,Comex Stat/MDIC,comex_importacoes_kg,comercio_exterior,7980997768,importacao,metricKG,kg líquido,peso_liquido,Peso líquido mensal total das importações brasileiras.,False,,mensal,mensal
2005-12-31,Comex Stat/MDIC,comex_importacoes_kg,comercio_exterior,7700447139,importacao,metricKG,kg líquido,peso_liquido,Peso líquido mensal total das importações brasileiras.,False,,mensal,mensal
2006-01-31,Comex Stat/MDIC,comex_importacoes_kg,comercio_exterior,7228311573,importacao,metricKG,kg líquido,peso_liquido,Peso líquido mensal total das importações brasileiras.,False,,mensal,mensal
2006-02-28,Comex Stat/MDIC,comex_importacoes_kg,comercio_exterior,7340941375,importacao,metricKG,kg líquido,peso_liquido,Peso líquido mensal total das importações brasileiras.,False,,mensal,mensal
2006-03-31,Comex Stat/MDIC,comex_importacoes_kg,comercio_exterior,8910123059,importacao,metricKG,kg líquido,peso_liquido,Peso líquido mensal total das importações brasileiras.,False,,mensal,mensal
2006-04-30,Comex Stat/MDIC,comex_importacoes_kg,comercio_exterior,7125086432,importacao,metricKG,kg líquido,peso_liquido,Peso líquido mensal total das importações brasileiras.,False,,mensal,mensal
2006-05-31,Comex Stat/MDIC,comex_importacoes_kg,comercio_exterior,6581074613,importacao,metricKG,kg líquido,peso_liquido,Peso líquido mensal total das importações brasileiras.,False,,mensal,mensal
2006-06-30,Comex Stat/MDIC,comex_importacoes_kg,comercio_exterior,7551163492,importacao,metricKG,kg líquido,peso_liquido,Peso líquido mensal total das importações brasileiras.,False,,mensal,mensal
2006-07-31,Comex Stat/MDIC,comex_importacoes_kg,comercio_exterior,9485640045,importacao,metricKG,kg líquido,peso_liquido,Peso líquido mensal total das importações brasileiras.,False,,mensal,mensal
2006-08-31,Comex Stat/MDIC,comex_importacoes_kg,comercio_exterior,10753172179,importacao,metricKG,kg líquido,peso_liquido,Peso líquido mensal total das importações brasileiras.,False,,mensal,mensal
2006-09-30,Comex Stat/MDIC,comex_importacoes_kg,comercio_exterior,8757486680,importacao,metricKG,kg líquido,peso_liquido,Peso líquido mensal total das importações brasileiras.,False,,mensal,mensal
2006-10-31,Comex Stat/MDIC,comex_importacoes_kg,comercio_exterior,9906050228,importacao,metricKG,kg líquido,peso_liquido,Peso líquido mensal total das importações brasileiras.,False,,mensal,mensal
2006-11-30,Comex Stat/MDIC,comex_importacoes_kg,comercio_exterior,11060780788,importacao,metricKG,kg líquido,peso_liquido,Peso líquido mensal total das importações brasileiras.,False,,mensal,mensal
2006-12-31,Comex Stat/MDIC,comex_importacoes_kg,comercio_exterior,7565813400,importacao,metricKG,kg líquido,peso_liquido,Peso líquido mensal total das importações brasileiras.,False,,mensal,mensal
2007-01-31,Comex Stat/MDIC,comex_importacoes_kg,comercio_exterior,9203861525,importacao,metricKG,kg líquido,peso_liquido,Peso líquido mensal total das importações brasileiras.,False,,mensal,mensal
2007-02-28,Comex Stat/MDIC,comex_importacoes_kg,comercio_exterior,8226767909,importacao,metricKG,kg líquido,peso_liquido,Peso líquido mensal total das importações brasileiras.,False,,mensal,mensal
2007-03-31,Comex Stat/MDIC,comex_importacoes_kg,comercio_exterior,10515646894,importacao,metricKG,kg líquido,peso_liquido,Peso líquido mensal total das importações brasileiras.,False,,mensal,mensal
2007-04-30,Comex Stat/MDIC,comex_importacoes_kg,comercio_exterior,7820751292,importacao,metricKG,kg líquido,peso_liquido,Peso líquido mensal total das importações brasileiras.,False,,mensal,mensal
2007-05-31,Comex Stat/MDIC,comex_importacoes_kg,comercio_exterior,10140320204,importacao,metricKG,kg líquido,peso_liquido,Peso líquido mensal total das importações brasileiras.,False,,mensal,mensal
2007-06-30,Comex Stat/MDIC,comex_importacoes_kg,comercio_exterior,9705307246,importacao,metricKG,kg líquido,peso_liquido,Peso líquido mensal total das importações brasileiras.,False,,mensal,mensal
2007-07-31,Comex Stat/MDIC,comex_importacoes_kg,comercio_exterior,11073421284,importacao,metricKG,kg líquido,peso_liquido,Peso líquido mensal total das importações brasileiras.,False,,mensal,mensal
2007-08-31,Comex Stat/MDIC,comex_importacoes_kg,comercio_exterior,11115508755,importacao,metricKG,kg líquido,peso_liquido,Peso líquido mensal total das importações brasileiras.,False,,mensal,mensal
2007-09-30,Comex Stat/MDIC,comex_importacoes_kg,comercio_exterior,9737310592,importacao,metricKG,kg líquido,peso_liquido,Peso líquido mensal total das importações brasileiras.,False,,mensal,mensal
2007-10-31,Comex Stat/MDIC,comex_importacoes_kg,comercio_exterior,11645526770,importacao,metricKG,kg líquido,peso_liquido,Peso líquido mensal total das importações brasileiras.,False,,mensal,mensal
2007-11-30,Comex Stat/MDIC,comex_importacoes_kg,comercio_exterior,10385837020,importacao,metricKG,kg líquido,peso_liquido,Peso líquido mensal total das importações brasileiras.,False,,mensal,mensal
2007-12-31,Comex Stat/MDIC,comex_importacoes_kg,comercio_exterior,9273349730,importacao,metricKG,kg líquido,peso_liquido,Peso líquido mensal total das importações brasileiras.,False,,mensal,mensal
2008-01-31,Comex Stat/MDIC,comex_importacoes_kg,comercio_exterior,10732652079,importacao,metricKG,kg líquido,peso_liquido,Peso líquido mensal total das importações brasileiras.,False,,mensal,mensal
2008-02-29,Comex Stat/MDIC,comex_importacoes_kg,comercio_exterior,10903135390,importacao,metricKG,kg líquido,peso_liquido,Peso líquido mensal total das importações brasileiras.,False,,mensal,mensal
2008-03-31,Comex Stat/MDIC,comex_importacoes_kg,comercio_exterior,8415975283,importacao,metricKG,kg líquido,peso_liquido,Peso líquido mensal total das importações brasileiras.,False,,mensal,mensal
2008-04-30,Comex Stat/MDIC,comex_importacoes_kg,comercio_exterior,8778888835,importacao,metricKG,kg líquido,peso_liquido,Peso líquido mensal total das importações brasileiras.,False,,mensal,mensal
2008-05-31,Comex Stat/MDIC,comex_importacoes_kg,comercio_exterior,11888174662,importacao,metricKG,kg líquido,peso_liquido,Peso líquido mensal total das importações brasileiras.,False,,mensal,mensal
2008-06-30,Comex Stat/MDIC,comex_importacoes_kg,comercio_exterior,11406779614,importacao,metricKG,kg líquido,peso_liquido,Peso líquido mensal total das importações brasileiras.,False,,mensal,mensal
2008-07-31,Comex Stat/MDIC,comex_importacoes_kg,comercio_exterior,11107559825,importacao,metricKG,kg líquido,peso_liquido,Peso líquido mensal total das importações brasileiras.,False,,mensal,mensal
2008-08-31,Comex Stat/MDIC,comex_importacoes_kg,comercio_exterior,11881009424,importacao,metricKG,kg líquido,peso_liquido,Peso líquido mensal total das importações brasileiras.,False,,mensal,mensal
2008-09-30,Comex Stat/MDIC,comex_importacoes_kg,comercio_exterior,10597342310,importacao,metricKG,kg líquido,peso_liquido,Peso líquido mensal total das importações brasileiras.,False,,mensal,mensal
2008-10-31,Comex Stat/MDIC,comex_importacoes_kg,comercio_exterior,11094099743,importacao,metricKG,kg líquido,peso_liquido,Peso líquido mensal total das importações brasileiras.,False,,mensal,mensal
2008-11-30,Comex Stat/MDIC,comex_importacoes_kg,comercio_exterior,8471101291,importacao,metricKG,kg líquido,peso_liquido,Peso líquido mensal total das importações brasileiras.,False,,mensal,mensal
2008-12-31,Comex Stat/MDIC,comex_importacoes_kg,comercio_exterior,9218372107,importacao,metricKG,kg líquido,peso_liquido,Peso líquido mensal total das importações brasileiras.,False,,mensal,mensal
2009-01-31,Comex Stat/MDIC,comex_importacoes_kg,comercio_exterior,8018667279,importacao,metricKG,kg líquido,peso_liquido,Peso líquido mensal total das importações brasileiras.,False,,mensal,mensal
2009-02-28,Comex Stat/MDIC,comex_importacoes_kg,comercio_exterior,5898461135,importacao,metricKG,kg líquido,peso_liquido,Peso líquido mensal total das importações brasileiras.,False,,mensal,mensal
2009-03-31,Comex Stat/MDIC,comex_importacoes_kg,comercio_exterior,8376148489,importacao,metricKG,kg líquido,peso_liquido,Peso líquido mensal total das importações brasileiras.,False,,mensal,mensal
2009-04-30,Comex Stat/MDIC,comex_importacoes_kg,comercio_exterior,6513788331,importacao,metricKG,kg líquido,peso_liquido,Peso líquido mensal total das importações brasileiras.,False,,mensal,mensal
2009-05-31,Comex Stat/MDIC,comex_importacoes_kg,comercio_exterior,8773367366,importacao,metricKG,kg líquido,peso_liquido,Peso líquido mensal total das importações brasileiras.,False,,mensal,mensal
2009-06-30,Comex Stat/MDIC,comex_importacoes_kg,comercio_exterior,8482864522,importacao,metricKG,kg líquido,peso_liquido,Peso líquido mensal total das importações brasileiras.,False,,mensal,mensal
2009-07-31,Comex Stat/MDIC,comex_importacoes_kg,comercio_exterior,9518808285,importacao,metricKG,kg líquido,peso_liquido,Peso líquido mensal total das importações brasileiras.,False,,mensal,mensal
2009-08-31,Comex Stat/MDIC,comex_importacoes_kg,comercio_exterior,8895695679,importacao,metricKG,kg líquido,peso_liquido,Peso líquido mensal total das importações brasileiras.,False,,mensal,mensal
2009-09-30,Comex Stat/MDIC,comex_importacoes_kg,comercio_exterior,10569732814,importacao,metricKG,kg líquido,peso_liquido,Peso líquido mensal total das importações brasileiras.,False,,mensal,mensal
2009-10-31,Comex Stat/MDIC,comex_importacoes_kg,comercio_exterior,10230210969,importacao,metricKG,kg líquido,peso_liquido,Peso líquido mensal total das importações brasileiras.,False,,mensal,mensal
2009-11-30,Comex Stat/MDIC,comex_importacoes_kg,comercio_exterior,9094399346,importacao,metricKG,kg líquido,peso_liquido,Peso líquido mensal total das importações brasileiras.,False,,mensal,mensal
2009-12-31,Comex Stat/MDIC,comex_importacoes_kg,comercio_exterior,9542647266,importacao,metricKG,kg líquido,peso_liquido,Peso líquido mensal total das importações brasileiras.,False,,mensal,mensal
2010-01-31,Comex Stat/MDIC,comex_importacoes_kg,comercio_exterior,9009083027,importacao,metricKG,kg líquido,peso_liquido,Peso líquido mensal total das importações brasileiras.,False,,mensal,mensal
2010-02-28,Comex Stat/MDIC,comex_importacoes_kg,comercio_exterior,9723937661,importacao,metricKG,kg líquido,peso_liquido,Peso líquido mensal total das importações brasileiras.,False,,mensal,mensal
2010-03-31,Comex Stat/MDIC,comex_importacoes_kg,comercio_exterior,10929024232,importacao,metricKG,kg líquido,peso_liquido,Peso líquido mensal total das importações brasileiras.,False,,mensal,mensal
2010-04-30,Comex Stat/MDIC,comex_importacoes_kg,comercio_exterior,11593603694,importacao,metricKG,kg líquido,peso_liquido,Peso líquido mensal total das importações brasileiras.,False,,mensal,mensal
2010-05-31,Comex Stat/MDIC,comex_importacoes_kg,comercio_exterior,10676220561,importacao,metricKG,kg líquido,peso_liquido,Peso líquido mensal total das importações brasileiras.,False,,mensal,mensal
2010-06-30,Comex Stat/MDIC,comex_importacoes_kg,comercio_exterior,11325826817,importacao,metricKG,kg líquido,peso_liquido,Peso líquido mensal total das importações brasileiras.,False,,mensal,mensal
2010-07-31,Comex Stat/MDIC,comex_importacoes_kg,comercio_exterior,13291236909,importacao,metricKG,kg líquido,peso_liquido,Peso líquido mensal total das importações brasileiras.,False,,mensal,mensal
2010-08-31,Comex Stat/MDIC,comex_importacoes_kg,comercio_exterior,12152380442,importacao,metricKG,kg líquido,peso_liquido,Peso líquido mensal total das importações brasileiras.,False,,mensal,mensal
2010-09-30,Comex Stat/MDIC,comex_importacoes_kg,comercio_exterior,13446364707,importacao,metricKG,kg líquido,peso_liquido,Peso líquido mensal total das importações brasileiras.,False,,mensal,mensal
2010-10-31,Comex Stat/MDIC,comex_importacoes_kg,comercio_exterior,12795315370,importacao,metricKG,kg líquido,peso_liquido,Peso líquido mensal total das importações brasileiras.,False,,mensal,mensal
2010-11-30,Comex Stat/MDIC,comex_importacoes_kg,comercio_exterior,12734816333,importacao,metricKG,kg líquido,peso_liquido,Peso líquido mensal total das importações brasileiras.,False,,mensal,mensal
2010-12-31,Comex Stat/MDIC,comex_importacoes_kg,comercio_exterior,10433654707,importacao,metricKG,kg líquido,peso_liquido,Peso líquido mensal total das importações brasileiras.,False,,mensal,mensal
2011-01-31,Comex Stat/MDIC,comex_importacoes_kg,comercio_exterior,10557184277,importacao,metricKG,kg líquido,peso_liquido,Peso líquido mensal total das importações brasileiras.,False,,mensal,mensal
2011-02-28,Comex Stat/MDIC,comex_importacoes_kg,comercio_exterior,10692739268,importacao,metricKG,kg líquido,peso_liquido,Peso líquido mensal total das importações brasileiras.,False,,mensal,mensal
2011-03-31,Comex Stat/MDIC,comex_importacoes_kg,comercio_exterior,11423845359,importacao,metricKG,kg líquido,peso_liquido,Peso líquido mensal total das importações brasileiras.,False,,mensal,mensal
2011-04-30,Comex Stat/MDIC,comex_importacoes_kg,comercio_exterior,12429633445,importacao,metricKG,kg líquido,peso_liquido,Peso líquido mensal total das importações brasileiras.,False,,mensal,mensal
2011-05-31,Comex Stat/MDIC,comex_importacoes_kg,comercio_exterior,12761656551,importacao,metricKG,kg líquido,peso_liquido,Peso líquido mensal total das importações brasileiras.,False,,mensal,mensal
2011-06-30,Comex Stat/MDIC,comex_importacoes_kg,comercio_exterior,12435321707,importacao,metricKG,kg líquido,peso_liquido,Peso líquido mensal total das importações brasileiras.,False,,mensal,mensal
2011-07-31,Comex Stat/MDIC,comex_importacoes_kg,comercio_exterior,12200491189,importacao,metricKG,kg líquido,peso_liquido,Peso líquido mensal total das importações brasileiras.,False,,mensal,mensal
2011-08-31,Comex Stat/MDIC,comex_importacoes_kg,comercio_exterior,14375327949,importacao,metricKG,kg líquido,peso_liquido,Peso líquido mensal total das importações brasileiras.,False,,mensal,mensal
2011-09-30,Comex Stat/MDIC,comex_importacoes_kg,comercio_exterior,13664660769,importacao,metricKG,kg líquido,peso_liquido,Peso líquido mensal total das importações brasileiras.,False,,mensal,mensal
2011-10-31,Comex Stat/MDIC,comex_importacoes_kg,comercio_exterior,12470612595,importacao,metricKG,kg líquido,peso_liquido,Peso líquido mensal total das importações brasileiras.,False,,mensal,mensal
2011-11-30,Comex Stat/MDIC,comex_importacoes_kg,comercio_exterior,13411162984,importacao,metricKG,kg líquido,peso_liquido,Peso líquido mensal total das importações brasileiras.,False,,mensal,mensal
2011-12-31,Comex Stat/MDIC,comex_importacoes_kg,comercio_exterior,12280299409,importacao,metricKG,kg líquido,peso_liquido,Peso líquido mensal total das importações brasileiras.,False,,mensal,mensal
2012-01-31,Comex Stat/MDIC,comex_importacoes_kg,comercio_exterior,11106028850,importacao,metricKG,kg líquido,peso_liquido,Peso líquido mensal total das importações brasileiras.,False,,mensal,mensal
2012-02-29,Comex Stat/MDIC,comex_importacoes_kg,comercio_exterior,9053523719,importacao,metricKG,kg líquido,peso_liquido,Peso líquido mensal total das importações brasileiras.,False,,mensal,mensal
2012-03-31,Comex Stat/MDIC,comex_importacoes_kg,comercio_exterior,10970266189,importacao,metricKG,kg líquido,peso_liquido,Peso líquido mensal total das importações brasileiras.,False,,mensal,mensal
2012-04-30,Comex Stat/MDIC,comex_importacoes_kg,comercio_exterior,11503800781,importacao,metricKG,kg líquido,peso_liquido,Peso líquido mensal total das importações brasileiras.,False,,mensal,mensal
2012-05-31,Comex Stat/MDIC,comex_importacoes_kg,comercio_exterior,12158614894,importacao,metricKG,kg líquido,peso_liquido,Peso líquido mensal total das importações brasileiras.,False,,mensal,mensal
2012-06-30,Comex Stat/MDIC,comex_importacoes_kg,comercio_exterior,12187629585,importacao,metricKG,kg líquido,peso_liquido,Peso líquido mensal total das importações brasileiras.,False,,mensal,mensal
2012-07-31,Comex Stat/MDIC,comex_importacoes_kg,comercio_exterior,12415963854,importacao,metricKG,kg líquido,peso_liquido,Peso líquido mensal total das importações brasileiras.,False,,mensal,mensal
2012-08-31,Comex Stat/MDIC,comex_importacoes_kg,comercio_exterior,12015424323,importacao,metricKG,kg líquido,peso_liquido,Peso líquido mensal total das importações brasileiras.,False,,mensal,mensal
2012-09-30,Comex Stat/MDIC,comex_importacoes_kg,comercio_exterior,11385576490,importacao,metricKG,kg líquido,peso_liquido,Peso líquido mensal total das importações brasileiras.,False,,mensal,mensal
2012-10-31,Comex Stat/MDIC,comex_importacoes_kg,comercio_exterior,12178540489,importacao,metricKG,kg líquido,peso_liquido,Peso líquido mensal total das importações brasileiras.,False,,mensal,mensal
2012-11-30,Comex Stat/MDIC,comex_importacoes_kg,comercio_exterior,14593431119,importacao,metricKG,kg líquido,peso_liquido,Peso líquido mensal total das importações brasileiras.,False,,mensal,mensal
2012-12-31,Comex Stat/MDIC,comex_importacoes_kg,comercio_exterior,12220156747,importacao,metricKG,kg líquido,peso_liquido,Peso líquido mensal total das importações brasileiras.,False,,mensal,mensal
2013-01-31,Comex Stat/MDIC,comex_importacoes_kg,comercio_exterior,12709171607,importacao,metricKG,kg líquido,peso_liquido,Peso líquido mensal total das importações brasileiras.,False,,mensal,mensal
2013-02-28,Comex Stat/MDIC,comex_importacoes_kg,comercio_exterior,11368759493,importacao,metricKG,kg líquido,peso_liquido,Peso líquido mensal total das importações brasileiras.,False,,mensal,mensal
2013-03-31,Comex Stat/MDIC,comex_importacoes_kg,comercio_exterior,12793785482,importacao,metricKG,kg líquido,peso_liquido,Peso líquido mensal total das importações brasileiras.,False,,mensal,mensal
2013-04-30,Comex Stat/MDIC,comex_importacoes_kg,comercio_exterior,14379331499,importacao,metricKG,kg líquido,peso_liquido,Peso líquido mensal total das importações brasileiras.,False,,mensal,mensal
2013-05-31,Comex Stat/MDIC,comex_importacoes_kg,comercio_exterior,14243891547,importacao,metricKG,kg líquido,peso_liquido,Peso líquido mensal total das importações brasileiras.,False,,mensal,mensal
2013-06-30,Comex Stat/MDIC,comex_importacoes_kg,comercio_exterior,11559153856,importacao,metricKG,kg líquido,peso_liquido,Peso líquido mensal total das importações brasileiras.,False,,mensal,mensal
2013-07-31,Comex Stat/MDIC,comex_importacoes_kg,comercio_exterior,15950631384,importacao,metricKG,kg líquido,peso_liquido,Peso líquido mensal total das importações brasileiras.,False,,mensal,mensal
2013-08-31,Comex Stat/MDIC,comex_importacoes_kg,comercio_exterior,13528448309,importacao,metricKG,kg líquido,peso_liquido,Peso líquido mensal total das importações brasileiras.,False,,mensal,mensal
2013-09-30,Comex Stat/MDIC,comex_importacoes_kg,comercio_exterior,12166023340,importacao,metricKG,kg líquido,peso_liquido,Peso líquido mensal total das importações brasileiras.,False,,mensal,mensal
2013-10-31,Comex Stat/MDIC,comex_importacoes_kg,comercio_exterior,15633515625,importacao,metricKG,kg líquido,peso_liquido,Peso líquido mensal total das importações brasileiras.,False,,mensal,mensal
2013-11-30,Comex Stat/MDIC,comex_importacoes_kg,comercio_exterior,12860783816,importacao,metricKG,kg líquido,peso_liquido,Peso líquido mensal total das importações brasileiras.,False,,mensal,mensal
2013-12-31,Comex Stat/MDIC,comex_importacoes_kg,comercio_exterior,12372382151,importacao,metricKG,kg líquido,peso_liquido,Peso líquido mensal total das importações brasileiras.,False,,mensal,mensal
2014-01-31,Comex Stat/MDIC,comex_importacoes_kg,comercio_exterior,13660911301,importacao,metricKG,kg líquido,peso_liquido,Peso líquido mensal total das importações brasileiras.,False,,mensal,mensal
2014-02-28,Comex Stat/MDIC,comex_importacoes_kg,comercio_exterior,12441821037,importacao,metricKG,kg líquido,peso_liquido,Peso líquido mensal total das importações brasileiras.,False,,mensal,mensal
2014-03-31,Comex Stat/MDIC,comex_importacoes_kg,comercio_exterior,10824189606,importacao,metricKG,kg líquido,peso_liquido,Peso líquido mensal total das importações brasileiras.,False,,mensal,mensal
2014-04-30,Comex Stat/MDIC,comex_importacoes_kg,comercio_exterior,13952992911,importacao,metricKG,kg líquido,peso_liquido,Peso líquido mensal total das importações brasileiras.,False,,mensal,mensal
2014-05-31,Comex Stat/MDIC,comex_importacoes_kg,comercio_exterior,15229084663,importacao,metricKG,kg líquido,peso_liquido,Peso líquido mensal total das importações brasileiras.,False,,mensal,mensal
2014-06-30,Comex Stat/MDIC,comex_importacoes_kg,comercio_exterior,12747273829,importacao,metricKG,kg líquido,peso_liquido,Peso líquido mensal total das importações brasileiras.,False,,mensal,mensal
2014-07-31,Comex Stat/MDIC,comex_importacoes_kg,comercio_exterior,15766157059,importacao,metricKG,kg líquido,peso_liquido,Peso líquido mensal total das importações brasileiras.,False,,mensal,mensal
2014-08-31,Comex Stat/MDIC,comex_importacoes_kg,comercio_exterior,14269244664,importacao,metricKG,kg líquido,peso_liquido,Peso líquido mensal total das importações brasileiras.,False,,mensal,mensal
2014-09-30,Comex Stat/MDIC,comex_importacoes_kg,comercio_exterior,14956665121,importacao,metricKG,kg líquido,peso_liquido,Peso líquido mensal total das importações brasileiras.,False,,mensal,mensal
2014-10-31,Comex Stat/MDIC,comex_importacoes_kg,comercio_exterior,13649107252,importacao,metricKG,kg líquido,peso_liquido,Peso líquido mensal total das importações brasileiras.,False,,mensal,mensal
2014-11-30,Comex Stat/MDIC,comex_importacoes_kg,comercio_exterior,13869510061,importacao,metricKG,kg líquido,peso_liquido,Peso líquido mensal total das importações brasileiras.,False,,mensal,mensal
2014-12-31,Comex Stat/MDIC,comex_importacoes_kg,comercio_exterior,13917942655,importacao,metricKG,kg líquido,peso_liquido,Peso líquido mensal total das importações brasileiras.,False,,mensal,mensal
2015-01-31,Comex Stat/MDIC,comex_importacoes_kg,comercio_exterior,12664998934,importacao,metricKG,kg líquido,peso_liquido,Peso líquido mensal total das importações brasileiras.,False,,mensal,mensal
2015-02-28,Comex Stat/MDIC,comex_importacoes_kg,comercio_exterior,12204506081,importacao,metricKG,kg líquido,peso_liquido,Peso líquido mensal total das importações brasileiras.,False,,mensal,mensal
2015-03-31,Comex Stat/MDIC,comex_importacoes_kg,comercio_exterior,13365634087,importacao,metricKG,kg líquido,peso_liquido,Peso líquido mensal total das importações brasileiras.,False,,mensal,mensal
2015-04-30,Comex Stat/MDIC,comex_importacoes_kg,comercio_exterior,12029407642,importacao,metricKG,kg líquido,peso_liquido,Peso líquido mensal total das importações brasileiras.,False,,mensal,mensal
2015-05-31,Comex Stat/MDIC,comex_importacoes_kg,comercio_exterior,12081159850,importacao,metricKG,kg líquido,peso_liquido,Peso líquido mensal total das importações brasileiras.,False,,mensal,mensal
2015-06-30,Comex Stat/MDIC,comex_importacoes_kg,comercio_exterior,13131696553,importacao,metricKG,kg líquido,peso_liquido,Peso líquido mensal total das importações brasileiras.,False,,mensal,mensal
2015-07-31,Comex Stat/MDIC,comex_importacoes_kg,comercio_exterior,13385774497,importacao,metricKG,kg líquido,peso_liquido,Peso líquido mensal total das importações brasileiras.,False,,mensal,mensal
2015-08-31,Comex Stat/MDIC,comex_importacoes_kg,comercio_exterior,9141042957,importacao,metricKG,kg líquido,peso_liquido,Peso líquido mensal total das importações brasileiras.,False,,mensal,mensal
2015-09-30,Comex Stat/MDIC,comex_importacoes_kg,comercio_exterior,11335804403,importacao,metricKG,kg líquido,peso_liquido,Peso líquido mensal total das importações brasileiras.,False,,mensal,mensal
2015-10-31,Comex Stat/MDIC,comex_importacoes_kg,comercio_exterior,13289292379,importacao,metricKG,kg líquido,peso_liquido,Peso líquido mensal total das importações brasileiras.,False,,mensal,mensal
2015-11-30,Comex Stat/MDIC,comex_importacoes_kg,comercio_exterior,12960968046,importacao,metricKG,kg líquido,peso_liquido,Peso líquido mensal total das importações brasileiras.,False,,mensal,mensal
2015-12-31,Comex Stat/MDIC,comex_importacoes_kg,comercio_exterior,10880616653,importacao,metricKG,kg líquido,peso_liquido,Peso líquido mensal total das importações brasileiras.,False,,mensal,mensal
2016-01-31,Comex Stat/MDIC,comex_importacoes_kg,comercio_exterior,9761700971,importacao,metricKG,kg líquido,peso_liquido,Peso líquido mensal total das importações brasileiras.,False,,mensal,mensal
2016-02-29,Comex Stat/MDIC,comex_importacoes_kg,comercio_exterior,10887058502,importacao,metricKG,kg líquido,peso_liquido,Peso líquido mensal total das importações brasileiras.,False,,mensal,mensal
2016-03-31,Comex Stat/MDIC,comex_importacoes_kg,comercio_exterior,12202174363,importacao,metricKG,kg líquido,peso_liquido,Peso líquido mensal total das importações brasileiras.,False,,mensal,mensal
2016-04-30,Comex Stat/MDIC,comex_importacoes_kg,comercio_exterior,11406122335,importacao,metricKG,kg líquido,peso_liquido,Peso líquido mensal total das importações brasileiras.,False,,mensal,mensal
2016-05-31,Comex Stat/MDIC,comex_importacoes_kg,comercio_exterior,11058687209,importacao,metricKG,kg líquido,peso_liquido,Peso líquido mensal total das importações brasileiras.,False,,mensal,mensal
2016-06-30,Comex Stat/MDIC,comex_importacoes_kg,comercio_exterior,12041648413,importacao,metricKG,kg líquido,peso_liquido,Peso líquido mensal total das importações brasileiras.,False,,mensal,mensal
2016-07-31,Comex Stat/MDIC,comex_importacoes_kg,comercio_exterior,11250327172,importacao,metricKG,kg líquido,peso_liquido,Peso líquido mensal total das importações brasileiras.,False,,mensal,mensal
2016-08-31,Comex Stat/MDIC,comex_importacoes_kg,comercio_exterior,12812609963,importacao,metricKG,kg líquido,peso_liquido,Peso líquido mensal total das importações brasileiras.,False,,mensal,mensal
2016-09-30,Comex Stat/MDIC,comex_importacoes_kg,comercio_exterior,12899762154,importacao,metricKG,kg líquido,peso_liquido,Peso líquido mensal total das importações brasileiras.,False,,mensal,mensal
2016-10-31,Comex Stat/MDIC,comex_importacoes_kg,comercio_exterior,10487351367,importacao,metricKG,kg líquido,peso_liquido,Peso líquido mensal total das importações brasileiras.,False,,mensal,mensal
2016-11-30,Comex Stat/MDIC,comex_importacoes_kg,comercio_exterior,11249076992,importacao,metricKG,kg líquido,peso_liquido,Peso líquido mensal total das importações brasileiras.,False,,mensal,mensal
2016-12-31,Comex Stat/MDIC,comex_importacoes_kg,comercio_exterior,12355821743,importacao,metricKG,kg líquido,peso_liquido,Peso líquido mensal total das importações brasileiras.,False,,mensal,mensal
2017-01-31,Comex Stat/MDIC,comex_importacoes_kg,comercio_exterior,12733070437,importacao,metricKG,kg líquido,peso_liquido,Peso líquido mensal total das importações brasileiras.,False,,mensal,mensal
2017-02-28,Comex Stat/MDIC,comex_importacoes_kg,comercio_exterior,11850354601,importacao,metricKG,kg líquido,peso_liquido,Peso líquido mensal total das importações brasileiras.,False,,mensal,mensal
2017-03-31,Comex Stat/MDIC,comex_importacoes_kg,comercio_exterior,13176710844,importacao,metricKG,kg líquido,peso_liquido,Peso líquido mensal total das importações brasileiras.,False,,mensal,mensal
2017-04-30,Comex Stat/MDIC,comex_importacoes_kg,comercio_exterior,10636756261,importacao,metricKG,kg líquido,peso_liquido,Peso líquido mensal total das importações brasileiras.,False,,mensal,mensal
2017-05-31,Comex Stat/MDIC,comex_importacoes_kg,comercio_exterior,11594735872,importacao,metricKG,kg líquido,peso_liquido,Peso líquido mensal total das importações brasileiras.,False,,mensal,mensal
2017-06-30,Comex Stat/MDIC,comex_importacoes_kg,comercio_exterior,13190158217,importacao,metricKG,kg líquido,peso_liquido,Peso líquido mensal total das importações brasileiras.,False,,mensal,mensal
2017-07-31,Comex Stat/MDIC,comex_importacoes_kg,comercio_exterior,12677443064,importacao,metricKG,kg líquido,peso_liquido,Peso líquido mensal total das importações brasileiras.,False,,mensal,mensal
2017-08-31,Comex Stat/MDIC,comex_importacoes_kg,comercio_exterior,13258081523,importacao,metricKG,kg líquido,peso_liquido,Peso líquido mensal total das importações brasileiras.,False,,mensal,mensal
2017-09-30,Comex Stat/MDIC,comex_importacoes_kg,comercio_exterior,12403342249,importacao,metricKG,kg líquido,peso_liquido,Peso líquido mensal total das importações brasileiras.,False,,mensal,mensal
2017-10-31,Comex Stat/MDIC,comex_importacoes_kg,comercio_exterior,11862917777,importacao,metricKG,kg líquido,peso_liquido,Peso líquido mensal total das importações brasileiras.,False,,mensal,mensal
2017-11-30,Comex Stat/MDIC,comex_importacoes_kg,comercio_exterior,11552356277,importacao,metricKG,kg líquido,peso_liquido,Peso líquido mensal total das importações brasileiras.,False,,mensal,mensal
2017-12-31,Comex Stat/MDIC,comex_importacoes_kg,comercio_exterior,12441477270,importacao,metricKG,kg líquido,peso_liquido,Peso líquido mensal total das importações brasileiras.,False,,mensal,mensal
2018-01-31,Comex Stat/MDIC,comex_importacoes_kg,comercio_exterior,12823570980,importacao,metricKG,kg líquido,peso_liquido,Peso líquido mensal total das importações brasileiras.,False,,mensal,mensal
2018-02-28,Comex Stat/MDIC,comex_importacoes_kg,comercio_exterior,10896802699,importacao,metricKG,kg líquido,peso_liquido,Peso líquido mensal total das importações brasileiras.,False,,mensal,mensal
2018-03-31,Comex Stat/MDIC,comex_importacoes_kg,comercio_exterior,11514281815,importacao,metricKG,kg líquido,peso_liquido,Peso líquido mensal total das importações brasileiras.,False,,mensal,mensal
2018-04-30,Comex Stat/MDIC,comex_importacoes_kg,comercio_exterior,11603715386,importacao,metricKG,kg líquido,peso_liquido,Peso líquido mensal total das importações brasileiras.,False,,mensal,mensal
2018-05-31,Comex Stat/MDIC,comex_importacoes_kg,comercio_exterior,11169647643,importacao,metricKG,kg líquido,peso_liquido,Peso líquido mensal total das importações brasileiras.,False,,mensal,mensal
2018-06-30,Comex Stat/MDIC,comex_importacoes_kg,comercio_exterior,11405695591,importacao,metricKG,kg líquido,peso_liquido,Peso líquido mensal total das importações brasileiras.,False,,mensal,mensal
2018-07-31,Comex Stat/MDIC,comex_importacoes_kg,comercio_exterior,13339030378,importacao,metricKG,kg líquido,peso_liquido,Peso líquido mensal total das importações brasileiras.,False,,mensal,mensal
2018-08-31,Comex Stat/MDIC,comex_importacoes_kg,comercio_exterior,15683308626,importacao,metricKG,kg líquido,peso_liquido,Peso líquido mensal total das importações brasileiras.,False,,mensal,mensal
2018-09-30,Comex Stat/MDIC,comex_importacoes_kg,comercio_exterior,12749583216,importacao,metricKG,kg líquido,peso_liquido,Peso líquido mensal total das importações brasileiras.,False,,mensal,mensal
2018-10-31,Comex Stat/MDIC,comex_importacoes_kg,comercio_exterior,13692685548,importacao,metricKG,kg líquido,peso_liquido,Peso líquido mensal total das importações brasileiras.,False,,mensal,mensal
2018-11-30,Comex Stat/MDIC,comex_importacoes_kg,comercio_exterior,13144979815,importacao,metricKG,kg líquido,peso_liquido,Peso líquido mensal total das importações brasileiras.,False,,mensal,mensal
2018-12-31,Comex Stat/MDIC,comex_importacoes_kg,comercio_exterior,13369166570,importacao,metricKG,kg líquido,peso_liquido,Peso líquido mensal total das importações brasileiras.,False,,mensal,mensal
2019-01-31,Comex Stat/MDIC,comex_importacoes_kg,comercio_exterior,12993726456,importacao,metricKG,kg líquido,peso_liquido,Peso líquido mensal total das importações brasileiras.,False,,mensal,mensal
2019-02-28,Comex Stat/MDIC,comex_importacoes_kg,comercio_exterior,11478969624,importacao,metricKG,kg líquido,peso_liquido,Peso líquido mensal total das importações brasileiras.,False,,mensal,mensal
2019-03-31,Comex Stat/MDIC,comex_importacoes_kg,comercio_exterior,11431939832,importacao,metricKG,kg líquido,peso_liquido,Peso líquido mensal total das importações brasileiras.,False,,mensal,mensal
2019-04-30,Comex Stat/MDIC,comex_importacoes_kg,comercio_exterior,11253919701,importacao,metricKG,kg líquido,peso_liquido,Peso líquido mensal total das importações brasileiras.,False,,mensal,mensal
2019-05-31,Comex Stat/MDIC,comex_importacoes_kg,comercio_exterior,13088174635,importacao,metricKG,kg líquido,peso_liquido,Peso líquido mensal total das importações brasileiras.,False,,mensal,mensal
2019-06-30,Comex Stat/MDIC,comex_importacoes_kg,comercio_exterior,10953338814,importacao,metricKG,kg líquido,peso_liquido,Peso líquido mensal total das importações brasileiras.,False,,mensal,mensal
2019-07-31,Comex Stat/MDIC,comex_importacoes_kg,comercio_exterior,15220775592,importacao,metricKG,kg líquido,peso_liquido,Peso líquido mensal total das importações brasileiras.,False,,mensal,mensal
2019-08-31,Comex Stat/MDIC,comex_importacoes_kg,comercio_exterior,13933759377,importacao,metricKG,kg líquido,peso_liquido,Peso líquido mensal total das importações brasileiras.,False,,mensal,mensal
2019-09-30,Comex Stat/MDIC,comex_importacoes_kg,comercio_exterior,12969536424,importacao,metricKG,kg líquido,peso_liquido,Peso líquido mensal total das importações brasileiras.,False,,mensal,mensal
2019-10-31,Comex Stat/MDIC,comex_importacoes_kg,comercio_exterior,13895404196,importacao,metricKG,kg líquido,peso_liquido,Peso líquido mensal total das importações brasileiras.,False,,mensal,mensal
2019-11-30,Comex Stat/MDIC,comex_importacoes_kg,comercio_exterior,13310089917,importacao,metricKG,kg líquido,peso_liquido,Peso líquido mensal total das importações brasileiras.,False,,mensal,mensal
2019-12-31,Comex Stat/MDIC,comex_importacoes_kg,comercio_exterior,12875087827,importacao,metricKG,kg líquido,peso_liquido,Peso líquido mensal total das importações brasileiras.,False,,mensal,mensal
2020-01-31,Comex Stat/MDIC,comex_importacoes_kg,comercio_exterior,12206525099,importacao,metricKG,kg líquido,peso_liquido,Peso líquido mensal total das importações brasileiras.,False,,mensal,mensal
2020-02-29,Comex Stat/MDIC,comex_importacoes_kg,comercio_exterior,10987648835,importacao,metricKG,kg líquido,peso_liquido,Peso líquido mensal total das importações brasileiras.,False,,mensal,mensal
2020-03-31,Comex Stat/MDIC,comex_importacoes_kg,comercio_exterior,12846278776,importacao,metricKG,kg líquido,peso_liquido,Peso líquido mensal total das importações brasileiras.,False,,mensal,mensal
2020-04-30,Comex Stat/MDIC,comex_importacoes_kg,comercio_exterior,12322663734,importacao,metricKG,kg líquido,peso_liquido,Peso líquido mensal total das importações brasileiras.,False,,mensal,mensal
2020-05-31,Comex Stat/MDIC,comex_importacoes_kg,comercio_exterior,11227644734,importacao,metricKG,kg líquido,peso_liquido,Peso líquido mensal total das importações brasileiras.,False,,mensal,mensal
2020-06-30,Comex Stat/MDIC,comex_importacoes_kg,comercio_exterior,11222057649,importacao,metricKG,kg líquido,peso_liquido,Peso líquido mensal total das importações brasileiras.,False,,mensal,mensal
2020-07-31,Comex Stat/MDIC,comex_importacoes_kg,comercio_exterior,10926569247,importacao,metricKG,kg líquido,peso_liquido,Peso líquido mensal total das importações brasileiras.,False,,mensal,mensal
2020-08-31,Comex Stat/MDIC,comex_importacoes_kg,comercio_exterior,10927114628,importacao,metricKG,kg líquido,peso_liquido,Peso líquido mensal total das importações brasileiras.,False,,mensal,mensal
2020-09-30,Comex Stat/MDIC,comex_importacoes_kg,comercio_exterior,12310892647,importacao,metricKG,kg líquido,peso_liquido,Peso líquido mensal total das importações brasileiras.,False,,mensal,mensal
2020-10-31,Comex Stat/MDIC,comex_importacoes_kg,comercio_exterior,12447483366,importacao,metricKG,kg líquido,peso_liquido,Peso líquido mensal total das importações brasileiras.,False,,mensal,mensal
2020-11-30,Comex Stat/MDIC,comex_importacoes_kg,comercio_exterior,13818142424,importacao,metricKG,kg líquido,peso_liquido,Peso líquido mensal total das importações brasileiras.,False,,mensal,mensal
2020-12-31,Comex Stat/MDIC,comex_importacoes_kg,comercio_exterior,12736846905,importacao,metricKG,kg líquido,peso_liquido,Peso líquido mensal total das importações brasileiras.,False,,mensal,mensal
2021-01-31,Comex Stat/MDIC,comex_importacoes_kg,comercio_exterior,13368077835,importacao,metricKG,kg líquido,peso_liquido,Peso líquido mensal total das importações brasileiras.,False,,mensal,mensal
2021-02-28,Comex Stat/MDIC,comex_importacoes_kg,comercio_exterior,13605387973,importacao,metricKG,kg líquido,peso_liquido,Peso líquido mensal total das importações brasileiras.,False,,mensal,mensal
2021-03-31,Comex Stat/MDIC,comex_importacoes_kg,comercio_exterior,14890217804,importacao,metricKG,kg líquido,peso_liquido,Peso líquido mensal total das importações brasileiras.,False,,mensal,mensal
2021-04-30,Comex Stat/MDIC,comex_importacoes_kg,comercio_exterior,13657901095,importacao,metricKG,kg líquido,peso_liquido,Peso líquido mensal total das importações brasileiras.,False,,mensal,mensal
2021-05-31,Comex Stat/MDIC,comex_importacoes_kg,comercio_exterior,14533347651,importacao,metricKG,kg líquido,peso_liquido,Peso líquido mensal total das importações brasileiras.,False,,mensal,mensal
2021-06-30,Comex Stat/MDIC,comex_importacoes_kg,comercio_exterior,14985140683,importacao,metricKG,kg líquido,peso_liquido,Peso líquido mensal total das importações brasileiras.,False,,mensal,mensal
2021-07-31,Comex Stat/MDIC,comex_importacoes_kg,comercio_exterior,14851657336,importacao,metricKG,kg líquido,peso_liquido,Peso líquido mensal total das importações brasileiras.,False,,mensal,mensal
2021-08-31,Comex Stat/MDIC,comex_importacoes_kg,comercio_exterior,16445839307,importacao,metricKG,kg líquido,peso_liquido,Peso líquido mensal total das importações brasileiras.,False,,mensal,mensal
2021-09-30,Comex Stat/MDIC,comex_importacoes_kg,comercio_exterior,15566378468,importacao,metricKG,kg líquido,peso_liquido,Peso líquido mensal total das importações brasileiras.,False,,mensal,mensal
2021-10-31,Comex Stat/MDIC,comex_importacoes_kg,comercio_exterior,16101983772,importacao,metricKG,kg líquido,peso_liquido,Peso líquido mensal total das importações brasileiras.,False,,mensal,mensal
2021-11-30,Comex Stat/MDIC,comex_importacoes_kg,comercio_exterior,16710687536,importacao,metricKG,kg líquido,peso_liquido,Peso líquido mensal total das importações brasileiras.,False,,mensal,mensal
2021-12-31,Comex Stat/MDIC,comex_importacoes_kg,comercio_exterior,13694107080,importacao,metricKG,kg líquido,peso_liquido,Peso líquido mensal total das importações brasileiras.,False,,mensal,mensal
2022-01-31,Comex Stat/MDIC,comex_importacoes_kg,comercio_exterior,13967568680,importacao,metricKG,kg líquido,peso_liquido,Peso líquido mensal total das importações brasileiras.,False,,mensal,mensal
2022-02-28,Comex Stat/MDIC,comex_importacoes_kg,comercio_exterior,12462239195,importacao,metricKG,kg líquido,peso_liquido,Peso líquido mensal total das importações brasileiras.,False,,mensal,mensal
2022-03-31,Comex Stat/MDIC,comex_importacoes_kg,comercio_exterior,13475208427,importacao,metricKG,kg líquido,peso_liquido,Peso líquido mensal total das importações brasileiras.,False,,mensal,mensal
2022-04-30,Comex Stat/MDIC,comex_importacoes_kg,comercio_exterior,13563809450,importacao,metricKG,kg líquido,peso_liquido,Peso líquido mensal total das importações brasileiras.,False,,mensal,mensal
2022-05-31,Comex Stat/MDIC,comex_importacoes_kg,comercio_exterior,16018374427,importacao,metricKG,kg líquido,peso_liquido,Peso líquido mensal total das importações brasileiras.,False,,mensal,mensal
2022-06-30,Comex Stat/MDIC,comex_importacoes_kg,comercio_exterior,15593453730,importacao,metricKG,kg líquido,peso_liquido,Peso líquido mensal total das importações brasileiras.,False,,mensal,mensal
2022-07-31,Comex Stat/MDIC,comex_importacoes_kg,comercio_exterior,16170536729,importacao,metricKG,kg líquido,peso_liquido,Peso líquido mensal total das importações brasileiras.,False,,mensal,mensal
2022-08-31,Comex Stat/MDIC,comex_importacoes_kg,comercio_exterior,15482883703,importacao,metricKG,kg líquido,peso_liquido,Peso líquido mensal total das importações brasileiras.,False,,mensal,mensal
2022-09-30,Comex Stat/MDIC,comex_importacoes_kg,comercio_exterior,14890498962,importacao,metricKG,kg líquido,peso_liquido,Peso líquido mensal total das importações brasileiras.,False,,mensal,mensal
2022-10-31,Comex Stat/MDIC,comex_importacoes_kg,comercio_exterior,13936769136,importacao,metricKG,kg líquido,peso_liquido,Peso líquido mensal total das importações brasileiras.,False,,mensal,mensal
2022-11-30,Comex Stat/MDIC,comex_importacoes_kg,comercio_exterior,12473038085,importacao,metricKG,kg líquido,peso_liquido,Peso líquido mensal total das importações brasileiras.,False,,mensal,mensal
2022-12-31,Comex Stat/MDIC,comex_importacoes_kg,comercio_exterior,15450491904,importacao,metricKG,kg líquido,peso_liquido,Peso líquido mensal total das importações brasileiras.,False,,mensal,mensal
2023-01-31,Comex Stat/MDIC,comex_importacoes_kg,comercio_exterior,13215465869,importacao,metricKG,kg líquido,peso_liquido,Peso líquido mensal total das importações brasileiras.,False,,mensal,mensal
2023-02-28,Comex Stat/MDIC,comex_importacoes_kg,comercio_exterior,11878077346,importacao,metricKG,kg líquido,peso_liquido,Peso líquido mensal total das importações brasileiras.,False,,mensal,mensal
2023-03-31,Comex Stat/MDIC,comex_importacoes_kg,comercio_exterior,14277808043,importacao,metricKG,kg líquido,peso_liquido,Peso líquido mensal total das importações brasileiras.,False,,mensal,mensal
2023-04-30,Comex Stat/MDIC,comex_importacoes_kg,comercio_exterior,13202287800,importacao,metricKG,kg líquido,peso_liquido,Peso líquido mensal total das importações brasileiras.,False,,mensal,mensal
2023-05-31,Comex Stat/MDIC,comex_importacoes_kg,comercio_exterior,15461491701,importacao,metricKG,kg líquido,peso_liquido,Peso líquido mensal total das importações brasileiras.,False,,mensal,mensal
2023-06-30,Comex Stat/MDIC,comex_importacoes_kg,comercio_exterior,13612886762,importacao,metricKG,kg líquido,peso_liquido,Peso líquido mensal total das importações brasileiras.,False,,mensal,mensal
2023-07-31,Comex Stat/MDIC,comex_importacoes_kg,comercio_exterior,15160708508,importacao,metricKG,kg líquido,peso_liquido,Peso líquido mensal total das importações brasileiras.,False,,mensal,mensal
2023-08-31,Comex Stat/MDIC,comex_importacoes_kg,comercio_exterior,15078065196,importacao,metricKG,kg líquido,peso_liquido,Peso líquido mensal total das importações brasileiras.,False,,mensal,mensal
2023-09-30,Comex Stat/MDIC,comex_importacoes_kg,comercio_exterior,14189698881,importacao,metricKG,kg líquido,peso_liquido,Peso líquido mensal total das importações brasileiras.,False,,mensal,mensal
2023-10-31,Comex Stat/MDIC,comex_importacoes_kg,comercio_exterior,15766463381,importacao,metricKG,kg líquido,peso_liquido,Peso líquido mensal total das importações brasileiras.,False,,mensal,mensal
2023-11-30,Comex Stat/MDIC,comex_importacoes_kg,comercio_exterior,13477320531,importacao,metricKG,kg líquido,peso_liquido,Peso líquido mensal total das importações brasileiras.,False,,mensal,mensal
2023-12-31,Comex Stat/MDIC,comex_importacoes_kg,comercio_exterior,14032438972,importacao,metricKG,kg líquido,peso_liquido,Peso líquido mensal total das importações brasileiras.,False,,mensal,mensal
2024-01-31,Comex Stat/MDIC,comex_importacoes_kg,comercio_exterior,14271017741,importacao,metricKG,kg líquido,peso_liquido,Peso líquido mensal total das importações brasileiras.,False,,mensal,mensal
2024-02-29,Comex Stat/MDIC,comex_importacoes_kg,comercio_exterior,11934058507,importacao,metricKG,kg líquido,peso_liquido,Peso líquido mensal total das importações brasileiras.,False,,mensal,mensal
2024-03-31,Comex Stat/MDIC,comex_importacoes_kg,comercio_exterior,14131530601,importacao,metricKG,kg líquido,peso_liquido,Peso líquido mensal total das importações brasileiras.,False,,mensal,mensal
2024-04-30,Comex Stat/MDIC,comex_importacoes_kg,comercio_exterior,14996217579,importacao,metricKG,kg líquido,peso_liquido,Peso líquido mensal total das importações brasileiras.,False,,mensal,mensal
2024-05-31,Comex Stat/MDIC,comex_importacoes_kg,comercio_exterior,15314763004,importacao,metricKG,kg líquido,peso_liquido,Peso líquido mensal total das importações brasileiras.,False,,mensal,mensal
2024-06-30,Comex Stat/MDIC,comex_importacoes_kg,comercio_exterior,15987102494,importacao,metricKG,kg líquido,peso_liquido,Peso líquido mensal total das importações brasileiras.,False,,mensal,mensal
2024-07-31,Comex Stat/MDIC,comex_importacoes_kg,comercio_exterior,16852324457,importacao,metricKG,kg líquido,peso_liquido,Peso líquido mensal total das importações brasileiras.,False,,mensal,mensal
2024-08-31,Comex Stat/MDIC,comex_importacoes_kg,comercio_exterior,17627190679,importacao,metricKG,kg líquido,peso_liquido,Peso líquido mensal total das importações brasileiras.,False,,mensal,mensal
2024-09-30,Comex Stat/MDIC,comex_importacoes_kg,comercio_exterior,17357163569,importacao,metricKG,kg líquido,peso_liquido,Peso líquido mensal total das importações brasileiras.,False,,mensal,mensal
2024-10-31,Comex Stat/MDIC,comex_importacoes_kg,comercio_exterior,18626111446,importacao,metricKG,kg líquido,peso_liquido,Peso líquido mensal total das importações brasileiras.,False,,mensal,mensal
2024-11-30,Comex Stat/MDIC,comex_importacoes_kg,comercio_exterior,14525738297,importacao,metricKG,kg líquido,peso_liquido,Peso líquido mensal total das importações brasileiras.,False,,mensal,mensal
2024-12-31,Comex Stat/MDIC,comex_importacoes_kg,comercio_exterior,13501243766,importacao,metricKG,kg líquido,peso_liquido,Peso líquido mensal total das importações brasileiras.,False,,mensal,mensal
2025-01-31,Comex Stat/MDIC,comex_importacoes_kg,comercio_exterior,15528918531,importacao,metricKG,kg líquido,peso_liquido,Peso líquido mensal total das importações brasileiras.,False,,mensal,mensal
2025-02-28,Comex Stat/MDIC,comex_importacoes_kg,comercio_exterior,12973124624,importacao,metricKG,kg líquido,peso_liquido,Peso líquido mensal total das importações brasileiras.,False,,mensal,mensal
2025-03-31,Comex Stat/MDIC,comex_importacoes_kg,comercio_exterior,13552151392,importacao,metricKG,kg líquido,peso_liquido,Peso líquido mensal total das importações brasileiras.,False,,mensal,mensal
2025-04-30,Comex Stat/MDIC,comex_importacoes_kg,comercio_exterior,15468363520,importacao,metricKG,kg líquido,peso_liquido,Peso líquido mensal total das importações brasileiras.,False,,mensal,mensal
2025-05-31,Comex Stat/MDIC,comex_importacoes_kg,comercio_exterior,15344449184,importacao,metricKG,kg líquido,peso_liquido,Peso líquido mensal total das importações brasileiras.,False,,mensal,mensal
2025-06-30,Comex Stat/MDIC,comex_importacoes_kg,comercio_exterior,15016038003,importacao,metricKG,kg líquido,peso_liquido,Peso líquido mensal total das importações brasileiras.,False,,mensal,mensal
2025-07-31,Comex Stat/MDIC,comex_importacoes_kg,comercio_exterior,17140340187,importacao,metricKG,kg líquido,peso_liquido,Peso líquido mensal total das importações brasileiras.,False,,mensal,mensal
2025-08-31,Comex Stat/MDIC,comex_importacoes_kg,comercio_exterior,16785444660,importacao,metricKG,kg líquido,peso_liquido,Peso líquido mensal total das importações brasileiras.,False,,mensal,mensal
2025-09-30,Comex Stat/MDIC,comex_importacoes_kg,comercio_exterior,17057560731,importacao,metricKG,kg líquido,peso_liquido,Peso líquido mensal total das importações brasileiras.,False,,mensal,mensal
2025-10-31,Comex Stat/MDIC,comex_importacoes_kg,comercio_exterior,17463010828,importacao,metricKG,kg líquido,peso_liquido,Peso líquido mensal total das importações brasileiras.,False,,mensal,mensal
2025-11-30,Comex Stat/MDIC,comex_importacoes_kg,comercio_exterior,14442750743,importacao,metricKG,kg líquido,peso_liquido,Peso líquido mensal total das importações brasileiras.,False,,mensal,mensal
2025-12-31,Comex Stat/MDIC,comex_importacoes_kg,comercio_exterior,16102323647,importacao,metricKG,kg líquido,peso_liquido,Peso líquido mensal total das importações brasileiras.,False,,mensal,mensal
2026-01-31,Comex Stat/MDIC,comex_importacoes_kg,comercio_exterior,14315306356,importacao,metricKG,kg líquido,peso_liquido,Peso líquido mensal total das importações brasileiras.,False,,mensal,mensal
2026-02-28,Comex Stat/MDIC,comex_importacoes_kg,comercio_exterior,13059952654,importacao,metricKG,kg líquido,peso_liquido,Peso líquido mensal total das importações brasileiras.,False,,mensal,mensal
2026-03-31,Comex Stat/MDIC,comex_importacoes_kg,comercio_exterior,15883329662,importacao,metricKG,kg líquido,peso_liquido,Peso líquido mensal total das importações brasileiras.,False,,mensal,mensal
2026-04-30,Comex Stat/MDIC,comex_importacoes_kg,comercio_exterior,14068303977,importacao,metricKG,kg líquido,peso_liquido,Peso líquido mensal total das importações brasileiras.,False,,mensal,mensal
2026-05-31,Comex Stat/MDIC,comex_importacoes_kg,comercio_exterior,14126830781,importacao,metricKG,kg líquido,peso_liquido,Peso líquido mensal total das importações brasileiras.,False,,mensal,mensal
2026-06-30,Comex Stat/MDIC,comex_importacoes_kg,comercio_exterior,14024278044,importacao,metricKG,kg líquido,peso_liquido,Peso líquido mensal total das importações brasileiras.,False,,mensal,mensal
2026-07-31,Comex Stat/MDIC,comex_importacoes_kg,comercio_exterior,16655220670,importacao,metricKG,kg líquido,peso_liquido,Peso líquido mensal total das importações brasileiras.,False,,mensal,mensal
2026-08-31,Comex Stat/MDIC,comex_importacoes_kg,comercio_exterior,14073182023,importacao,metricKG,kg líquido,peso_liquido,Peso líquido mensal total das importações brasileiras.,False,,mensal,mensal
1997-01-31,Comex Stat/MDIC,comex_importacoes_seguro_usd,comercio_exterior,7008789,importacao,metricInsurance,US$,valor_monetario,Valor mensal total do seguro das importações brasileiras.,False,,mensal,mensal
1997-02-28,Comex Stat/MDIC,comex_importacoes_seguro_usd,comercio_exterior,9779987,importacao,metricInsurance,US$,valor_monetario,Valor mensal total do seguro das importações brasileiras.,False,,mensal,mensal
1997-03-31,Comex Stat/MDIC,comex_importacoes_seguro_usd,comercio_exterior,10361488,importacao,metricInsurance,US$,valor_monetario,Valor mensal total do seguro das importações brasileiras.,False,,mensal,mensal
1997-04-30,Comex Stat/MDIC,comex_importacoes_seguro_usd,comercio_exterior,11899885,importacao,metricInsurance,US$,valor_monetario,Valor mensal total do seguro das importações brasileiras.,False,,mensal,mensal
1997-05-31,Comex Stat/MDIC,comex_importacoes_seguro_usd,comercio_exterior,10794486,importacao,metricInsurance,US$,valor_monetario,Valor mensal total do seguro das importações brasileiras.,False,,mensal,mensal
1997-06-30,Comex Stat/MDIC,comex_importacoes_seguro_usd,comercio_exterior,11046623,importacao,metricInsurance,US$,valor_monetario,Valor mensal total do seguro das importações brasileiras.,False,,mensal,mensal
1997-07-31,Comex Stat/MDIC,comex_importacoes_seguro_usd,comercio_exterior,12033773,importacao,metricInsurance,US$,valor_monetario,Valor mensal total do seguro das importações brasileiras.,False,,mensal,mensal
1997-08-31,Comex Stat/MDIC,comex_importacoes_seguro_usd,comercio_exterior,12868642,importacao,metricInsurance,US$,valor_monetario,Valor mensal total do seguro das importações brasileiras.,False,,mensal,mensal
1997-09-30,Comex Stat/MDIC,comex_importacoes_seguro_usd,comercio_exterior,11751918,importacao,metricInsurance,US$,valor_monetario,Valor mensal total do seguro das importações brasileiras.,False,,mensal,mensal
1997-10-31,Comex Stat/MDIC,comex_importacoes_seguro_usd,comercio_exterior,15753417,importacao,metricInsurance,US$,valor_monetario,Valor mensal total do seguro das importações brasileiras.,False,,mensal,mensal
1997-11-30,Comex Stat/MDIC,comex_importacoes_seguro_usd,comercio_exterior,11290289,importacao,metricInsurance,US$,valor_monetario,Valor mensal total do seguro das importações brasileiras.,False,,mensal,mensal
1997-12-31,Comex Stat/MDIC,comex_importacoes_seguro_usd,comercio_exterior,12916703,importacao,metricInsurance,US$,valor_monetario,Valor mensal total do seguro das importações brasileiras.,False,,mensal,mensal
1998-01-31,Comex Stat/MDIC,comex_importacoes_seguro_usd,comercio_exterior,11246725,importacao,metricInsurance,US$,valor_monetario,Valor mensal total do seguro das importações brasileiras.,False,,mensal,mensal
1998-02-28,Comex Stat/MDIC,comex_importacoes_seguro_usd,comercio_exterior,8638395,importacao,metricInsurance,US$,valor_monetario,Valor mensal total do seguro das importações brasileiras.,False,,mensal,mensal
1998-03-31,Comex Stat/MDIC,comex_importacoes_seguro_usd,comercio_exterior,11682932,importacao,metricInsurance,US$,valor_monetario,Valor mensal total do seguro das importações brasileiras.,False,,mensal,mensal
1998-04-30,Comex Stat/MDIC,comex_importacoes_seguro_usd,comercio_exterior,9628532,importacao,metricInsurance,US$,valor_monetario,Valor mensal total do seguro das importações brasileiras.,False,,mensal,mensal
1998-05-31,Comex Stat/MDIC,comex_importacoes_seguro_usd,comercio_exterior,9953554,importacao,metricInsurance,US$,valor_monetario,Valor mensal total do seguro das importações brasileiras.,False,,mensal,mensal
1998-06-30,Comex Stat/MDIC,comex_importacoes_seguro_usd,comercio_exterior,10065561,importacao,metricInsurance,US$,valor_monetario,Valor mensal total do seguro das importações brasileiras.,False,,mensal,mensal
1998-07-31,Comex Stat/MDIC,comex_importacoes_seguro_usd,comercio_exterior,11380846,importacao,metricInsurance,US$,valor_monetario,Valor mensal total do seguro das importações brasileiras.,False,,mensal,mensal
1998-08-31,Comex Stat/MDIC,comex_importacoes_seguro_usd,comercio_exterior,8646350,importacao,metricInsurance,US$,valor_monetario,Valor mensal total do seguro das importações brasileiras.,False,,mensal,mensal
1998-09-30,Comex Stat/MDIC,comex_importacoes_seguro_usd,comercio_exterior,11987245,importacao,metricInsurance,US$,valor_monetario,Valor mensal total do seguro das importações brasileiras.,False,,mensal,mensal
1998-10-31,Comex Stat/MDIC,comex_importacoes_seguro_usd,comercio_exterior,11650164,importacao,metricInsurance,US$,valor_monetario,Valor mensal total do seguro das importações brasileiras.,False,,mensal,mensal
1998-11-30,Comex Stat/MDIC,comex_importacoes_seguro_usd,comercio_exterior,9949887,importacao,metricInsurance,US$,valor_monetario,Valor mensal total do seguro das importações brasileiras.,False,,mensal,mensal
1998-12-31,Comex Stat/MDIC,comex_importacoes_seguro_usd,comercio_exterior,9206156,importacao,metricInsurance,US$,valor_monetario,Valor mensal total do seguro das importações brasileiras.,False,,mensal,mensal
1999-01-31,Comex Stat/MDIC,comex_importacoes_seguro_usd,comercio_exterior,7477904,importacao,metricInsurance,US$,valor_monetario,Valor mensal total do seguro das importações brasileiras.,False,,mensal,mensal
1999-02-28,Comex Stat/MDIC,comex_importacoes_seguro_usd,comercio_exterior,6413441,importacao,metricInsurance,US$,valor_monetario,Valor mensal total do seguro das importações brasileiras.,False,,mensal,mensal
1999-03-31,Comex Stat/MDIC,comex_importacoes_seguro_usd,comercio_exterior,8377633,importacao,metricInsurance,US$,valor_monetario,Valor mensal total do seguro das importações brasileiras.,False,,mensal,mensal
1999-04-30,Comex Stat/MDIC,comex_importacoes_seguro_usd,comercio_exterior,7093967,importacao,metricInsurance,US$,valor_monetario,Valor mensal total do seguro das importações brasileiras.,False,,mensal,mensal
1999-05-31,Comex Stat/MDIC,comex_importacoes_seguro_usd,comercio_exterior,7753874,importacao,metricInsurance,US$,valor_monetario,Valor mensal total do seguro das importações brasileiras.,False,,mensal,mensal
1999-06-30,Comex Stat/MDIC,comex_importacoes_seguro_usd,comercio_exterior,8906134,importacao,metricInsurance,US$,valor_monetario,Valor mensal total do seguro das importações brasileiras.,False,,mensal,mensal
1999-07-31,Comex Stat/MDIC,comex_importacoes_seguro_usd,comercio_exterior,7767141,importacao,metricInsurance,US$,valor_monetario,Valor mensal total do seguro das importações brasileiras.,False,,mensal,mensal
1999-08-31,Comex Stat/MDIC,comex_importacoes_seguro_usd,comercio_exterior,8326247,importacao,metricInsurance,US$,valor_monetario,Valor mensal total do seguro das importações brasileiras.,False,,mensal,mensal
1999-09-30,Comex Stat/MDIC,comex_importacoes_seguro_usd,comercio_exterior,8317125,importacao,metricInsurance,US$,valor_monetario,Valor mensal total do seguro das importações brasileiras.,False,,mensal,mensal
1999-10-31,Comex Stat/MDIC,comex_importacoes_seguro_usd,comercio_exterior,8415384,importacao,metricInsurance,US$,valor_monetario,Valor mensal total do seguro das importações brasileiras.,False,,mensal,mensal
1999-11-30,Comex Stat/MDIC,comex_importacoes_seguro_usd,comercio_exterior,9056476,importacao,metricInsurance,US$,valor_monetario,Valor mensal total do seguro das importações brasileiras.,False,,mensal,mensal
1999-12-31,Comex Stat/MDIC,comex_importacoes_seguro_usd,comercio_exterior,8713117,importacao,metricInsurance,US$,valor_monetario,Valor mensal total do seguro das importações brasileiras.,False,,mensal,mensal
2000-01-31,Comex Stat/MDIC,comex_importacoes_seguro_usd,comercio_exterior,6752623,importacao,metricInsurance,US$,valor_monetario,Valor mensal total do seguro das importações brasileiras.,False,,mensal,mensal
2000-02-29,Comex Stat/MDIC,comex_importacoes_seguro_usd,comercio_exterior,7616009,importacao,metricInsurance,US$,valor_monetario,Valor mensal total do seguro das importações brasileiras.,False,,mensal,mensal
2000-03-31,Comex Stat/MDIC,comex_importacoes_seguro_usd,comercio_exterior,8185252,importacao,metricInsurance,US$,valor_monetario,Valor mensal total do seguro das importações brasileiras.,False,,mensal,mensal
2000-04-30,Comex Stat/MDIC,comex_importacoes_seguro_usd,comercio_exterior,7426681,importacao,metricInsurance,US$,valor_monetario,Valor mensal total do seguro das importações brasileiras.,False,,mensal,mensal
2000-05-31,Comex Stat/MDIC,comex_importacoes_seguro_usd,comercio_exterior,8447631,importacao,metricInsurance,US$,valor_monetario,Valor mensal total do seguro das importações brasileiras.,False,,mensal,mensal
2000-06-30,Comex Stat/MDIC,comex_importacoes_seguro_usd,comercio_exterior,7761983,importacao,metricInsurance,US$,valor_monetario,Valor mensal total do seguro das importações brasileiras.,False,,mensal,mensal
2000-07-31,Comex Stat/MDIC,comex_importacoes_seguro_usd,comercio_exterior,8244123,importacao,metricInsurance,US$,valor_monetario,Valor mensal total do seguro das importações brasileiras.,False,,mensal,mensal
2000-08-31,Comex Stat/MDIC,comex_importacoes_seguro_usd,comercio_exterior,9239879,importacao,metricInsurance,US$,valor_monetario,Valor mensal total do seguro das importações brasileiras.,False,,mensal,mensal
2000-09-30,Comex Stat/MDIC,comex_importacoes_seguro_usd,comercio_exterior,8790443,importacao,metricInsurance,US$,valor_monetario,Valor mensal total do seguro das importações brasileiras.,False,,mensal,mensal
2000-10-31,Comex Stat/MDIC,comex_importacoes_seguro_usd,comercio_exterior,8963466,importacao,metricInsurance,US$,valor_monetario,Valor mensal total do seguro das importações brasileiras.,False,,mensal,mensal
2000-11-30,Comex Stat/MDIC,comex_importacoes_seguro_usd,comercio_exterior,9074343,importacao,metricInsurance,US$,valor_monetario,Valor mensal total do seguro das importações brasileiras.,False,,mensal,mensal
2000-12-31,Comex Stat/MDIC,comex_importacoes_seguro_usd,comercio_exterior,8577166,importacao,metricInsurance,US$,valor_monetario,Valor mensal total do seguro das importações brasileiras.,False,,mensal,mensal
2001-01-31,Comex Stat/MDIC,comex_importacoes_seguro_usd,comercio_exterior,8546587,importacao,metricInsurance,US$,valor_monetario,Valor mensal total do seguro das importações brasileiras.,False,,mensal,mensal
2001-02-28,Comex Stat/MDIC,comex_importacoes_seguro_usd,comercio_exterior,7441553,importacao,metricInsurance,US$,valor_monetario,Valor mensal total do seguro das importações brasileiras.,False,,mensal,mensal
2001-03-31,Comex Stat/MDIC,comex_importacoes_seguro_usd,comercio_exterior,9833421,importacao,metricInsurance,US$,valor_monetario,Valor mensal total do seguro das importações brasileiras.,False,,mensal,mensal
2001-04-30,Comex Stat/MDIC,comex_importacoes_seguro_usd,comercio_exterior,8540893,importacao,metricInsurance,US$,valor_monetario,Valor mensal total do seguro das importações brasileiras.,False,,mensal,mensal
2001-05-31,Comex Stat/MDIC,comex_importacoes_seguro_usd,comercio_exterior,9237039,importacao,metricInsurance,US$,valor_monetario,Valor mensal total do seguro das importações brasileiras.,False,,mensal,mensal
2001-06-30,Comex Stat/MDIC,comex_importacoes_seguro_usd,comercio_exterior,8154723,importacao,metricInsurance,US$,valor_monetario,Valor mensal total do seguro das importações brasileiras.,False,,mensal,mensal
2001-07-31,Comex Stat/MDIC,comex_importacoes_seguro_usd,comercio_exterior,8645313,importacao,metricInsurance,US$,valor_monetario,Valor mensal total do seguro das importações brasileiras.,False,,mensal,mensal
2001-08-31,Comex Stat/MDIC,comex_importacoes_seguro_usd,comercio_exterior,8846057,importacao,metricInsurance,US$,valor_monetario,Valor mensal total do seguro das importações brasileiras.,False,,mensal,mensal
2001-09-30,Comex Stat/MDIC,comex_importacoes_seguro_usd,comercio_exterior,7323441,importacao,metricInsurance,US$,valor_monetario,Valor mensal total do seguro das importações brasileiras.,False,,mensal,mensal
2001-10-31,Comex Stat/MDIC,comex_importacoes_seguro_usd,comercio_exterior,8091558,importacao,metricInsurance,US$,valor_monetario,Valor mensal total do seguro das importações brasileiras.,False,,mensal,mensal
2001-11-30,Comex Stat/MDIC,comex_importacoes_seguro_usd,comercio_exterior,7130481,importacao,metricInsurance,US$,valor_monetario,Valor mensal total do seguro das importações brasileiras.,False,,mensal,mensal
2001-12-31,Comex Stat/MDIC,comex_importacoes_seguro_usd,comercio_exterior,5922885,importacao,metricInsurance,US$,valor_monetario,Valor mensal total do seguro das importações brasileiras.,False,,mensal,mensal
2002-01-31,Comex Stat/MDIC,comex_importacoes_seguro_usd,comercio_exterior,6953035,importacao,metricInsurance,US$,valor_monetario,Valor mensal total do seguro das importações brasileiras.,False,,mensal,mensal
2002-02-28,Comex Stat/MDIC,comex_importacoes_seguro_usd,comercio_exterior,5457832,importacao,metricInsurance,US$,valor_monetario,Valor mensal total do seguro das importações brasileiras.,False,,mensal,mensal
2002-03-31,Comex Stat/MDIC,comex_importacoes_seguro_usd,comercio_exterior,6390510,importacao,metricInsurance,US$,valor_monetario,Valor mensal total do seguro das importações brasileiras.,False,,mensal,mensal
2002-04-30,Comex Stat/MDIC,comex_importacoes_seguro_usd,comercio_exterior,6739639,importacao,metricInsurance,US$,valor_monetario,Valor mensal total do seguro das importações brasileiras.,False,,mensal,mensal
2002-05-31,Comex Stat/MDIC,comex_importacoes_seguro_usd,comercio_exterior,6689892,importacao,metricInsurance,US$,valor_monetario,Valor mensal total do seguro das importações brasileiras.,False,,mensal,mensal
2002-06-30,Comex Stat/MDIC,comex_importacoes_seguro_usd,comercio_exterior,5806693,importacao,metricInsurance,US$,valor_monetario,Valor mensal total do seguro das importações brasileiras.,False,,mensal,mensal
2002-07-31,Comex Stat/MDIC,comex_importacoes_seguro_usd,comercio_exterior,8378689,importacao,metricInsurance,US$,valor_monetario,Valor mensal total do seguro das importações brasileiras.,False,,mensal,mensal
2002-08-31,Comex Stat/MDIC,comex_importacoes_seguro_usd,comercio_exterior,6955643,importacao,metricInsurance,US$,valor_monetario,Valor mensal total do seguro das importações brasileiras.,False,,mensal,mensal
2002-09-30,Comex Stat/MDIC,comex_importacoes_seguro_usd,comercio_exterior,5802289,importacao,metricInsurance,US$,valor_monetario,Valor mensal total do seguro das importações brasileiras.,False,,mensal,mensal
2002-10-31,Comex Stat/MDIC,comex_importacoes_seguro_usd,comercio_exterior,6653972,importacao,metricInsurance,US$,valor_monetario,Valor mensal total do seguro das importações brasileiras.,False,,mensal,mensal
2002-11-30,Comex Stat/MDIC,comex_importacoes_seguro_usd,comercio_exterior,6727649,importacao,metricInsurance,US$,valor_monetario,Valor mensal total do seguro das importações brasileiras.,False,,mensal,mensal
2002-12-31,Comex Stat/MDIC,comex_importacoes_seguro_usd,comercio_exterior,5610349,importacao,metricInsurance,US$,valor_monetario,Valor mensal total do seguro das importações brasileiras.,False,,mensal,mensal
2003-01-31,Comex Stat/MDIC,comex_importacoes_seguro_usd,comercio_exterior,6820516,importacao,metricInsurance,US$,valor_monetario,Valor mensal total do seguro das importações brasileiras.,False,,mensal,mensal
2003-02-28,Comex Stat/MDIC,comex_importacoes_seguro_usd,comercio_exterior,5774108,importacao,metricInsurance,US$,valor_monetario,Valor mensal total do seguro das importações brasileiras.,False,,mensal,mensal
2003-03-31,Comex Stat/MDIC,comex_importacoes_seguro_usd,comercio_exterior,5691753,importacao,metricInsurance,US$,valor_monetario,Valor mensal total do seguro das importações brasileiras.,False,,mensal,mensal
2003-04-30,Comex Stat/MDIC,comex_importacoes_seguro_usd,comercio_exterior,5893569,importacao,metricInsurance,US$,valor_monetario,Valor mensal total do seguro das importações brasileiras.,False,,mensal,mensal
2003-05-31,Comex Stat/MDIC,comex_importacoes_seguro_usd,comercio_exterior,6411640,importacao,metricInsurance,US$,valor_monetario,Valor mensal total do seguro das importações brasileiras.,False,,mensal,mensal
2003-06-30,Comex Stat/MDIC,comex_importacoes_seguro_usd,comercio_exterior,5507910,importacao,metricInsurance,US$,valor_monetario,Valor mensal total do seguro das importações brasileiras.,False,,mensal,mensal
2003-07-31,Comex Stat/MDIC,comex_importacoes_seguro_usd,comercio_exterior,6308382,importacao,metricInsurance,US$,valor_monetario,Valor mensal total do seguro das importações brasileiras.,False,,mensal,mensal
2003-08-31,Comex Stat/MDIC,comex_importacoes_seguro_usd,comercio_exterior,5838926,importacao,metricInsurance,US$,valor_monetario,Valor mensal total do seguro das importações brasileiras.,False,,mensal,mensal
2003-09-30,Comex Stat/MDIC,comex_importacoes_seguro_usd,comercio_exterior,7357519,importacao,metricInsurance,US$,valor_monetario,Valor mensal total do seguro das importações brasileiras.,False,,mensal,mensal
2003-10-31,Comex Stat/MDIC,comex_importacoes_seguro_usd,comercio_exterior,8339609,importacao,metricInsurance,US$,valor_monetario,Valor mensal total do seguro das importações brasileiras.,False,,mensal,mensal
2003-11-30,Comex Stat/MDIC,comex_importacoes_seguro_usd,comercio_exterior,6616551,importacao,metricInsurance,US$,valor_monetario,Valor mensal total do seguro das importações brasileiras.,False,,mensal,mensal
2003-12-31,Comex Stat/MDIC,comex_importacoes_seguro_usd,comercio_exterior,6431467,importacao,metricInsurance,US$,valor_monetario,Valor mensal total do seguro das importações brasileiras.,False,,mensal,mensal
2004-01-31,Comex Stat/MDIC,comex_importacoes_seguro_usd,comercio_exterior,6431887,importacao,metricInsurance,US$,valor_monetario,Valor mensal total do seguro das importações brasileiras.,False,,mensal,mensal
2004-02-29,Comex Stat/MDIC,comex_importacoes_seguro_usd,comercio_exterior,6366304,importacao,metricInsurance,US$,valor_monetario,Valor mensal total do seguro das importações brasileiras.,False,,mensal,mensal
2004-03-31,Comex Stat/MDIC,comex_importacoes_seguro_usd,comercio_exterior,8027274,importacao,metricInsurance,US$,valor_monetario,Valor mensal total do seguro das importações brasileiras.,False,,mensal,mensal
2004-04-30,Comex Stat/MDIC,comex_importacoes_seguro_usd,comercio_exterior,7074268,importacao,metricInsurance,US$,valor_monetario,Valor mensal total do seguro das importações brasileiras.,False,,mensal,mensal
2004-05-31,Comex Stat/MDIC,comex_importacoes_seguro_usd,comercio_exterior,6672556,importacao,metricInsurance,US$,valor_monetario,Valor mensal total do seguro das importações brasileiras.,False,,mensal,mensal
2004-06-30,Comex Stat/MDIC,comex_importacoes_seguro_usd,comercio_exterior,8286789,importacao,metricInsurance,US$,valor_monetario,Valor mensal total do seguro das importações brasileiras.,False,,mensal,mensal
2004-07-31,Comex Stat/MDIC,comex_importacoes_seguro_usd,comercio_exterior,8023777,importacao,metricInsurance,US$,valor_monetario,Valor mensal total do seguro das importações brasileiras.,False,,mensal,mensal
2004-08-31,Comex Stat/MDIC,comex_importacoes_seguro_usd,comercio_exterior,8437113,importacao,metricInsurance,US$,valor_monetario,Valor mensal total do seguro das importações brasileiras.,False,,mensal,mensal
2004-09-30,Comex Stat/MDIC,comex_importacoes_seguro_usd,comercio_exterior,8229277,importacao,metricInsurance,US$,valor_monetario,Valor mensal total do seguro das importações brasileiras.,False,,mensal,mensal
2004-10-31,Comex Stat/MDIC,comex_importacoes_seguro_usd,comercio_exterior,8063817,importacao,metricInsurance,US$,valor_monetario,Valor mensal total do seguro das importações brasileiras.,False,,mensal,mensal
2004-11-30,Comex Stat/MDIC,comex_importacoes_seguro_usd,comercio_exterior,8487544,importacao,metricInsurance,US$,valor_monetario,Valor mensal total do seguro das importações brasileiras.,False,,mensal,mensal
2004-12-31,Comex Stat/MDIC,comex_importacoes_seguro_usd,comercio_exterior,7842627,importacao,metricInsurance,US$,valor_monetario,Valor mensal total do seguro das importações brasileiras.,False,,mensal,mensal
2005-01-31,Comex Stat/MDIC,comex_importacoes_seguro_usd,comercio_exterior,7086479,importacao,metricInsurance,US$,valor_monetario,Valor mensal total do seguro das importações brasileiras.,False,,mensal,mensal
2005-02-28,Comex Stat/MDIC,comex_importacoes_seguro_usd,comercio_exterior,6809965,importacao,metricInsurance,US$,valor_monetario,Valor mensal total do seguro das importações brasileiras.,False,,mensal,mensal
2005-03-31,Comex Stat/MDIC,comex_importacoes_seguro_usd,comercio_exterior,8998874,importacao,metricInsurance,US$,valor_monetario,Valor mensal total do seguro das importações brasileiras.,False,,mensal,mensal
2005-04-30,Comex Stat/MDIC,comex_importacoes_seguro_usd,comercio_exterior,8793537,importacao,metricInsurance,US$,valor_monetario,Valor mensal total do seguro das importações brasileiras.,False,,mensal,mensal
2005-05-31,Comex Stat/MDIC,comex_importacoes_seguro_usd,comercio_exterior,9524057,importacao,metricInsurance,US$,valor_monetario,Valor mensal total do seguro das importações brasileiras.,False,,mensal,mensal
2005-06-30,Comex Stat/MDIC,comex_importacoes_seguro_usd,comercio_exterior,8882730,importacao,metricInsurance,US$,valor_monetario,Valor mensal total do seguro das importações brasileiras.,False,,mensal,mensal
2005-07-31,Comex Stat/MDIC,comex_importacoes_seguro_usd,comercio_exterior,8237990,importacao,metricInsurance,US$,valor_monetario,Valor mensal total do seguro das importações brasileiras.,False,,mensal,mensal
2005-08-31,Comex Stat/MDIC,comex_importacoes_seguro_usd,comercio_exterior,9909056,importacao,metricInsurance,US$,valor_monetario,Valor mensal total do seguro das importações brasileiras.,False,,mensal,mensal
2005-09-30,Comex Stat/MDIC,comex_importacoes_seguro_usd,comercio_exterior,8383509,importacao,metricInsurance,US$,valor_monetario,Valor mensal total do seguro das importações brasileiras.,False,,mensal,mensal
2005-10-31,Comex Stat/MDIC,comex_importacoes_seguro_usd,comercio_exterior,8170778,importacao,metricInsurance,US$,valor_monetario,Valor mensal total do seguro das importações brasileiras.,False,,mensal,mensal
2005-11-30,Comex Stat/MDIC,comex_importacoes_seguro_usd,comercio_exterior,8694182,importacao,metricInsurance,US$,valor_monetario,Valor mensal total do seguro das importações brasileiras.,False,,mensal,mensal
2005-12-31,Comex Stat/MDIC,comex_importacoes_seguro_usd,comercio_exterior,9422872,importacao,metricInsurance,US$,valor_monetario,Valor mensal total do seguro das importações brasileiras.,False,,mensal,mensal
2006-01-31,Comex Stat/MDIC,comex_importacoes_seguro_usd,comercio_exterior,8598295,importacao,metricInsurance,US$,valor_monetario,Valor mensal total do seguro das importações brasileiras.,False,,mensal,mensal
2006-02-28,Comex Stat/MDIC,comex_importacoes_seguro_usd,comercio_exterior,7404257,importacao,metricInsurance,US$,valor_monetario,Valor mensal total do seguro das importações brasileiras.,False,,mensal,mensal
2006-03-31,Comex Stat/MDIC,comex_importacoes_seguro_usd,comercio_exterior,10040548,importacao,metricInsurance,US$,valor_monetario,Valor mensal total do seguro das importações brasileiras.,False,,mensal,mensal
2006-04-30,Comex Stat/MDIC,comex_importacoes_seguro_usd,comercio_exterior,8429748,importacao,metricInsurance,US$,valor_monetario,Valor mensal total do seguro das importações brasileiras.,False,,mensal,mensal
2006-05-31,Comex Stat/MDIC,comex_importacoes_seguro_usd,comercio_exterior,9141303,importacao,metricInsurance,US$,valor_monetario,Valor mensal total do seguro das importações brasileiras.,False,,mensal,mensal
2006-06-30,Comex Stat/MDIC,comex_importacoes_seguro_usd,comercio_exterior,9272672,importacao,metricInsurance,US$,valor_monetario,Valor mensal total do seguro das importações brasileiras.,False,,mensal,mensal
2006-07-31,Comex Stat/MDIC,comex_importacoes_seguro_usd,comercio_exterior,10504745,importacao,metricInsurance,US$,valor_monetario,Valor mensal total do seguro das importações brasileiras.,False,,mensal,mensal
2006-08-31,Comex Stat/MDIC,comex_importacoes_seguro_usd,comercio_exterior,11270105,importacao,metricInsurance,US$,valor_monetario,Valor mensal total do seguro das importações brasileiras.,False,,mensal,mensal
2006-09-30,Comex Stat/MDIC,comex_importacoes_seguro_usd,comercio_exterior,10124709,importacao,metricInsurance,US$,valor_monetario,Valor mensal total do seguro das importações brasileiras.,False,,mensal,mensal
2006-10-31,Comex Stat/MDIC,comex_importacoes_seguro_usd,comercio_exterior,10621889,importacao,metricInsurance,US$,valor_monetario,Valor mensal total do seguro das importações brasileiras.,False,,mensal,mensal
2006-11-30,Comex Stat/MDIC,comex_importacoes_seguro_usd,comercio_exterior,10380205,importacao,metricInsurance,US$,valor_monetario,Valor mensal total do seguro das importações brasileiras.,False,,mensal,mensal
2006-12-31,Comex Stat/MDIC,comex_importacoes_seguro_usd,comercio_exterior,9136031,importacao,metricInsurance,US$,valor_monetario,Valor mensal total do seguro das importações brasileiras.,False,,mensal,mensal
2007-01-31,Comex Stat/MDIC,comex_importacoes_seguro_usd,comercio_exterior,10645702,importacao,metricInsurance,US$,valor_monetario,Valor mensal total do seguro das importações brasileiras.,False,,mensal,mensal
2007-02-28,Comex Stat/MDIC,comex_importacoes_seguro_usd,comercio_exterior,9026386,importacao,metricInsurance,US$,valor_monetario,Valor mensal total do seguro das importações brasileiras.,False,,mensal,mensal
2007-03-31,Comex Stat/MDIC,comex_importacoes_seguro_usd,comercio_exterior,11649538,importacao,metricInsurance,US$,valor_monetario,Valor mensal total do seguro das importações brasileiras.,False,,mensal,mensal
2007-04-30,Comex Stat/MDIC,comex_importacoes_seguro_usd,comercio_exterior,10078386,importacao,metricInsurance,US$,valor_monetario,Valor mensal total do seguro das importações brasileiras.,False,,mensal,mensal
2007-05-31,Comex Stat/MDIC,comex_importacoes_seguro_usd,comercio_exterior,12048569,importacao,metricInsurance,US$,valor_monetario,Valor mensal total do seguro das importações brasileiras.,False,,mensal,mensal
2007-06-30,Comex Stat/MDIC,comex_importacoes_seguro_usd,comercio_exterior,11316266,importacao,metricInsurance,US$,valor_monetario,Valor mensal total do seguro das importações brasileiras.,False,,mensal,mensal
2007-07-31,Comex Stat/MDIC,comex_importacoes_seguro_usd,comercio_exterior,12484950,importacao,metricInsurance,US$,valor_monetario,Valor mensal total do seguro das importações brasileiras.,False,,mensal,mensal
2007-08-31,Comex Stat/MDIC,comex_importacoes_seguro_usd,comercio_exterior,13998411,importacao,metricInsurance,US$,valor_monetario,Valor mensal total do seguro das importações brasileiras.,False,,mensal,mensal
2007-09-30,Comex Stat/MDIC,comex_importacoes_seguro_usd,comercio_exterior,12122223,importacao,metricInsurance,US$,valor_monetario,Valor mensal total do seguro das importações brasileiras.,False,,mensal,mensal
2007-10-31,Comex Stat/MDIC,comex_importacoes_seguro_usd,comercio_exterior,14323890,importacao,metricInsurance,US$,valor_monetario,Valor mensal total do seguro das importações brasileiras.,False,,mensal,mensal
2007-11-30,Comex Stat/MDIC,comex_importacoes_seguro_usd,comercio_exterior,13520896,importacao,metricInsurance,US$,valor_monetario,Valor mensal total do seguro das importações brasileiras.,False,,mensal,mensal
2007-12-31,Comex Stat/MDIC,comex_importacoes_seguro_usd,comercio_exterior,12331888,importacao,metricInsurance,US$,valor_monetario,Valor mensal total do seguro das importações brasileiras.,False,,mensal,mensal
2008-01-31,Comex Stat/MDIC,comex_importacoes_seguro_usd,comercio_exterior,15475144,importacao,metricInsurance,US$,valor_monetario,Valor mensal total do seguro das importações brasileiras.,False,,mensal,mensal
2008-02-29,Comex Stat/MDIC,comex_importacoes_seguro_usd,comercio_exterior,13570598,importacao,metricInsurance,US$,valor_monetario,Valor mensal total do seguro das importações brasileiras.,False,,mensal,mensal
2008-03-31,Comex Stat/MDIC,comex_importacoes_seguro_usd,comercio_exterior,13305953,importacao,metricInsurance,US$,valor_monetario,Valor mensal total do seguro das importações brasileiras.,False,,mensal,mensal
2008-04-30,Comex Stat/MDIC,comex_importacoes_seguro_usd,comercio_exterior,14131840,importacao,metricInsurance,US$,valor_monetario,Valor mensal total do seguro das importações brasileiras.,False,,mensal,mensal
2008-05-31,Comex Stat/MDIC,comex_importacoes_seguro_usd,comercio_exterior,17075996,importacao,metricInsurance,US$,valor_monetario,Valor mensal total do seguro das importações brasileiras.,False,,mensal,mensal
2008-06-30,Comex Stat/MDIC,comex_importacoes_seguro_usd,comercio_exterior,18301095,importacao,metricInsurance,US$,valor_monetario,Valor mensal total do seguro das importações brasileiras.,False,,mensal,mensal
2008-07-31,Comex Stat/MDIC,comex_importacoes_seguro_usd,comercio_exterior,20912188,importacao,metricInsurance,US$,valor_monetario,Valor mensal total do seguro das importações brasileiras.,False,,mensal,mensal
2008-08-31,Comex Stat/MDIC,comex_importacoes_seguro_usd,comercio_exterior,19865979,importacao,metricInsurance,US$,valor_monetario,Valor mensal total do seguro das importações brasileiras.,False,,mensal,mensal
2008-09-30,Comex Stat/MDIC,comex_importacoes_seguro_usd,comercio_exterior,20460338,importacao,metricInsurance,US$,valor_monetario,Valor mensal total do seguro das importações brasileiras.,False,,mensal,mensal
2008-10-31,Comex Stat/MDIC,comex_importacoes_seguro_usd,comercio_exterior,19820262,importacao,metricInsurance,US$,valor_monetario,Valor mensal total do seguro das importações brasileiras.,False,,mensal,mensal
2008-11-30,Comex Stat/MDIC,comex_importacoes_seguro_usd,comercio_exterior,16610062,importacao,metricInsurance,US$,valor_monetario,Valor mensal total do seguro das importações brasileiras.,False,,mensal,mensal
2008-12-31,Comex Stat/MDIC,comex_importacoes_seguro_usd,comercio_exterior,13574737,importacao,metricInsurance,US$,valor_monetario,Valor mensal total do seguro das importações brasileiras.,False,,mensal,mensal
2009-01-31,Comex Stat/MDIC,comex_importacoes_seguro_usd,comercio_exterior,12871802,importacao,metricInsurance,US$,valor_monetario,Valor mensal total do seguro das importações brasileiras.,False,,mensal,mensal
2009-02-28,Comex Stat/MDIC,comex_importacoes_seguro_usd,comercio_exterior,9617993,importacao,metricInsurance,US$,valor_monetario,Valor mensal total do seguro das importações brasileiras.,False,,mensal,mensal
2009-03-31,Comex Stat/MDIC,comex_importacoes_seguro_usd,comercio_exterior,12454887,importacao,metricInsurance,US$,valor_monetario,Valor mensal total do seguro das importações brasileiras.,False,,mensal,mensal
2009-04-30,Comex Stat/MDIC,comex_importacoes_seguro_usd,comercio_exterior,10516224,importacao,metricInsurance,US$,valor_monetario,Valor mensal total do seguro das importações brasileiras.,False,,mensal,mensal
2009-05-31,Comex Stat/MDIC,comex_importacoes_seguro_usd,comercio_exterior,11466276,importacao,metricInsurance,US$,valor_monetario,Valor mensal total do seguro das importações brasileiras.,False,,mensal,mensal
2009-06-30,Comex Stat/MDIC,comex_importacoes_seguro_usd,comercio_exterior,11049455,importacao,metricInsurance,US$,valor_monetario,Valor mensal total do seguro das importações brasileiras.,False,,mensal,mensal
2009-07-31,Comex Stat/MDIC,comex_importacoes_seguro_usd,comercio_exterior,13210363,importacao,metricInsurance,US$,valor_monetario,Valor mensal total do seguro das importações brasileiras.,False,,mensal,mensal
2009-08-31,Comex Stat/MDIC,comex_importacoes_seguro_usd,comercio_exterior,12142996,importacao,metricInsurance,US$,valor_monetario,Valor mensal total do seguro das importações brasileiras.,False,,mensal,mensal
2009-09-30,Comex Stat/MDIC,comex_importacoes_seguro_usd,comercio_exterior,13510173,importacao,metricInsurance,US$,valor_monetario,Valor mensal total do seguro das importações brasileiras.,False,,mensal,mensal
2009-10-31,Comex Stat/MDIC,comex_importacoes_seguro_usd,comercio_exterior,14093207,importacao,metricInsurance,US$,valor_monetario,Valor mensal total do seguro das importações brasileiras.,False,,mensal,mensal
2009-11-30,Comex Stat/MDIC,comex_importacoes_seguro_usd,comercio_exterior,20378555,importacao,metricInsurance,US$,valor_monetario,Valor mensal total do seguro das importações brasileiras.,False,,mensal,mensal
2009-12-31,Comex Stat/MDIC,comex_importacoes_seguro_usd,comercio_exterior,13632698,importacao,metricInsurance,US$,valor_monetario,Valor mensal total do seguro das importações brasileiras.,False,,mensal,mensal
2010-01-31,Comex Stat/MDIC,comex_importacoes_seguro_usd,comercio_exterior,13046769,importacao,metricInsurance,US$,valor_monetario,Valor mensal total do seguro das importações brasileiras.,False,,mensal,mensal
2010-02-28,Comex Stat/MDIC,comex_importacoes_seguro_usd,comercio_exterior,12859003,importacao,metricInsurance,US$,valor_monetario,Valor mensal total do seguro das importações brasileiras.,False,,mensal,mensal
2010-03-31,Comex Stat/MDIC,comex_importacoes_seguro_usd,comercio_exterior,16894712,importacao,metricInsurance,US$,valor_monetario,Valor mensal total do seguro das importações brasileiras.,False,,mensal,mensal
2010-04-30,Comex Stat/MDIC,comex_importacoes_seguro_usd,comercio_exterior,14578969,importacao,metricInsurance,US$,valor_monetario,Valor mensal total do seguro das importações brasileiras.,False,,mensal,mensal
2010-05-31,Comex Stat/MDIC,comex_importacoes_seguro_usd,comercio_exterior,15686406,importacao,metricInsurance,US$,valor_monetario,Valor mensal total do seguro das importações brasileiras.,False,,mensal,mensal
2010-06-30,Comex Stat/MDIC,comex_importacoes_seguro_usd,comercio_exterior,15028937,importacao,metricInsurance,US$,valor_monetario,Valor mensal total do seguro das importações brasileiras.,False,,mensal,mensal
2010-07-31,Comex Stat/MDIC,comex_importacoes_seguro_usd,comercio_exterior,17599151,importacao,metricInsurance,US$,valor_monetario,Valor mensal total do seguro das importações brasileiras.,False,,mensal,mensal
2010-08-31,Comex Stat/MDIC,comex_importacoes_seguro_usd,comercio_exterior,17600261,importacao,metricInsurance,US$,valor_monetario,Valor mensal total do seguro das importações brasileiras.,False,,mensal,mensal
2010-09-30,Comex Stat/MDIC,comex_importacoes_seguro_usd,comercio_exterior,18308986,importacao,metricInsurance,US$,valor_monetario,Valor mensal total do seguro das importações brasileiras.,False,,mensal,mensal
2010-10-31,Comex Stat/MDIC,comex_importacoes_seguro_usd,comercio_exterior,16648417,importacao,metricInsurance,US$,valor_monetario,Valor mensal total do seguro das importações brasileiras.,False,,mensal,mensal
2010-11-30,Comex Stat/MDIC,comex_importacoes_seguro_usd,comercio_exterior,17307574,importacao,metricInsurance,US$,valor_monetario,Valor mensal total do seguro das importações brasileiras.,False,,mensal,mensal
2010-12-31,Comex Stat/MDIC,comex_importacoes_seguro_usd,comercio_exterior,15778653,importacao,metricInsurance,US$,valor_monetario,Valor mensal total do seguro das importações brasileiras.,False,,mensal,mensal
2011-01-31,Comex Stat/MDIC,comex_importacoes_seguro_usd,comercio_exterior,15550428,importacao,metricInsurance,US$,valor_monetario,Valor mensal total do seguro das importações brasileiras.,False,,mensal,mensal
2011-02-28,Comex Stat/MDIC,comex_importacoes_seguro_usd,comercio_exterior,16375105,importacao,metricInsurance,US$,valor_monetario,Valor mensal total do seguro das importações brasileiras.,False,,mensal,mensal
2011-03-31,Comex Stat/MDIC,comex_importacoes_seguro_usd,comercio_exterior,17930365,importacao,metricInsurance,US$,valor_monetario,Valor mensal total do seguro das importações brasileiras.,False,,mensal,mensal
2011-04-30,Comex Stat/MDIC,comex_importacoes_seguro_usd,comercio_exterior,18036407,importacao,metricInsurance,US$,valor_monetario,Valor mensal total do seguro das importações brasileiras.,False,,mensal,mensal
2011-05-31,Comex Stat/MDIC,comex_importacoes_seguro_usd,comercio_exterior,19706176,importacao,metricInsurance,US$,valor_monetario,Valor mensal total do seguro das importações brasileiras.,False,,mensal,mensal
2011-06-30,Comex Stat/MDIC,comex_importacoes_seguro_usd,comercio_exterior,18393645,importacao,metricInsurance,US$,valor_monetario,Valor mensal total do seguro das importações brasileiras.,False,,mensal,mensal
2011-07-31,Comex Stat/MDIC,comex_importacoes_seguro_usd,comercio_exterior,19029339,importacao,metricInsurance,US$,valor_monetario,Valor mensal total do seguro das importações brasileiras.,False,,mensal,mensal
2011-08-31,Comex Stat/MDIC,comex_importacoes_seguro_usd,comercio_exterior,21032119,importacao,metricInsurance,US$,valor_monetario,Valor mensal total do seguro das importações brasileiras.,False,,mensal,mensal
2011-09-30,Comex Stat/MDIC,comex_importacoes_seguro_usd,comercio_exterior,19097855,importacao,metricInsurance,US$,valor_monetario,Valor mensal total do seguro das importações brasileiras.,False,,mensal,mensal
2011-10-31,Comex Stat/MDIC,comex_importacoes_seguro_usd,comercio_exterior,18624461,importacao,metricInsurance,US$,valor_monetario,Valor mensal total do seguro das importações brasileiras.,False,,mensal,mensal
2011-11-30,Comex Stat/MDIC,comex_importacoes_seguro_usd,comercio_exterior,19668488,importacao,metricInsurance,US$,valor_monetario,Valor mensal total do seguro das importações brasileiras.,False,,mensal,mensal
2011-12-31,Comex Stat/MDIC,comex_importacoes_seguro_usd,comercio_exterior,18671878,importacao,metricInsurance,US$,valor_monetario,Valor mensal total do seguro das importações brasileiras.,False,,mensal,mensal
2012-01-31,Comex Stat/MDIC,comex_importacoes_seguro_usd,comercio_exterior,17287119,importacao,metricInsurance,US$,valor_monetario,Valor mensal total do seguro das importações brasileiras.,False,,mensal,mensal
2012-02-29,Comex Stat/MDIC,comex_importacoes_seguro_usd,comercio_exterior,15085693,importacao,metricInsurance,US$,valor_monetario,Valor mensal total do seguro das importações brasileiras.,False,,mensal,mensal
2012-03-31,Comex Stat/MDIC,comex_importacoes_seguro_usd,comercio_exterior,20864053,importacao,metricInsurance,US$,valor_monetario,Valor mensal total do seguro das importações brasileiras.,False,,mensal,mensal
2012-04-30,Comex Stat/MDIC,comex_importacoes_seguro_usd,comercio_exterior,18497838,importacao,metricInsurance,US$,valor_monetario,Valor mensal total do seguro das importações brasileiras.,False,,mensal,mensal
2012-05-31,Comex Stat/MDIC,comex_importacoes_seguro_usd,comercio_exterior,17337264,importacao,metricInsurance,US$,valor_monetario,Valor mensal total do seguro das importações brasileiras.,False,,mensal,mensal
2012-06-30,Comex Stat/MDIC,comex_importacoes_seguro_usd,comercio_exterior,15260475,importacao,metricInsurance,US$,valor_monetario,Valor mensal total do seguro das importações brasileiras.,False,,mensal,mensal
2012-07-31,Comex Stat/MDIC,comex_importacoes_seguro_usd,comercio_exterior,17533529,importacao,metricInsurance,US$,valor_monetario,Valor mensal total do seguro das importações brasileiras.,False,,mensal,mensal
2012-08-31,Comex Stat/MDIC,comex_importacoes_seguro_usd,comercio_exterior,19135277,importacao,metricInsurance,US$,valor_monetario,Valor mensal total do seguro das importações brasileiras.,False,,mensal,mensal
2012-09-30,Comex Stat/MDIC,comex_importacoes_seguro_usd,comercio_exterior,16718214,importacao,metricInsurance,US$,valor_monetario,Valor mensal total do seguro das importações brasileiras.,False,,mensal,mensal
2012-10-31,Comex Stat/MDIC,comex_importacoes_seguro_usd,comercio_exterior,19860600,importacao,metricInsurance,US$,valor_monetario,Valor mensal total do seguro das importações brasileiras.,False,,mensal,mensal
2012-11-30,Comex Stat/MDIC,comex_importacoes_seguro_usd,comercio_exterior,17788550,importacao,metricInsurance,US$,valor_monetario,Valor mensal total do seguro das importações brasileiras.,False,,mensal,mensal
2012-12-31,Comex Stat/MDIC,comex_importacoes_seguro_usd,comercio_exterior,15943151,importacao,metricInsurance,US$,valor_monetario,Valor mensal total do seguro das importações brasileiras.,False,,mensal,mensal
2013-01-31,Comex Stat/MDIC,comex_importacoes_seguro_usd,comercio_exterior,16540686,importacao,metricInsurance,US$,valor_monetario,Valor mensal total do seguro das importações brasileiras.,False,,mensal,mensal
2013-02-28,Comex Stat/MDIC,comex_importacoes_seguro_usd,comercio_exterior,14461229,importacao,metricInsurance,US$,valor_monetario,Valor mensal total do seguro das importações brasileiras.,False,,mensal,mensal
2013-03-31,Comex Stat/MDIC,comex_importacoes_seguro_usd,comercio_exterior,15633737,importacao,metricInsurance,US$,valor_monetario,Valor mensal total do seguro das importações brasileiras.,False,,mensal,mensal
2013-04-30,Comex Stat/MDIC,comex_importacoes_seguro_usd,comercio_exterior,17973153,importacao,metricInsurance,US$,valor_monetario,Valor mensal total do seguro das importações brasileiras.,False,,mensal,mensal
2013-05-31,Comex Stat/MDIC,comex_importacoes_seguro_usd,comercio_exterior,16223981,importacao,metricInsurance,US$,valor_monetario,Valor mensal total do seguro das importações brasileiras.,False,,mensal,mensal
2013-06-30,Comex Stat/MDIC,comex_importacoes_seguro_usd,comercio_exterior,15878097,importacao,metricInsurance,US$,valor_monetario,Valor mensal total do seguro das importações brasileiras.,False,,mensal,mensal
2013-07-31,Comex Stat/MDIC,comex_importacoes_seguro_usd,comercio_exterior,17307050,importacao,metricInsurance,US$,valor_monetario,Valor mensal total do seguro das importações brasileiras.,False,,mensal,mensal
2013-08-31,Comex Stat/MDIC,comex_importacoes_seguro_usd,comercio_exterior,17022997,importacao,metricInsurance,US$,valor_monetario,Valor mensal total do seguro das importações brasileiras.,False,,mensal,mensal
2013-09-30,Comex Stat/MDIC,comex_importacoes_seguro_usd,comercio_exterior,15847522,importacao,metricInsurance,US$,valor_monetario,Valor mensal total do seguro das importações brasileiras.,False,,mensal,mensal
2013-10-31,Comex Stat/MDIC,comex_importacoes_seguro_usd,comercio_exterior,17476931,importacao,metricInsurance,US$,valor_monetario,Valor mensal total do seguro das importações brasileiras.,False,,mensal,mensal
2013-11-30,Comex Stat/MDIC,comex_importacoes_seguro_usd,comercio_exterior,15694020,importacao,metricInsurance,US$,valor_monetario,Valor mensal total do seguro das importações brasileiras.,False,,mensal,mensal
2013-12-31,Comex Stat/MDIC,comex_importacoes_seguro_usd,comercio_exterior,15073742,importacao,metricInsurance,US$,valor_monetario,Valor mensal total do seguro das importações brasileiras.,False,,mensal,mensal
2014-01-31,Comex Stat/MDIC,comex_importacoes_seguro_usd,comercio_exterior,17753758,importacao,metricInsurance,US$,valor_monetario,Valor mensal total do seguro das importações brasileiras.,False,,mensal,mensal
2014-02-28,Comex Stat/MDIC,comex_importacoes_seguro_usd,comercio_exterior,13635409,importacao,metricInsurance,US$,valor_monetario,Valor mensal total do seguro das importações brasileiras.,False,,mensal,mensal
2014-03-31,Comex Stat/MDIC,comex_importacoes_seguro_usd,comercio_exterior,14832665,importacao,metricInsurance,US$,valor_monetario,Valor mensal total do seguro das importações brasileiras.,False,,mensal,mensal
2014-04-30,Comex Stat/MDIC,comex_importacoes_seguro_usd,comercio_exterior,16014011,importacao,metricInsurance,US$,valor_monetario,Valor mensal total do seguro das importações brasileiras.,False,,mensal,mensal
2014-05-31,Comex Stat/MDIC,comex_importacoes_seguro_usd,comercio_exterior,15522884,importacao,metricInsurance,US$,valor_monetario,Valor mensal total do seguro das importações brasileiras.,False,,mensal,mensal
2014-06-30,Comex Stat/MDIC,comex_importacoes_seguro_usd,comercio_exterior,13043540,importacao,metricInsurance,US$,valor_monetario,Valor mensal total do seguro das importações brasileiras.,False,,mensal,mensal
2014-07-31,Comex Stat/MDIC,comex_importacoes_seguro_usd,comercio_exterior,15873823,importacao,metricInsurance,US$,valor_monetario,Valor mensal total do seguro das importações brasileiras.,False,,mensal,mensal
2014-08-31,Comex Stat/MDIC,comex_importacoes_seguro_usd,comercio_exterior,14801731,importacao,metricInsurance,US$,valor_monetario,Valor mensal total do seguro das importações brasileiras.,False,,mensal,mensal
2014-09-30,Comex Stat/MDIC,comex_importacoes_seguro_usd,comercio_exterior,14677825,importacao,metricInsurance,US$,valor_monetario,Valor mensal total do seguro das importações brasileiras.,False,,mensal,mensal
2014-10-31,Comex Stat/MDIC,comex_importacoes_seguro_usd,comercio_exterior,15168773,importacao,metricInsurance,US$,valor_monetario,Valor mensal total do seguro das importações brasileiras.,False,,mensal,mensal
2014-11-30,Comex Stat/MDIC,comex_importacoes_seguro_usd,comercio_exterior,14130515,importacao,metricInsurance,US$,valor_monetario,Valor mensal total do seguro das importações brasileiras.,False,,mensal,mensal
2014-12-31,Comex Stat/MDIC,comex_importacoes_seguro_usd,comercio_exterior,13296312,importacao,metricInsurance,US$,valor_monetario,Valor mensal total do seguro das importações brasileiras.,False,,mensal,mensal
2015-01-31,Comex Stat/MDIC,comex_importacoes_seguro_usd,comercio_exterior,12816389,importacao,metricInsurance,US$,valor_monetario,Valor mensal total do seguro das importações brasileiras.,False,,mensal,mensal
2015-02-28,Comex Stat/MDIC,comex_importacoes_seguro_usd,comercio_exterior,12186916,importacao,metricInsurance,US$,valor_monetario,Valor mensal total do seguro das importações brasileiras.,False,,mensal,mensal
2015-03-31,Comex Stat/MDIC,comex_importacoes_seguro_usd,comercio_exterior,13877005,importacao,metricInsurance,US$,valor_monetario,Valor mensal total do seguro das importações brasileiras.,False,,mensal,mensal
2015-04-30,Comex Stat/MDIC,comex_importacoes_seguro_usd,comercio_exterior,13018953,importacao,metricInsurance,US$,valor_monetario,Valor mensal total do seguro das importações brasileiras.,False,,mensal,mensal
2015-05-31,Comex Stat/MDIC,comex_importacoes_seguro_usd,comercio_exterior,11615023,importacao,metricInsurance,US$,valor_monetario,Valor mensal total do seguro das importações brasileiras.,False,,mensal,mensal
2015-06-30,Comex Stat/MDIC,comex_importacoes_seguro_usd,comercio_exterior,11764940,importacao,metricInsurance,US$,valor_monetario,Valor mensal total do seguro das importações brasileiras.,False,,mensal,mensal
2015-07-31,Comex Stat/MDIC,comex_importacoes_seguro_usd,comercio_exterior,13076492,importacao,metricInsurance,US$,valor_monetario,Valor mensal total do seguro das importações brasileiras.,False,,mensal,mensal
2015-08-31,Comex Stat/MDIC,comex_importacoes_seguro_usd,comercio_exterior,10698161,importacao,metricInsurance,US$,valor_monetario,Valor mensal total do seguro das importações brasileiras.,False,,mensal,mensal
2015-09-30,Comex Stat/MDIC,comex_importacoes_seguro_usd,comercio_exterior,10089127,importacao,metricInsurance,US$,valor_monetario,Valor mensal total do seguro das importações brasileiras.,False,,mensal,mensal
2015-10-31,Comex Stat/MDIC,comex_importacoes_seguro_usd,comercio_exterior,10396105,importacao,metricInsurance,US$,valor_monetario,Valor mensal total do seguro das importações brasileiras.,False,,mensal,mensal
2015-11-30,Comex Stat/MDIC,comex_importacoes_seguro_usd,comercio_exterior,10190113,importacao,metricInsurance,US$,valor_monetario,Valor mensal total do seguro das importações brasileiras.,False,,mensal,mensal
2015-12-31,Comex Stat/MDIC,comex_importacoes_seguro_usd,comercio_exterior,8738628,importacao,metricInsurance,US$,valor_monetario,Valor mensal total do seguro das importações brasileiras.,False,,mensal,mensal
2016-01-31,Comex Stat/MDIC,comex_importacoes_seguro_usd,comercio_exterior,8490933,importacao,metricInsurance,US$,valor_monetario,Valor mensal total do seguro das importações brasileiras.,False,,mensal,mensal
2016-02-29,Comex Stat/MDIC,comex_importacoes_seguro_usd,comercio_exterior,8030077,importacao,metricInsurance,US$,valor_monetario,Valor mensal total do seguro das importações brasileiras.,False,,mensal,mensal
2016-03-31,Comex Stat/MDIC,comex_importacoes_seguro_usd,comercio_exterior,9652442,importacao,metricInsurance,US$,valor_monetario,Valor mensal total do seguro das importações brasileiras.,False,,mensal,mensal
2016-04-30,Comex Stat/MDIC,comex_importacoes_seguro_usd,comercio_exterior,8400075,importacao,metricInsurance,US$,valor_monetario,Valor mensal total do seguro das importações brasileiras.,False,,mensal,mensal
2016-05-31,Comex Stat/MDIC,comex_importacoes_seguro_usd,comercio_exterior,12169946,importacao,metricInsurance,US$,valor_monetario,Valor mensal total do seguro das importações brasileiras.,False,,mensal,mensal
2016-06-30,Comex Stat/MDIC,comex_importacoes_seguro_usd,comercio_exterior,10432319,importacao,metricInsurance,US$,valor_monetario,Valor mensal total do seguro das importações brasileiras.,False,,mensal,mensal
2016-07-31,Comex Stat/MDIC,comex_importacoes_seguro_usd,comercio_exterior,8944305,importacao,metricInsurance,US$,valor_monetario,Valor mensal total do seguro das importações brasileiras.,False,,mensal,mensal
2016-08-31,Comex Stat/MDIC,comex_importacoes_seguro_usd,comercio_exterior,9956889,importacao,metricInsurance,US$,valor_monetario,Valor mensal total do seguro das importações brasileiras.,False,,mensal,mensal
2016-09-30,Comex Stat/MDIC,comex_importacoes_seguro_usd,comercio_exterior,9227750,importacao,metricInsurance,US$,valor_monetario,Valor mensal total do seguro das importações brasileiras.,False,,mensal,mensal
2016-10-31,Comex Stat/MDIC,comex_importacoes_seguro_usd,comercio_exterior,8639546,importacao,metricInsurance,US$,valor_monetario,Valor mensal total do seguro das importações brasileiras.,False,,mensal,mensal
2016-11-30,Comex Stat/MDIC,comex_importacoes_seguro_usd,comercio_exterior,9252259,importacao,metricInsurance,US$,valor_monetario,Valor mensal total do seguro das importações brasileiras.,False,,mensal,mensal
2016-12-31,Comex Stat/MDIC,comex_importacoes_seguro_usd,comercio_exterior,9266827,importacao,metricInsurance,US$,valor_monetario,Valor mensal total do seguro das importações brasileiras.,False,,mensal,mensal
2017-01-31,Comex Stat/MDIC,comex_importacoes_seguro_usd,comercio_exterior,9965743,importacao,metricInsurance,US$,valor_monetario,Valor mensal total do seguro das importações brasileiras.,False,,mensal,mensal
2017-02-28,Comex Stat/MDIC,comex_importacoes_seguro_usd,comercio_exterior,8243488,importacao,metricInsurance,US$,valor_monetario,Valor mensal total do seguro das importações brasileiras.,False,,mensal,mensal
2017-03-31,Comex Stat/MDIC,comex_importacoes_seguro_usd,comercio_exterior,12423287,importacao,metricInsurance,US$,valor_monetario,Valor mensal total do seguro das importações brasileiras.,False,,mensal,mensal
2017-04-30,Comex Stat/MDIC,comex_importacoes_seguro_usd,comercio_exterior,8860393,importacao,metricInsurance,US$,valor_monetario,Valor mensal total do seguro das importações brasileiras.,False,,mensal,mensal
2017-05-31,Comex Stat/MDIC,comex_importacoes_seguro_usd,comercio_exterior,10122599,importacao,metricInsurance,US$,valor_monetario,Valor mensal total do seguro das importações brasileiras.,False,,mensal,mensal
2017-06-30,Comex Stat/MDIC,comex_importacoes_seguro_usd,comercio_exterior,10008884,importacao,metricInsurance,US$,valor_monetario,Valor mensal total do seguro das importações brasileiras.,False,,mensal,mensal
2017-07-31,Comex Stat/MDIC,comex_importacoes_seguro_usd,comercio_exterior,10037463,importacao,metricInsurance,US$,valor_monetario,Valor mensal total do seguro das importações brasileiras.,False,,mensal,mensal
2017-08-31,Comex Stat/MDIC,comex_importacoes_seguro_usd,comercio_exterior,11803859,importacao,metricInsurance,US$,valor_monetario,Valor mensal total do seguro das importações brasileiras.,False,,mensal,mensal
2017-09-30,Comex Stat/MDIC,comex_importacoes_seguro_usd,comercio_exterior,10519223,importacao,metricInsurance,US$,valor_monetario,Valor mensal total do seguro das importações brasileiras.,False,,mensal,mensal
2017-10-31,Comex Stat/MDIC,comex_importacoes_seguro_usd,comercio_exterior,10630615,importacao,metricInsurance,US$,valor_monetario,Valor mensal total do seguro das importações brasileiras.,False,,mensal,mensal
2017-11-30,Comex Stat/MDIC,comex_importacoes_seguro_usd,comercio_exterior,10553034,importacao,metricInsurance,US$,valor_monetario,Valor mensal total do seguro das importações brasileiras.,False,,mensal,mensal
2017-12-31,Comex Stat/MDIC,comex_importacoes_seguro_usd,comercio_exterior,10036586,importacao,metricInsurance,US$,valor_monetario,Valor mensal total do seguro das importações brasileiras.,False,,mensal,mensal
2018-01-31,Comex Stat/MDIC,comex_importacoes_seguro_usd,comercio_exterior,11098515,importacao,metricInsurance,US$,valor_monetario,Valor mensal total do seguro das importações brasileiras.,False,,mensal,mensal
2018-02-28,Comex Stat/MDIC,comex_importacoes_seguro_usd,comercio_exterior,9949986,importacao,metricInsurance,US$,valor_monetario,Valor mensal total do seguro das importações brasileiras.,False,,mensal,mensal
2018-03-31,Comex Stat/MDIC,comex_importacoes_seguro_usd,comercio_exterior,11974191,importacao,metricInsurance,US$,valor_monetario,Valor mensal total do seguro das importações brasileiras.,False,,mensal,mensal
2018-04-30,Comex Stat/MDIC,comex_importacoes_seguro_usd,comercio_exterior,11502380,importacao,metricInsurance,US$,valor_monetario,Valor mensal total do seguro das importações brasileiras.,False,,mensal,mensal
2018-05-31,Comex Stat/MDIC,comex_importacoes_seguro_usd,comercio_exterior,10802030,importacao,metricInsurance,US$,valor_monetario,Valor mensal total do seguro das importações brasileiras.,False,,mensal,mensal
2018-06-30,Comex Stat/MDIC,comex_importacoes_seguro_usd,comercio_exterior,11410378,importacao,metricInsurance,US$,valor_monetario,Valor mensal total do seguro das importações brasileiras.,False,,mensal,mensal
2018-07-31,Comex Stat/MDIC,comex_importacoes_seguro_usd,comercio_exterior,13936982,importacao,metricInsurance,US$,valor_monetario,Valor mensal total do seguro das importações brasileiras.,False,,mensal,mensal
2018-08-31,Comex Stat/MDIC,comex_importacoes_seguro_usd,comercio_exterior,12035641,importacao,metricInsurance,US$,valor_monetario,Valor mensal total do seguro das importações brasileiras.,False,,mensal,mensal
2018-09-30,Comex Stat/MDIC,comex_importacoes_seguro_usd,comercio_exterior,10479797,importacao,metricInsurance,US$,valor_monetario,Valor mensal total do seguro das importações brasileiras.,False,,mensal,mensal
2018-10-31,Comex Stat/MDIC,comex_importacoes_seguro_usd,comercio_exterior,11743732,importacao,metricInsurance,US$,valor_monetario,Valor mensal total do seguro das importações brasileiras.,False,,mensal,mensal
2018-11-30,Comex Stat/MDIC,comex_importacoes_seguro_usd,comercio_exterior,11255040,importacao,metricInsurance,US$,valor_monetario,Valor mensal total do seguro das importações brasileiras.,False,,mensal,mensal
2018-12-31,Comex Stat/MDIC,comex_importacoes_seguro_usd,comercio_exterior,9177889,importacao,metricInsurance,US$,valor_monetario,Valor mensal total do seguro das importações brasileiras.,False,,mensal,mensal
2019-01-31,Comex Stat/MDIC,comex_importacoes_seguro_usd,comercio_exterior,10952239,importacao,metricInsurance,US$,valor_monetario,Valor mensal total do seguro das importações brasileiras.,False,,mensal,mensal
2019-02-28,Comex Stat/MDIC,comex_importacoes_seguro_usd,comercio_exterior,9852648,importacao,metricInsurance,US$,valor_monetario,Valor mensal total do seguro das importações brasileiras.,False,,mensal,mensal
2019-03-31,Comex Stat/MDIC,comex_importacoes_seguro_usd,comercio_exterior,10490626,importacao,metricInsurance,US$,valor_monetario,Valor mensal total do seguro das importações brasileiras.,False,,mensal,mensal
2019-04-30,Comex Stat/MDIC,comex_importacoes_seguro_usd,comercio_exterior,10827901,importacao,metricInsurance,US$,valor_monetario,Valor mensal total do seguro das importações brasileiras.,False,,mensal,mensal
2019-05-31,Comex Stat/MDIC,comex_importacoes_seguro_usd,comercio_exterior,11391009,importacao,metricInsurance,US$,valor_monetario,Valor mensal total do seguro das importações brasileiras.,False,,mensal,mensal
2019-06-30,Comex Stat/MDIC,comex_importacoes_seguro_usd,comercio_exterior,10600534,importacao,metricInsurance,US$,valor_monetario,Valor mensal total do seguro das importações brasileiras.,False,,mensal,mensal
2019-07-31,Comex Stat/MDIC,comex_importacoes_seguro_usd,comercio_exterior,11410295,importacao,metricInsurance,US$,valor_monetario,Valor mensal total do seguro das importações brasileiras.,False,,mensal,mensal
2019-08-31,Comex Stat/MDIC,comex_importacoes_seguro_usd,comercio_exterior,15087123,importacao,metricInsurance,US$,valor_monetario,Valor mensal total do seguro das importações brasileiras.,False,,mensal,mensal
2019-09-30,Comex Stat/MDIC,comex_importacoes_seguro_usd,comercio_exterior,10753854,importacao,metricInsurance,US$,valor_monetario,Valor mensal total do seguro das importações brasileiras.,False,,mensal,mensal
2019-10-31,Comex Stat/MDIC,comex_importacoes_seguro_usd,comercio_exterior,12598622,importacao,metricInsurance,US$,valor_monetario,Valor mensal total do seguro das importações brasileiras.,False,,mensal,mensal
2019-11-30,Comex Stat/MDIC,comex_importacoes_seguro_usd,comercio_exterior,10399354,importacao,metricInsurance,US$,valor_monetario,Valor mensal total do seguro das importações brasileiras.,False,,mensal,mensal
2019-12-31,Comex Stat/MDIC,comex_importacoes_seguro_usd,comercio_exterior,9736620,importacao,metricInsurance,US$,valor_monetario,Valor mensal total do seguro das importações brasileiras.,False,,mensal,mensal
2020-01-31,Comex Stat/MDIC,comex_importacoes_seguro_usd,comercio_exterior,11309879,importacao,metricInsurance,US$,valor_monetario,Valor mensal total do seguro das importações brasileiras.,False,,mensal,mensal
2020-02-29,Comex Stat/MDIC,comex_importacoes_seguro_usd,comercio_exterior,10217507,importacao,metricInsurance,US$,valor_monetario,Valor mensal total do seguro das importações brasileiras.,False,,mensal,mensal
2020-03-31,Comex Stat/MDIC,comex_importacoes_seguro_usd,comercio_exterior,10103653,importacao,metricInsurance,US$,valor_monetario,Valor mensal total do seguro das importações brasileiras.,False,,mensal,mensal
2020-04-30,Comex Stat/MDIC,comex_importacoes_seguro_usd,comercio_exterior,9068360,importacao,metricInsurance,US$,valor_monetario,Valor mensal total do seguro das importações brasileiras.,False,,mensal,mensal
2020-05-31,Comex Stat/MDIC,comex_importacoes_seguro_usd,comercio_exterior,8032060,importacao,metricInsurance,US$,valor_monetario,Valor mensal total do seguro das importações brasileiras.,False,,mensal,mensal
2020-06-30,Comex Stat/MDIC,comex_importacoes_seguro_usd,comercio_exterior,8379468,importacao,metricInsurance,US$,valor_monetario,Valor mensal total do seguro das importações brasileiras.,False,,mensal,mensal
2020-07-31,Comex Stat/MDIC,comex_importacoes_seguro_usd,comercio_exterior,8696824,importacao,metricInsurance,US$,valor_monetario,Valor mensal total do seguro das importações brasileiras.,False,,mensal,mensal
2020-08-31,Comex Stat/MDIC,comex_importacoes_seguro_usd,comercio_exterior,8665192,importacao,metricInsurance,US$,valor_monetario,Valor mensal total do seguro das importações brasileiras.,False,,mensal,mensal
2020-09-30,Comex Stat/MDIC,comex_importacoes_seguro_usd,comercio_exterior,9455521,importacao,metricInsurance,US$,valor_monetario,Valor mensal total do seguro das importações brasileiras.,False,,mensal,mensal
2020-10-31,Comex Stat/MDIC,comex_importacoes_seguro_usd,comercio_exterior,9594199,importacao,metricInsurance,US$,valor_monetario,Valor mensal total do seguro das importações brasileiras.,False,,mensal,mensal
2020-11-30,Comex Stat/MDIC,comex_importacoes_seguro_usd,comercio_exterior,10980900,importacao,metricInsurance,US$,valor_monetario,Valor mensal total do seguro das importações brasileiras.,False,,mensal,mensal
2020-12-31,Comex Stat/MDIC,comex_importacoes_seguro_usd,comercio_exterior,11808370,importacao,metricInsurance,US$,valor_monetario,Valor mensal total do seguro das importações brasileiras.,False,,mensal,mensal
2021-01-31,Comex Stat/MDIC,comex_importacoes_seguro_usd,comercio_exterior,10814580,importacao,metricInsurance,US$,valor_monetario,Valor mensal total do seguro das importações brasileiras.,False,,mensal,mensal
2021-02-28,Comex Stat/MDIC,comex_importacoes_seguro_usd,comercio_exterior,11018281,importacao,metricInsurance,US$,valor_monetario,Valor mensal total do seguro das importações brasileiras.,False,,mensal,mensal
2021-03-31,Comex Stat/MDIC,comex_importacoes_seguro_usd,comercio_exterior,12841964,importacao,metricInsurance,US$,valor_monetario,Valor mensal total do seguro das importações brasileiras.,False,,mensal,mensal
2021-04-30,Comex Stat/MDIC,comex_importacoes_seguro_usd,comercio_exterior,11438508,importacao,metricInsurance,US$,valor_monetario,Valor mensal total do seguro das importações brasileiras.,False,,mensal,mensal
2021-05-31,Comex Stat/MDIC,comex_importacoes_seguro_usd,comercio_exterior,12626080,importacao,metricInsurance,US$,valor_monetario,Valor mensal total do seguro das importações brasileiras.,False,,mensal,mensal
2021-06-30,Comex Stat/MDIC,comex_importacoes_seguro_usd,comercio_exterior,12567419,importacao,metricInsurance,US$,valor_monetario,Valor mensal total do seguro das importações brasileiras.,False,,mensal,mensal
2021-07-31,Comex Stat/MDIC,comex_importacoes_seguro_usd,comercio_exterior,13206458,importacao,metricInsurance,US$,valor_monetario,Valor mensal total do seguro das importações brasileiras.,False,,mensal,mensal
2021-08-31,Comex Stat/MDIC,comex_importacoes_seguro_usd,comercio_exterior,13846289,importacao,metricInsurance,US$,valor_monetario,Valor mensal total do seguro das importações brasileiras.,False,,mensal,mensal
2021-09-30,Comex Stat/MDIC,comex_importacoes_seguro_usd,comercio_exterior,15080886,importacao,metricInsurance,US$,valor_monetario,Valor mensal total do seguro das importações brasileiras.,False,,mensal,mensal
2021-10-31,Comex Stat/MDIC,comex_importacoes_seguro_usd,comercio_exterior,14500794,importacao,metricInsurance,US$,valor_monetario,Valor mensal total do seguro das importações brasileiras.,False,,mensal,mensal
2021-11-30,Comex Stat/MDIC,comex_importacoes_seguro_usd,comercio_exterior,14802736,importacao,metricInsurance,US$,valor_monetario,Valor mensal total do seguro das importações brasileiras.,False,,mensal,mensal
2021-12-31,Comex Stat/MDIC,comex_importacoes_seguro_usd,comercio_exterior,14421539,importacao,metricInsurance,US$,valor_monetario,Valor mensal total do seguro das importações brasileiras.,False,,mensal,mensal
2022-01-31,Comex Stat/MDIC,comex_importacoes_seguro_usd,comercio_exterior,14118915,importacao,metricInsurance,US$,valor_monetario,Valor mensal total do seguro das importações brasileiras.,False,,mensal,mensal
2022-02-28,Comex Stat/MDIC,comex_importacoes_seguro_usd,comercio_exterior,14411265,importacao,metricInsurance,US$,valor_monetario,Valor mensal total do seguro das importações brasileiras.,False,,mensal,mensal
2022-03-31,Comex Stat/MDIC,comex_importacoes_seguro_usd,comercio_exterior,14720081,importacao,metricInsurance,US$,valor_monetario,Valor mensal total do seguro das importações brasileiras.,False,,mensal,mensal
2022-04-30,Comex Stat/MDIC,comex_importacoes_seguro_usd,comercio_exterior,13960529,importacao,metricInsurance,US$,valor_monetario,Valor mensal total do seguro das importações brasileiras.,False,,mensal,mensal
2022-05-31,Comex Stat/MDIC,comex_importacoes_seguro_usd,comercio_exterior,18436674,importacao,metricInsurance,US$,valor_monetario,Valor mensal total do seguro das importações brasileiras.,False,,mensal,mensal
2022-06-30,Comex Stat/MDIC,comex_importacoes_seguro_usd,comercio_exterior,19802883,importacao,metricInsurance,US$,valor_monetario,Valor mensal total do seguro das importações brasileiras.,False,,mensal,mensal
2022-07-31,Comex Stat/MDIC,comex_importacoes_seguro_usd,comercio_exterior,20943002,importacao,metricInsurance,US$,valor_monetario,Valor mensal total do seguro das importações brasileiras.,False,,mensal,mensal
2022-08-31,Comex Stat/MDIC,comex_importacoes_seguro_usd,comercio_exterior,21512366,importacao,metricInsurance,US$,valor_monetario,Valor mensal total do seguro das importações brasileiras.,False,,mensal,mensal
2022-09-30,Comex Stat/MDIC,comex_importacoes_seguro_usd,comercio_exterior,19774396,importacao,metricInsurance,US$,valor_monetario,Valor mensal total do seguro das importações brasileiras.,False,,mensal,mensal
2022-10-31,Comex Stat/MDIC,comex_importacoes_seguro_usd,comercio_exterior,19596751,importacao,metricInsurance,US$,valor_monetario,Valor mensal total do seguro das importações brasileiras.,False,,mensal,mensal
2022-11-30,Comex Stat/MDIC,comex_importacoes_seguro_usd,comercio_exterior,20140466,importacao,metricInsurance,US$,valor_monetario,Valor mensal total do seguro das importações brasileiras.,False,,mensal,mensal
2022-12-31,Comex Stat/MDIC,comex_importacoes_seguro_usd,comercio_exterior,16957586,importacao,metricInsurance,US$,valor_monetario,Valor mensal total do seguro das importações brasileiras.,False,,mensal,mensal
2023-01-31,Comex Stat/MDIC,comex_importacoes_seguro_usd,comercio_exterior,15415419,importacao,metricInsurance,US$,valor_monetario,Valor mensal total do seguro das importações brasileiras.,False,,mensal,mensal
2023-02-28,Comex Stat/MDIC,comex_importacoes_seguro_usd,comercio_exterior,12984997,importacao,metricInsurance,US$,valor_monetario,Valor mensal total do seguro das importações brasileiras.,False,,mensal,mensal
2023-03-31,Comex Stat/MDIC,comex_importacoes_seguro_usd,comercio_exterior,17049431,importacao,metricInsurance,US$,valor_monetario,Valor mensal total do seguro das importações brasileiras.,False,,mensal,mensal
2023-04-30,Comex Stat/MDIC,comex_importacoes_seguro_usd,comercio_exterior,13806307,importacao,metricInsurance,US$,valor_monetario,Valor mensal total do seguro das importações brasileiras.,False,,mensal,mensal
2023-05-31,Comex Stat/MDIC,comex_importacoes_seguro_usd,comercio_exterior,17627995,importacao,metricInsurance,US$,valor_monetario,Valor mensal total do seguro das importações brasileiras.,False,,mensal,mensal
2023-06-30,Comex Stat/MDIC,comex_importacoes_seguro_usd,comercio_exterior,14846203,importacao,metricInsurance,US$,valor_monetario,Valor mensal total do seguro das importações brasileiras.,False,,mensal,mensal
2023-07-31,Comex Stat/MDIC,comex_importacoes_seguro_usd,comercio_exterior,13998904,importacao,metricInsurance,US$,valor_monetario,Valor mensal total do seguro das importações brasileiras.,False,,mensal,mensal
2023-08-31,Comex Stat/MDIC,comex_importacoes_seguro_usd,comercio_exterior,15448604,importacao,metricInsurance,US$,valor_monetario,Valor mensal total do seguro das importações brasileiras.,False,,mensal,mensal
2023-09-30,Comex Stat/MDIC,comex_importacoes_seguro_usd,comercio_exterior,13894064,importacao,metricInsurance,US$,valor_monetario,Valor mensal total do seguro das importações brasileiras.,False,,mensal,mensal
2023-10-31,Comex Stat/MDIC,comex_importacoes_seguro_usd,comercio_exterior,16645109,importacao,metricInsurance,US$,valor_monetario,Valor mensal total do seguro das importações brasileiras.,False,,mensal,mensal
2023-11-30,Comex Stat/MDIC,comex_importacoes_seguro_usd,comercio_exterior,19495194,importacao,metricInsurance,US$,valor_monetario,Valor mensal total do seguro das importações brasileiras.,False,,mensal,mensal
2023-12-31,Comex Stat/MDIC,comex_importacoes_seguro_usd,comercio_exterior,15092459,importacao,metricInsurance,US$,valor_monetario,Valor mensal total do seguro das importações brasileiras.,False,,mensal,mensal
2024-01-31,Comex Stat/MDIC,comex_importacoes_seguro_usd,comercio_exterior,15449621,importacao,metricInsurance,US$,valor_monetario,Valor mensal total do seguro das importações brasileiras.,False,,mensal,mensal
2024-02-29,Comex Stat/MDIC,comex_importacoes_seguro_usd,comercio_exterior,13689614,importacao,metricInsurance,US$,valor_monetario,Valor mensal total do seguro das importações brasileiras.,False,,mensal,mensal
2024-03-31,Comex Stat/MDIC,comex_importacoes_seguro_usd,comercio_exterior,14993932,importacao,metricInsurance,US$,valor_monetario,Valor mensal total do seguro das importações brasileiras.,False,,mensal,mensal
2024-04-30,Comex Stat/MDIC,comex_importacoes_seguro_usd,comercio_exterior,16043974,importacao,metricInsurance,US$,valor_monetario,Valor mensal total do seguro das importações brasileiras.,False,,mensal,mensal
2024-05-31,Comex Stat/MDIC,comex_importacoes_seguro_usd,comercio_exterior,19379485,importacao,metricInsurance,US$,valor_monetario,Valor mensal total do seguro das importações brasileiras.,False,,mensal,mensal
2024-06-30,Comex Stat/MDIC,comex_importacoes_seguro_usd,comercio_exterior,19940111,importacao,metricInsurance,US$,valor_monetario,Valor mensal total do seguro das importações brasileiras.,False,,mensal,mensal
2024-07-31,Comex Stat/MDIC,comex_importacoes_seguro_usd,comercio_exterior,21009645,importacao,metricInsurance,US$,valor_monetario,Valor mensal total do seguro das importações brasileiras.,False,,mensal,mensal
2024-08-31,Comex Stat/MDIC,comex_importacoes_seguro_usd,comercio_exterior,21967343,importacao,metricInsurance,US$,valor_monetario,Valor mensal total do seguro das importações brasileiras.,False,,mensal,mensal
2024-09-30,Comex Stat/MDIC,comex_importacoes_seguro_usd,comercio_exterior,20912126,importacao,metricInsurance,US$,valor_monetario,Valor mensal total do seguro das importações brasileiras.,False,,mensal,mensal
2024-10-31,Comex Stat/MDIC,comex_importacoes_seguro_usd,comercio_exterior,20610233,importacao,metricInsurance,US$,valor_monetario,Valor mensal total do seguro das importações brasileiras.,False,,mensal,mensal
2024-11-30,Comex Stat/MDIC,comex_importacoes_seguro_usd,comercio_exterior,16137790,importacao,metricInsurance,US$,valor_monetario,Valor mensal total do seguro das importações brasileiras.,False,,mensal,mensal
2024-12-31,Comex Stat/MDIC,comex_importacoes_seguro_usd,comercio_exterior,15797357,importacao,metricInsurance,US$,valor_monetario,Valor mensal total do seguro das importações brasileiras.,False,,mensal,mensal
2025-01-31,Comex Stat/MDIC,comex_importacoes_seguro_usd,comercio_exterior,22123041,importacao,metricInsurance,US$,valor_monetario,Valor mensal total do seguro das importações brasileiras.,False,,mensal,mensal
2025-02-28,Comex Stat/MDIC,comex_importacoes_seguro_usd,comercio_exterior,16313313,importacao,metricInsurance,US$,valor_monetario,Valor mensal total do seguro das importações brasileiras.,False,,mensal,mensal
2025-03-31,Comex Stat/MDIC,comex_importacoes_seguro_usd,comercio_exterior,19919540,importacao,metricInsurance,US$,valor_monetario,Valor mensal total do seguro das importações brasileiras.,False,,mensal,mensal
2025-04-30,Comex Stat/MDIC,comex_importacoes_seguro_usd,comercio_exterior,23125477,importacao,metricInsurance,US$,valor_monetario,Valor mensal total do seguro das importações brasileiras.,False,,mensal,mensal
2025-05-31,Comex Stat/MDIC,comex_importacoes_seguro_usd,comercio_exterior,22796692,importacao,metricInsurance,US$,valor_monetario,Valor mensal total do seguro das importações brasileiras.,False,,mensal,mensal
2025-06-30,Comex Stat/MDIC,comex_importacoes_seguro_usd,comercio_exterior,20745580,importacao,metricInsurance,US$,valor_monetario,Valor mensal total do seguro das importações brasileiras.,False,,mensal,mensal
2025-07-31,Comex Stat/MDIC,comex_importacoes_seguro_usd,comercio_exterior,23030203,importacao,metricInsurance,US$,valor_monetario,Valor mensal total do seguro das importações brasileiras.,False,,mensal,mensal
2025-08-31,Comex Stat/MDIC,comex_importacoes_seguro_usd,comercio_exterior,18335342,importacao,metricInsurance,US$,valor_monetario,Valor mensal total do seguro das importações brasileiras.,False,,mensal,mensal
2025-09-30,Comex Stat/MDIC,comex_importacoes_seguro_usd,comercio_exterior,21793183,importacao,metricInsurance,US$,valor_monetario,Valor mensal total do seguro das importações brasileiras.,False,,mensal,mensal
2025-10-31,Comex Stat/MDIC,comex_importacoes_seguro_usd,comercio_exterior,20494590,importacao,metricInsurance,US$,valor_monetario,Valor mensal total do seguro das importações brasileiras.,False,,mensal,mensal
2025-11-30,Comex Stat/MDIC,comex_importacoes_seguro_usd,comercio_exterior,19886771,importacao,metricInsurance,US$,valor_monetario,Valor mensal total do seguro das importações brasileiras.,False,,mensal,mensal
2025-12-31,Comex Stat/MDIC,comex_importacoes_seguro_usd,comercio_exterior,23920408,importacao,metricInsurance,US$,valor_monetario,Valor mensal total do seguro das importações brasileiras.,False,,mensal,mensal
2026-01-31,Comex Stat/MDIC,comex_importacoes_seguro_usd,comercio_exterior,19491349,importacao,metricInsurance,US$,valor_monetario,Valor mensal total do seguro das importações brasileiras.,False,,mensal,mensal
2026-02-28,Comex Stat/MDIC,comex_importacoes_seguro_usd,comercio_exterior,21747059,importacao,metricInsurance,US$,valor_monetario,Valor mensal total do seguro das importações brasileiras.,False,,mensal,mensal
2026-03-31,Comex Stat/MDIC,comex_importacoes_seguro_usd,comercio_exterior,30697751,importacao,metricInsurance,US$,valor_monetario,Valor mensal total do seguro das importações brasileiras.,False,,mensal,mensal
2026-04-30,Comex Stat/MDIC,comex_importacoes_seguro_usd,comercio_exterior,26781461,importacao,metricInsurance,US$,valor_monetario,Valor mensal total do seguro das importações brasileiras.,False,,mensal,mensal
2026-05-31,Comex Stat/MDIC,comex_importacoes_seguro_usd,comercio_exterior,30748299,importacao,metricInsurance,US$,valor_monetario,Valor mensal total do seguro das importações brasileiras.,False,,mensal,mensal
2026-06-30,Comex Stat/MDIC,comex_importacoes_seguro_usd,comercio_exterior,23910838,importacao,metricInsurance,US$,valor_monetario,Valor mensal total do seguro das importações brasileiras.,False,,mensal,mensal
2026-07-31,Comex Stat/MDIC,comex_importacoes_seguro_usd,comercio_exterior,26306646,importacao,metricInsurance,US$,valor_monetario,Valor mensal total do seguro das importações brasileiras.,False,,mensal,mensal
2026-08-31,Comex Stat/MDIC,comex_importacoes_seguro_usd,comercio_exterior,19241881,importacao,metricInsurance,US$,valor_monetario,Valor mensal total do seguro das importações brasileiras.,False,,mensal,mensal
1997-01-31,Comex Stat/MDIC,comex_saldo_comercial_usd,comercio_exterior,1092311339,calculado,,US$,valor_monetario,Saldo comercial mensal brasileiro.,True,comex_exportacoes_fob_usd - comex_importacoes_fob_usd,mensal,mensal
1997-02-28,Comex Stat/MDIC,comex_saldo_comercial_usd,comercio_exterior,-1176022834,calculado,,US$,valor_monetario,Saldo comercial mensal brasileiro.,True,comex_exportacoes_fob_usd - comex_importacoes_fob_usd,mensal,mensal
1997-03-31,Comex Stat/MDIC,comex_saldo_comercial_usd,comercio_exterior,-964854567,calculado,,US$,valor_monetario,Saldo comercial mensal brasileiro.,True,comex_exportacoes_fob_usd - comex_importacoes_fob_usd,mensal,mensal
1997-04-30,Comex Stat/MDIC,comex_saldo_comercial_usd,comercio_exterior,-965947847,calculado,,US$,valor_monetario,Saldo comercial mensal brasileiro.,True,comex_exportacoes_fob_usd - comex_importacoes_fob_usd,mensal,mensal
1997-05-31,Comex Stat/MDIC,comex_saldo_comercial_usd,comercio_exterior,-134442942,calculado,,US$,valor_monetario,Saldo comercial mensal brasileiro.,True,comex_exportacoes_fob_usd - comex_importacoes_fob_usd,mensal,mensal
1997-06-30,Comex Stat/MDIC,comex_saldo_comercial_usd,comercio_exterior,-429226111,calculado,,US$,valor_monetario,Saldo comercial mensal brasileiro.,True,comex_exportacoes_fob_usd - comex_importacoes_fob_usd,mensal,mensal
1997-07-31,Comex Stat/MDIC,comex_saldo_comercial_usd,comercio_exterior,-616930207,calculado,,US$,valor_monetario,Saldo comercial mensal brasileiro.,True,comex_exportacoes_fob_usd - comex_importacoes_fob_usd,mensal,mensal
1997-08-31,Comex Stat/MDIC,comex_saldo_comercial_usd,comercio_exterior,-361321245,calculado,,US$,valor_monetario,Saldo comercial mensal brasileiro.,True,comex_exportacoes_fob_usd - comex_importacoes_fob_usd,mensal,mensal
1997-09-30,Comex Stat/MDIC,comex_saldo_comercial_usd,comercio_exterior,-910902953,calculado,,US$,valor_monetario,Saldo comercial mensal brasileiro.,True,comex_exportacoes_fob_usd - comex_importacoes_fob_usd,mensal,mensal
1997-10-31,Comex Stat/MDIC,comex_saldo_comercial_usd,comercio_exterior,-927761427,calculado,,US$,valor_monetario,Saldo comercial mensal brasileiro.,True,comex_exportacoes_fob_usd - comex_importacoes_fob_usd,mensal,mensal
1997-11-30,Comex Stat/MDIC,comex_saldo_comercial_usd,comercio_exterior,-1359465385,calculado,,US$,valor_monetario,Saldo comercial mensal brasileiro.,True,comex_exportacoes_fob_usd - comex_importacoes_fob_usd,mensal,mensal
1997-12-31,Comex Stat/MDIC,comex_saldo_comercial_usd,comercio_exterior,-835902348,calculado,,US$,valor_monetario,Saldo comercial mensal brasileiro.,True,comex_exportacoes_fob_usd - comex_importacoes_fob_usd,mensal,mensal
1998-01-31,Comex Stat/MDIC,comex_saldo_comercial_usd,comercio_exterior,-804342828,calculado,,US$,valor_monetario,Saldo comercial mensal brasileiro.,True,comex_exportacoes_fob_usd - comex_importacoes_fob_usd,mensal,mensal
1998-02-28,Comex Stat/MDIC,comex_saldo_comercial_usd,comercio_exterior,-308372746,calculado,,US$,valor_monetario,Saldo comercial mensal brasileiro.,True,comex_exportacoes_fob_usd - comex_importacoes_fob_usd,mensal,mensal
1998-03-31,Comex Stat/MDIC,comex_saldo_comercial_usd,comercio_exterior,-975144218,calculado,,US$,valor_monetario,Saldo comercial mensal brasileiro.,True,comex_exportacoes_fob_usd - comex_importacoes_fob_usd,mensal,mensal
1998-04-30,Comex Stat/MDIC,comex_saldo_comercial_usd,comercio_exterior,-131359564,calculado,,US$,valor_monetario,Saldo comercial mensal brasileiro.,True,comex_exportacoes_fob_usd - comex_importacoes_fob_usd,mensal,mensal
1998-05-31,Comex Stat/MDIC,comex_saldo_comercial_usd,comercio_exterior,-205906885,calculado,,US$,valor_monetario,Saldo comercial mensal brasileiro.,True,comex_exportacoes_fob_usd - comex_importacoes_fob_usd,mensal,mensal
1998-06-30,Comex Stat/MDIC,comex_saldo_comercial_usd,comercio_exterior,103536835,calculado,,US$,valor_monetario,Saldo comercial mensal brasileiro.,True,comex_exportacoes_fob_usd - comex_importacoes_fob_usd,mensal,mensal
1998-07-31,Comex Stat/MDIC,comex_saldo_comercial_usd,comercio_exterior,-512171106,calculado,,US$,valor_monetario,Saldo comercial mensal brasileiro.,True,comex_exportacoes_fob_usd - comex_importacoes_fob_usd,mensal,mensal
1998-08-31,Comex Stat/MDIC,comex_saldo_comercial_usd,comercio_exterior,-254000221,calculado,,US$,valor_monetario,Saldo comercial mensal brasileiro.,True,comex_exportacoes_fob_usd - comex_importacoes_fob_usd,mensal,mensal
1998-09-30,Comex Stat/MDIC,comex_saldo_comercial_usd,comercio_exterior,-1282597112,calculado,,US$,valor_monetario,Saldo comercial mensal brasileiro.,True,comex_exportacoes_fob_usd - comex_importacoes_fob_usd,mensal,mensal
1998-10-31,Comex Stat/MDIC,comex_saldo_comercial_usd,comercio_exterior,-1520310301,calculado,,US$,valor_monetario,Saldo comercial mensal brasileiro.,True,comex_exportacoes_fob_usd - comex_importacoes_fob_usd,mensal,mensal
1998-11-30,Comex Stat/MDIC,comex_saldo_comercial_usd,comercio_exterior,-1114225434,calculado,,US$,valor_monetario,Saldo comercial mensal brasileiro.,True,comex_exportacoes_fob_usd - comex_importacoes_fob_usd,mensal,mensal
1998-12-31,Comex Stat/MDIC,comex_saldo_comercial_usd,comercio_exterior,-591363779,calculado,,US$,valor_monetario,Saldo comercial mensal brasileiro.,True,comex_exportacoes_fob_usd - comex_importacoes_fob_usd,mensal,mensal
1999-01-31,Comex Stat/MDIC,comex_saldo_comercial_usd,comercio_exterior,-798490963,calculado,,US$,valor_monetario,Saldo comercial mensal brasileiro.,True,comex_exportacoes_fob_usd - comex_importacoes_fob_usd,mensal,mensal
1999-02-28,Comex Stat/MDIC,comex_saldo_comercial_usd,comercio_exterior,28156429,calculado,,US$,valor_monetario,Saldo comercial mensal brasileiro.,True,comex_exportacoes_fob_usd - comex_importacoes_fob_usd,mensal,mensal
1999-03-31,Comex Stat/MDIC,comex_saldo_comercial_usd,comercio_exterior,-308563066,calculado,,US$,valor_monetario,Saldo comercial mensal brasileiro.,True,comex_exportacoes_fob_usd - comex_importacoes_fob_usd,mensal,mensal
1999-04-30,Comex Stat/MDIC,comex_saldo_comercial_usd,comercio_exterior,-55579676,calculado,,US$,valor_monetario,Saldo comercial mensal brasileiro.,True,comex_exportacoes_fob_usd - comex_importacoes_fob_usd,mensal,mensal
1999-05-31,Comex Stat/MDIC,comex_saldo_comercial_usd,comercio_exterior,210373604,calculado,,US$,valor_monetario,Saldo comercial mensal brasileiro.,True,comex_exportacoes_fob_usd - comex_importacoes_fob_usd,mensal,mensal
1999-06-30,Comex Stat/MDIC,comex_saldo_comercial_usd,comercio_exterior,-241847628,calculado,,US$,valor_monetario,Saldo comercial mensal brasileiro.,True,comex_exportacoes_fob_usd - comex_importacoes_fob_usd,mensal,mensal
1999-07-31,Comex Stat/MDIC,comex_saldo_comercial_usd,comercio_exterior,-2457186,calculado,,US$,valor_monetario,Saldo comercial mensal brasileiro.,True,comex_exportacoes_fob_usd - comex_importacoes_fob_usd,mensal,mensal
1999-08-31,Comex Stat/MDIC,comex_saldo_comercial_usd,comercio_exterior,-281718987,calculado,,US$,valor_monetario,Saldo comercial mensal brasileiro.,True,comex_exportacoes_fob_usd - comex_importacoes_fob_usd,mensal,mensal
1999-09-30,Comex Stat/MDIC,comex_saldo_comercial_usd,comercio_exterior,-141461310,calculado,,US$,valor_monetario,Saldo comercial mensal brasileiro.,True,comex_exportacoes_fob_usd - comex_importacoes_fob_usd,mensal,mensal
1999-10-31,Comex Stat/MDIC,comex_saldo_comercial_usd,comercio_exterior,-241074000,calculado,,US$,valor_monetario,Saldo comercial mensal brasileiro.,True,comex_exportacoes_fob_usd - comex_importacoes_fob_usd,mensal,mensal
1999-11-30,Comex Stat/MDIC,comex_saldo_comercial_usd,comercio_exterior,-621370924,calculado,,US$,valor_monetario,Saldo comercial mensal brasileiro.,True,comex_exportacoes_fob_usd - comex_importacoes_fob_usd,mensal,mensal
1999-12-31,Comex Stat/MDIC,comex_saldo_comercial_usd,comercio_exterior,140402661,calculado,,US$,valor_monetario,Saldo comercial mensal brasileiro.,True,comex_exportacoes_fob_usd - comex_importacoes_fob_usd,mensal,mensal
2000-01-31,Comex Stat/MDIC,comex_saldo_comercial_usd,comercio_exterior,-207807618,calculado,,US$,valor_monetario,Saldo comercial mensal brasileiro.,True,comex_exportacoes_fob_usd - comex_importacoes_fob_usd,mensal,mensal
2000-02-29,Comex Stat/MDIC,comex_saldo_comercial_usd,comercio_exterior,-12275398,calculado,,US$,valor_monetario,Saldo comercial mensal brasileiro.,True,comex_exportacoes_fob_usd - comex_importacoes_fob_usd,mensal,mensal
2000-03-31,Comex Stat/MDIC,comex_saldo_comercial_usd,comercio_exterior,-67874854,calculado,,US$,valor_monetario,Saldo comercial mensal brasileiro.,True,comex_exportacoes_fob_usd - comex_importacoes_fob_usd,mensal,mensal
2000-04-30,Comex Stat/MDIC,comex_saldo_comercial_usd,comercio_exterior,91935311,calculado,,US$,valor_monetario,Saldo comercial mensal brasileiro.,True,comex_exportacoes_fob_usd - comex_importacoes_fob_usd,mensal,mensal
2000-05-31,Comex Stat/MDIC,comex_saldo_comercial_usd,comercio_exterior,284108406,calculado,,US$,valor_monetario,Saldo comercial mensal brasileiro.,True,comex_exportacoes_fob_usd - comex_importacoes_fob_usd,mensal,mensal
2000-06-30,Comex Stat/MDIC,comex_saldo_comercial_usd,comercio_exterior,168392983,calculado,,US$,valor_monetario,Saldo comercial mensal brasileiro.,True,comex_exportacoes_fob_usd - comex_importacoes_fob_usd,mensal,mensal
2000-07-31,Comex Stat/MDIC,comex_saldo_comercial_usd,comercio_exterior,39892933,calculado,,US$,valor_monetario,Saldo comercial mensal brasileiro.,True,comex_exportacoes_fob_usd - comex_importacoes_fob_usd,mensal,mensal
2000-08-31,Comex Stat/MDIC,comex_saldo_comercial_usd,comercio_exterior,14434178,calculado,,US$,valor_monetario,Saldo comercial mensal brasileiro.,True,comex_exportacoes_fob_usd - comex_importacoes_fob_usd,mensal,mensal
2000-09-30,Comex Stat/MDIC,comex_saldo_comercial_usd,comercio_exterior,-437846340,calculado,,US$,valor_monetario,Saldo comercial mensal brasileiro.,True,comex_exportacoes_fob_usd - comex_importacoes_fob_usd,mensal,mensal
2000-10-31,Comex Stat/MDIC,comex_saldo_comercial_usd,comercio_exterior,-692412105,calculado,,US$,valor_monetario,Saldo comercial mensal brasileiro.,True,comex_exportacoes_fob_usd - comex_importacoes_fob_usd,mensal,mensal
2000-11-30,Comex Stat/MDIC,comex_saldo_comercial_usd,comercio_exterior,-860010232,calculado,,US$,valor_monetario,Saldo comercial mensal brasileiro.,True,comex_exportacoes_fob_usd - comex_importacoes_fob_usd,mensal,mensal
2000-12-31,Comex Stat/MDIC,comex_saldo_comercial_usd,comercio_exterior,-303727786,calculado,,US$,valor_monetario,Saldo comercial mensal brasileiro.,True,comex_exportacoes_fob_usd - comex_importacoes_fob_usd,mensal,mensal
2001-01-31,Comex Stat/MDIC,comex_saldo_comercial_usd,comercio_exterior,-559563537,calculado,,US$,valor_monetario,Saldo comercial mensal brasileiro.,True,comex_exportacoes_fob_usd - comex_importacoes_fob_usd,mensal,mensal
2001-02-28,Comex Stat/MDIC,comex_saldo_comercial_usd,comercio_exterior,-23812490,calculado,,US$,valor_monetario,Saldo comercial mensal brasileiro.,True,comex_exportacoes_fob_usd - comex_importacoes_fob_usd,mensal,mensal
2001-03-31,Comex Stat/MDIC,comex_saldo_comercial_usd,comercio_exterior,-376858127,calculado,,US$,valor_monetario,Saldo comercial mensal brasileiro.,True,comex_exportacoes_fob_usd - comex_importacoes_fob_usd,mensal,mensal
2001-04-30,Comex Stat/MDIC,comex_saldo_comercial_usd,comercio_exterior,19957243,calculado,,US$,valor_monetario,Saldo comercial mensal brasileiro.,True,comex_exportacoes_fob_usd - comex_importacoes_fob_usd,mensal,mensal
2001-05-31,Comex Stat/MDIC,comex_saldo_comercial_usd,comercio_exterior,125590768,calculado,,US$,valor_monetario,Saldo comercial mensal brasileiro.,True,comex_exportacoes_fob_usd - comex_importacoes_fob_usd,mensal,mensal
2001-06-30,Comex Stat/MDIC,comex_saldo_comercial_usd,comercio_exterior,190673021,calculado,,US$,valor_monetario,Saldo comercial mensal brasileiro.,True,comex_exportacoes_fob_usd - comex_importacoes_fob_usd,mensal,mensal
2001-07-31,Comex Stat/MDIC,comex_saldo_comercial_usd,comercio_exterior,19236754,calculado,,US$,valor_monetario,Saldo comercial mensal brasileiro.,True,comex_exportacoes_fob_usd - comex_importacoes_fob_usd,mensal,mensal
2001-08-31,Comex Stat/MDIC,comex_saldo_comercial_usd,comercio_exterior,543908398,calculado,,US$,valor_monetario,Saldo comercial mensal brasileiro.,True,comex_exportacoes_fob_usd - comex_importacoes_fob_usd,mensal,mensal
2001-09-30,Comex Stat/MDIC,comex_saldo_comercial_usd,comercio_exterior,492056810,calculado,,US$,valor_monetario,Saldo comercial mensal brasileiro.,True,comex_exportacoes_fob_usd - comex_importacoes_fob_usd,mensal,mensal
2001-10-31,Comex Stat/MDIC,comex_saldo_comercial_usd,comercio_exterior,106239741,calculado,,US$,valor_monetario,Saldo comercial mensal brasileiro.,True,comex_exportacoes_fob_usd - comex_importacoes_fob_usd,mensal,mensal
2001-11-30,Comex Stat/MDIC,comex_saldo_comercial_usd,comercio_exterior,187699164,calculado,,US$,valor_monetario,Saldo comercial mensal brasileiro.,True,comex_exportacoes_fob_usd - comex_importacoes_fob_usd,mensal,mensal
2001-12-31,Comex Stat/MDIC,comex_saldo_comercial_usd,comercio_exterior,738146316,calculado,,US$,valor_monetario,Saldo comercial mensal brasileiro.,True,comex_exportacoes_fob_usd - comex_importacoes_fob_usd,mensal,mensal
2002-01-31,Comex Stat/MDIC,comex_saldo_comercial_usd,comercio_exterior,65615650,calculado,,US$,valor_monetario,Saldo comercial mensal brasileiro.,True,comex_exportacoes_fob_usd - comex_importacoes_fob_usd,mensal,mensal
2002-02-28,Comex Stat/MDIC,comex_saldo_comercial_usd,comercio_exterior,169132871,calculado,,US$,valor_monetario,Saldo comercial mensal brasileiro.,True,comex_exportacoes_fob_usd - comex_importacoes_fob_usd,mensal,mensal
2002-03-31,Comex Stat/MDIC,comex_saldo_comercial_usd,comercio_exterior,502639934,calculado,,US$,valor_monetario,Saldo comercial mensal brasileiro.,True,comex_exportacoes_fob_usd - comex_importacoes_fob_usd,mensal,mensal
2002-04-30,Comex Stat/MDIC,comex_saldo_comercial_usd,comercio_exterior,386225210,calculado,,US$,valor_monetario,Saldo comercial mensal brasileiro.,True,comex_exportacoes_fob_usd - comex_importacoes_fob_usd,mensal,mensal
2002-05-31,Comex Stat/MDIC,comex_saldo_comercial_usd,comercio_exterior,269804941,calculado,,US$,valor_monetario,Saldo comercial mensal brasileiro.,True,comex_exportacoes_fob_usd - comex_importacoes_fob_usd,mensal,mensal
2002-06-30,Comex Stat/MDIC,comex_saldo_comercial_usd,comercio_exterior,576772068,calculado,,US$,valor_monetario,Saldo comercial mensal brasileiro.,True,comex_exportacoes_fob_usd - comex_importacoes_fob_usd,mensal,mensal
2002-07-31,Comex Stat/MDIC,comex_saldo_comercial_usd,comercio_exterior,1096274441,calculado,,US$,valor_monetario,Saldo comercial mensal brasileiro.,True,comex_exportacoes_fob_usd - comex_importacoes_fob_usd,mensal,mensal
2002-08-31,Comex Stat/MDIC,comex_saldo_comercial_usd,comercio_exterior,1480378301,calculado,,US$,valor_monetario,Saldo comercial mensal brasileiro.,True,comex_exportacoes_fob_usd - comex_importacoes_fob_usd,mensal,mensal
2002-09-30,Comex Stat/MDIC,comex_saldo_comercial_usd,comercio_exterior,2391483317,calculado,,US$,valor_monetario,Saldo comercial mensal brasileiro.,True,comex_exportacoes_fob_usd - comex_importacoes_fob_usd,mensal,mensal
2002-10-31,Comex Stat/MDIC,comex_saldo_comercial_usd,comercio_exterior,2086583167,calculado,,US$,valor_monetario,Saldo comercial mensal brasileiro.,True,comex_exportacoes_fob_usd - comex_importacoes_fob_usd,mensal,mensal
2002-11-30,Comex Stat/MDIC,comex_saldo_comercial_usd,comercio_exterior,1166516653,calculado,,US$,valor_monetario,Saldo comercial mensal brasileiro.,True,comex_exportacoes_fob_usd - comex_importacoes_fob_usd,mensal,mensal
2002-12-31,Comex Stat/MDIC,comex_saldo_comercial_usd,comercio_exterior,1680967997,calculado,,US$,valor_monetario,Saldo comercial mensal brasileiro.,True,comex_exportacoes_fob_usd - comex_importacoes_fob_usd,mensal,mensal
2003-01-31,Comex Stat/MDIC,comex_saldo_comercial_usd,comercio_exterior,1040289092,calculado,,US$,valor_monetario,Saldo comercial mensal brasileiro.,True,comex_exportacoes_fob_usd - comex_importacoes_fob_usd,mensal,mensal
2003-02-28,Comex Stat/MDIC,comex_saldo_comercial_usd,comercio_exterior,1008623736,calculado,,US$,valor_monetario,Saldo comercial mensal brasileiro.,True,comex_exportacoes_fob_usd - comex_importacoes_fob_usd,mensal,mensal
2003-03-31,Comex Stat/MDIC,comex_saldo_comercial_usd,comercio_exterior,1422889384,calculado,,US$,valor_monetario,Saldo comercial mensal brasileiro.,True,comex_exportacoes_fob_usd - comex_importacoes_fob_usd,mensal,mensal
2003-04-30,Comex Stat/MDIC,comex_saldo_comercial_usd,comercio_exterior,1600225689,calculado,,US$,valor_monetario,Saldo comercial mensal brasileiro.,True,comex_exportacoes_fob_usd - comex_importacoes_fob_usd,mensal,mensal
2003-05-31,Comex Stat/MDIC,comex_saldo_comercial_usd,comercio_exterior,2416734223,calculado,,US$,valor_monetario,Saldo comercial mensal brasileiro.,True,comex_exportacoes_fob_usd - comex_importacoes_fob_usd,mensal,mensal
2003-06-30,Comex Stat/MDIC,comex_saldo_comercial_usd,comercio_exterior,2247402067,calculado,,US$,valor_monetario,Saldo comercial mensal brasileiro.,True,comex_exportacoes_fob_usd - comex_importacoes_fob_usd,mensal,mensal
2003-07-31,Comex Stat/MDIC,comex_saldo_comercial_usd,comercio_exterior,1964850574,calculado,,US$,valor_monetario,Saldo comercial mensal brasileiro.,True,comex_exportacoes_fob_usd - comex_importacoes_fob_usd,mensal,mensal
2003-08-31,Comex Stat/MDIC,comex_saldo_comercial_usd,comercio_exterior,2575243033,calculado,,US$,valor_monetario,Saldo comercial mensal brasileiro.,True,comex_exportacoes_fob_usd - comex_importacoes_fob_usd,mensal,mensal
2003-09-30,Comex Stat/MDIC,comex_saldo_comercial_usd,comercio_exterior,2552780935,calculado,,US$,valor_monetario,Saldo comercial mensal brasileiro.,True,comex_exportacoes_fob_usd - comex_importacoes_fob_usd,mensal,mensal
2003-10-31,Comex Stat/MDIC,comex_saldo_comercial_usd,comercio_exterior,2424696037,calculado,,US$,valor_monetario,Saldo comercial mensal brasileiro.,True,comex_exportacoes_fob_usd - comex_importacoes_fob_usd,mensal,mensal
2003-11-30,Comex Stat/MDIC,comex_saldo_comercial_usd,comercio_exterior,1569928946,calculado,,US$,valor_monetario,Saldo comercial mensal brasileiro.,True,comex_exportacoes_fob_usd - comex_importacoes_fob_usd,mensal,mensal
2003-12-31,Comex Stat/MDIC,comex_saldo_comercial_usd,comercio_exterior,2645919822,calculado,,US$,valor_monetario,Saldo comercial mensal brasileiro.,True,comex_exportacoes_fob_usd - comex_importacoes_fob_usd,mensal,mensal
2004-01-31,Comex Stat/MDIC,comex_saldo_comercial_usd,comercio_exterior,1491603645,calculado,,US$,valor_monetario,Saldo comercial mensal brasileiro.,True,comex_exportacoes_fob_usd - comex_importacoes_fob_usd,mensal,mensal
2004-02-29,Comex Stat/MDIC,comex_saldo_comercial_usd,comercio_exterior,1881776008,calculado,,US$,valor_monetario,Saldo comercial mensal brasileiro.,True,comex_exportacoes_fob_usd - comex_importacoes_fob_usd,mensal,mensal
2004-03-31,Comex Stat/MDIC,comex_saldo_comercial_usd,comercio_exterior,2484287477,calculado,,US$,valor_monetario,Saldo comercial mensal brasileiro.,True,comex_exportacoes_fob_usd - comex_importacoes_fob_usd,mensal,mensal
2004-04-30,Comex Stat/MDIC,comex_saldo_comercial_usd,comercio_exterior,1867701340,calculado,,US$,valor_monetario,Saldo comercial mensal brasileiro.,True,comex_exportacoes_fob_usd - comex_importacoes_fob_usd,mensal,mensal
2004-05-31,Comex Stat/MDIC,comex_saldo_comercial_usd,comercio_exterior,3003665703,calculado,,US$,valor_monetario,Saldo comercial mensal brasileiro.,True,comex_exportacoes_fob_usd - comex_importacoes_fob_usd,mensal,mensal
2004-06-30,Comex Stat/MDIC,comex_saldo_comercial_usd,comercio_exterior,3691672465,calculado,,US$,valor_monetario,Saldo comercial mensal brasileiro.,True,comex_exportacoes_fob_usd - comex_importacoes_fob_usd,mensal,mensal
2004-07-31,Comex Stat/MDIC,comex_saldo_comercial_usd,comercio_exterior,3349507675,calculado,,US$,valor_monetario,Saldo comercial mensal brasileiro.,True,comex_exportacoes_fob_usd - comex_importacoes_fob_usd,mensal,mensal
2004-08-31,Comex Stat/MDIC,comex_saldo_comercial_usd,comercio_exterior,3331445070,calculado,,US$,valor_monetario,Saldo comercial mensal brasileiro.,True,comex_exportacoes_fob_usd - comex_importacoes_fob_usd,mensal,mensal
2004-09-30,Comex Stat/MDIC,comex_saldo_comercial_usd,comercio_exterior,3075178839,calculado,,US$,valor_monetario,Saldo comercial mensal brasileiro.,True,comex_exportacoes_fob_usd - comex_importacoes_fob_usd,mensal,mensal
2004-10-31,Comex Stat/MDIC,comex_saldo_comercial_usd,comercio_exterior,2245662332,calculado,,US$,valor_monetario,Saldo comercial mensal brasileiro.,True,comex_exportacoes_fob_usd - comex_importacoes_fob_usd,mensal,mensal
2004-11-30,Comex Stat/MDIC,comex_saldo_comercial_usd,comercio_exterior,1984614217,calculado,,US$,valor_monetario,Saldo comercial mensal brasileiro.,True,comex_exportacoes_fob_usd - comex_importacoes_fob_usd,mensal,mensal
2004-12-31,Comex Stat/MDIC,comex_saldo_comercial_usd,comercio_exterior,2900920930,calculado,,US$,valor_monetario,Saldo comercial mensal brasileiro.,True,comex_exportacoes_fob_usd - comex_importacoes_fob_usd,mensal,mensal
2005-01-31,Comex Stat/MDIC,comex_saldo_comercial_usd,comercio_exterior,2130852498,calculado,,US$,valor_monetario,Saldo comercial mensal brasileiro.,True,comex_exportacoes_fob_usd - comex_importacoes_fob_usd,mensal,mensal
2005-02-28,Comex Stat/MDIC,comex_saldo_comercial_usd,comercio_exterior,2705727140,calculado,,US$,valor_monetario,Saldo comercial mensal brasileiro.,True,comex_exportacoes_fob_usd - comex_importacoes_fob_usd,mensal,mensal
2005-03-31,Comex Stat/MDIC,comex_saldo_comercial_usd,comercio_exterior,3259648213,calculado,,US$,valor_monetario,Saldo comercial mensal brasileiro.,True,comex_exportacoes_fob_usd - comex_importacoes_fob_usd,mensal,mensal
2005-04-30,Comex Stat/MDIC,comex_saldo_comercial_usd,comercio_exterior,3823287660,calculado,,US$,valor_monetario,Saldo comercial mensal brasileiro.,True,comex_exportacoes_fob_usd - comex_importacoes_fob_usd,mensal,mensal
2005-05-31,Comex Stat/MDIC,comex_saldo_comercial_usd,comercio_exterior,3386874548,calculado,,US$,valor_monetario,Saldo comercial mensal brasileiro.,True,comex_exportacoes_fob_usd - comex_importacoes_fob_usd,mensal,mensal
2005-06-30,Comex Stat/MDIC,comex_saldo_comercial_usd,comercio_exterior,3962752093,calculado,,US$,valor_monetario,Saldo comercial mensal brasileiro.,True,comex_exportacoes_fob_usd - comex_importacoes_fob_usd,mensal,mensal
2005-07-31,Comex Stat/MDIC,comex_saldo_comercial_usd,comercio_exterior,4936524811,calculado,,US$,valor_monetario,Saldo comercial mensal brasileiro.,True,comex_exportacoes_fob_usd - comex_importacoes_fob_usd,mensal,mensal
2005-08-31,Comex Stat/MDIC,comex_saldo_comercial_usd,comercio_exterior,3561030074,calculado,,US$,valor_monetario,Saldo comercial mensal brasileiro.,True,comex_exportacoes_fob_usd - comex_importacoes_fob_usd,mensal,mensal
2005-09-30,Comex Stat/MDIC,comex_saldo_comercial_usd,comercio_exterior,4256953338,calculado,,US$,valor_monetario,Saldo comercial mensal brasileiro.,True,comex_exportacoes_fob_usd - comex_importacoes_fob_usd,mensal,mensal
2005-10-31,Comex Stat/MDIC,comex_saldo_comercial_usd,comercio_exterior,3602477447,calculado,,US$,valor_monetario,Saldo comercial mensal brasileiro.,True,comex_exportacoes_fob_usd - comex_importacoes_fob_usd,mensal,mensal
2005-11-30,Comex Stat/MDIC,comex_saldo_comercial_usd,comercio_exterior,4035341840,calculado,,US$,valor_monetario,Saldo comercial mensal brasileiro.,True,comex_exportacoes_fob_usd - comex_importacoes_fob_usd,mensal,mensal
2005-12-31,Comex Stat/MDIC,comex_saldo_comercial_usd,comercio_exterior,4244150191,calculado,,US$,valor_monetario,Saldo comercial mensal brasileiro.,True,comex_exportacoes_fob_usd - comex_importacoes_fob_usd,mensal,mensal
2006-01-31,Comex Stat/MDIC,comex_saldo_comercial_usd,comercio_exterior,2729856122,calculado,,US$,valor_monetario,Saldo comercial mensal brasileiro.,True,comex_exportacoes_fob_usd - comex_importacoes_fob_usd,mensal,mensal
2006-02-28,Comex Stat/MDIC,comex_saldo_comercial_usd,comercio_exterior,2684690205,calculado,,US$,valor_monetario,Saldo comercial mensal brasileiro.,True,comex_exportacoes_fob_usd - comex_importacoes_fob_usd,mensal,mensal
2006-03-31,Comex Stat/MDIC,comex_saldo_comercial_usd,comercio_exterior,3564607552,calculado,,US$,valor_monetario,Saldo comercial mensal brasileiro.,True,comex_exportacoes_fob_usd - comex_importacoes_fob_usd,mensal,mensal
2006-04-30,Comex Stat/MDIC,comex_saldo_comercial_usd,comercio_exterior,2976220084,calculado,,US$,valor_monetario,Saldo comercial mensal brasileiro.,True,comex_exportacoes_fob_usd - comex_importacoes_fob_usd,mensal,mensal
2006-05-31,Comex Stat/MDIC,comex_saldo_comercial_usd,comercio_exterior,2893860509,calculado,,US$,valor_monetario,Saldo comercial mensal brasileiro.,True,comex_exportacoes_fob_usd - comex_importacoes_fob_usd,mensal,mensal
2006-06-30,Comex Stat/MDIC,comex_saldo_comercial_usd,comercio_exterior,3977608479,calculado,,US$,valor_monetario,Saldo comercial mensal brasileiro.,True,comex_exportacoes_fob_usd - comex_importacoes_fob_usd,mensal,mensal
2006-07-31,Comex Stat/MDIC,comex_saldo_comercial_usd,comercio_exterior,5552584198,calculado,,US$,valor_monetario,Saldo comercial mensal brasileiro.,True,comex_exportacoes_fob_usd - comex_importacoes_fob_usd,mensal,mensal
2006-08-31,Comex Stat/MDIC,comex_saldo_comercial_usd,comercio_exterior,4434261575,calculado,,US$,valor_monetario,Saldo comercial mensal brasileiro.,True,comex_exportacoes_fob_usd - comex_importacoes_fob_usd,mensal,mensal
2006-09-30,Comex Stat/MDIC,comex_saldo_comercial_usd,comercio_exterior,4348261285,calculado,,US$,valor_monetario,Saldo comercial mensal brasileiro.,True,comex_exportacoes_fob_usd - comex_importacoes_fob_usd,mensal,mensal
2006-10-31,Comex Stat/MDIC,comex_saldo_comercial_usd,comercio_exterior,3825544612,calculado,,US$,valor_monetario,Saldo comercial mensal brasileiro.,True,comex_exportacoes_fob_usd - comex_importacoes_fob_usd,mensal,mensal
2006-11-30,Comex Stat/MDIC,comex_saldo_comercial_usd,comercio_exterior,3113323546,calculado,,US$,valor_monetario,Saldo comercial mensal brasileiro.,True,comex_exportacoes_fob_usd - comex_importacoes_fob_usd,mensal,mensal
2006-12-31,Comex Stat/MDIC,comex_saldo_comercial_usd,comercio_exterior,4949236172,calculado,,US$,valor_monetario,Saldo comercial mensal brasileiro.,True,comex_exportacoes_fob_usd - comex_importacoes_fob_usd,mensal,mensal
2007-01-31,Comex Stat/MDIC,comex_saldo_comercial_usd,comercio_exterior,2403870176,calculado,,US$,valor_monetario,Saldo comercial mensal brasileiro.,True,comex_exportacoes_fob_usd - comex_importacoes_fob_usd,mensal,mensal
2007-02-28,Comex Stat/MDIC,comex_saldo_comercial_usd,comercio_exterior,2766362492,calculado,,US$,valor_monetario,Saldo comercial mensal brasileiro.,True,comex_exportacoes_fob_usd - comex_importacoes_fob_usd,mensal,mensal
2007-03-31,Comex Stat/MDIC,comex_saldo_comercial_usd,comercio_exterior,3230900222,calculado,,US$,valor_monetario,Saldo comercial mensal brasileiro.,True,comex_exportacoes_fob_usd - comex_importacoes_fob_usd,mensal,mensal
2007-04-30,Comex Stat/MDIC,comex_saldo_comercial_usd,comercio_exterior,4050361332,calculado,,US$,valor_monetario,Saldo comercial mensal brasileiro.,True,comex_exportacoes_fob_usd - comex_importacoes_fob_usd,mensal,mensal
2007-05-31,Comex Stat/MDIC,comex_saldo_comercial_usd,comercio_exterior,3723119771,calculado,,US$,valor_monetario,Saldo comercial mensal brasileiro.,True,comex_exportacoes_fob_usd - comex_importacoes_fob_usd,mensal,mensal
2007-06-30,Comex Stat/MDIC,comex_saldo_comercial_usd,comercio_exterior,3670795587,calculado,,US$,valor_monetario,Saldo comercial mensal brasileiro.,True,comex_exportacoes_fob_usd - comex_importacoes_fob_usd,mensal,mensal
2007-07-31,Comex Stat/MDIC,comex_saldo_comercial_usd,comercio_exterior,3189939380,calculado,,US$,valor_monetario,Saldo comercial mensal brasileiro.,True,comex_exportacoes_fob_usd - comex_importacoes_fob_usd,mensal,mensal
2007-08-31,Comex Stat/MDIC,comex_saldo_comercial_usd,comercio_exterior,3410256860,calculado,,US$,valor_monetario,Saldo comercial mensal brasileiro.,True,comex_exportacoes_fob_usd - comex_importacoes_fob_usd,mensal,mensal
2007-09-30,Comex Stat/MDIC,comex_saldo_comercial_usd,comercio_exterior,2760298683,calculado,,US$,valor_monetario,Saldo comercial mensal brasileiro.,True,comex_exportacoes_fob_usd - comex_importacoes_fob_usd,mensal,mensal
2007-10-31,Comex Stat/MDIC,comex_saldo_comercial_usd,comercio_exterior,3263601542,calculado,,US$,valor_monetario,Saldo comercial mensal brasileiro.,True,comex_exportacoes_fob_usd - comex_importacoes_fob_usd,mensal,mensal
2007-11-30,Comex Stat/MDIC,comex_saldo_comercial_usd,comercio_exterior,1825533291,calculado,,US$,valor_monetario,Saldo comercial mensal brasileiro.,True,comex_exportacoes_fob_usd - comex_importacoes_fob_usd,mensal,mensal
2007-12-31,Comex Stat/MDIC,comex_saldo_comercial_usd,comercio_exterior,3479395377,calculado,,US$,valor_monetario,Saldo comercial mensal brasileiro.,True,comex_exportacoes_fob_usd - comex_importacoes_fob_usd,mensal,mensal
2008-01-31,Comex Stat/MDIC,comex_saldo_comercial_usd,comercio_exterior,746441909,calculado,,US$,valor_monetario,Saldo comercial mensal brasileiro.,True,comex_exportacoes_fob_usd - comex_importacoes_fob_usd,mensal,mensal
2008-02-29,Comex Stat/MDIC,comex_saldo_comercial_usd,comercio_exterior,663917525,calculado,,US$,valor_monetario,Saldo comercial mensal brasileiro.,True,comex_exportacoes_fob_usd - comex_importacoes_fob_usd,mensal,mensal
2008-03-31,Comex Stat/MDIC,comex_saldo_comercial_usd,comercio_exterior,792730471,calculado,,US$,valor_monetario,Saldo comercial mensal brasileiro.,True,comex_exportacoes_fob_usd - comex_importacoes_fob_usd,mensal,mensal
2008-04-30,Comex Stat/MDIC,comex_saldo_comercial_usd,comercio_exterior,1560948915,calculado,,US$,valor_monetario,Saldo comercial mensal brasileiro.,True,comex_exportacoes_fob_usd - comex_importacoes_fob_usd,mensal,mensal
2008-05-31,Comex Stat/MDIC,comex_saldo_comercial_usd,comercio_exterior,3869420449,calculado,,US$,valor_monetario,Saldo comercial mensal brasileiro.,True,comex_exportacoes_fob_usd - comex_importacoes_fob_usd,mensal,mensal
2008-06-30,Comex Stat/MDIC,comex_saldo_comercial_usd,comercio_exterior,2555917307,calculado,,US$,valor_monetario,Saldo comercial mensal brasileiro.,True,comex_exportacoes_fob_usd - comex_importacoes_fob_usd,mensal,mensal
2008-07-31,Comex Stat/MDIC,comex_saldo_comercial_usd,comercio_exterior,3121975322,calculado,,US$,valor_monetario,Saldo comercial mensal brasileiro.,True,comex_exportacoes_fob_usd - comex_importacoes_fob_usd,mensal,mensal
2008-08-31,Comex Stat/MDIC,comex_saldo_comercial_usd,comercio_exterior,2082572042,calculado,,US$,valor_monetario,Saldo comercial mensal brasileiro.,True,comex_exportacoes_fob_usd - comex_importacoes_fob_usd,mensal,mensal
2008-09-30,Comex Stat/MDIC,comex_saldo_comercial_usd,comercio_exterior,1687908503,calculado,,US$,valor_monetario,Saldo comercial mensal brasileiro.,True,comex_exportacoes_fob_usd - comex_importacoes_fob_usd,mensal,mensal
2008-10-31,Comex Stat/MDIC,comex_saldo_comercial_usd,comercio_exterior,1094274060,calculado,,US$,valor_monetario,Saldo comercial mensal brasileiro.,True,comex_exportacoes_fob_usd - comex_importacoes_fob_usd,mensal,mensal
2008-11-30,Comex Stat/MDIC,comex_saldo_comercial_usd,comercio_exterior,821486597,calculado,,US$,valor_monetario,Saldo comercial mensal brasileiro.,True,comex_exportacoes_fob_usd - comex_importacoes_fob_usd,mensal,mensal
2008-12-31,Comex Stat/MDIC,comex_saldo_comercial_usd,comercio_exterior,2059943451,calculado,,US$,valor_monetario,Saldo comercial mensal brasileiro.,True,comex_exportacoes_fob_usd - comex_importacoes_fob_usd,mensal,mensal
2009-01-31,Comex Stat/MDIC,comex_saldo_comercial_usd,comercio_exterior,-775742606,calculado,,US$,valor_monetario,Saldo comercial mensal brasileiro.,True,comex_exportacoes_fob_usd - comex_importacoes_fob_usd,mensal,mensal
2009-02-28,Comex Stat/MDIC,comex_saldo_comercial_usd,comercio_exterior,1536246517,calculado,,US$,valor_monetario,Saldo comercial mensal brasileiro.,True,comex_exportacoes_fob_usd - comex_importacoes_fob_usd,mensal,mensal
2009-03-31,Comex Stat/MDIC,comex_saldo_comercial_usd,comercio_exterior,1416554991,calculado,,US$,valor_monetario,Saldo comercial mensal brasileiro.,True,comex_exportacoes_fob_usd - comex_importacoes_fob_usd,mensal,mensal
2009-04-30,Comex Stat/MDIC,comex_saldo_comercial_usd,comercio_exterior,3458331677,calculado,,US$,valor_monetario,Saldo comercial mensal brasileiro.,True,comex_exportacoes_fob_usd - comex_importacoes_fob_usd,mensal,mensal
2009-05-31,Comex Stat/MDIC,comex_saldo_comercial_usd,comercio_exterior,2420520747,calculado,,US$,valor_monetario,Saldo comercial mensal brasileiro.,True,comex_exportacoes_fob_usd - comex_importacoes_fob_usd,mensal,mensal
2009-06-30,Comex Stat/MDIC,comex_saldo_comercial_usd,comercio_exterior,4335692012,calculado,,US$,valor_monetario,Saldo comercial mensal brasileiro.,True,comex_exportacoes_fob_usd - comex_importacoes_fob_usd,mensal,mensal
2009-07-31,Comex Stat/MDIC,comex_saldo_comercial_usd,comercio_exterior,2669956463,calculado,,US$,valor_monetario,Saldo comercial mensal brasileiro.,True,comex_exportacoes_fob_usd - comex_importacoes_fob_usd,mensal,mensal
2009-08-31,Comex Stat/MDIC,comex_saldo_comercial_usd,comercio_exterior,2858078759,calculado,,US$,valor_monetario,Saldo comercial mensal brasileiro.,True,comex_exportacoes_fob_usd - comex_importacoes_fob_usd,mensal,mensal
2009-09-30,Comex Stat/MDIC,comex_saldo_comercial_usd,comercio_exterior,1103814247,calculado,,US$,valor_monetario,Saldo comercial mensal brasileiro.,True,comex_exportacoes_fob_usd - comex_importacoes_fob_usd,mensal,mensal
2009-10-31,Comex Stat/MDIC,comex_saldo_comercial_usd,comercio_exterior,1105744422,calculado,,US$,valor_monetario,Saldo comercial mensal brasileiro.,True,comex_exportacoes_fob_usd - comex_importacoes_fob_usd,mensal,mensal
2009-11-30,Comex Stat/MDIC,comex_saldo_comercial_usd,comercio_exterior,315949151,calculado,,US$,valor_monetario,Saldo comercial mensal brasileiro.,True,comex_exportacoes_fob_usd - comex_importacoes_fob_usd,mensal,mensal
2009-12-31,Comex Stat/MDIC,comex_saldo_comercial_usd,comercio_exterior,1948916283,calculado,,US$,valor_monetario,Saldo comercial mensal brasileiro.,True,comex_exportacoes_fob_usd - comex_importacoes_fob_usd,mensal,mensal
2010-01-31,Comex Stat/MDIC,comex_saldo_comercial_usd,comercio_exterior,-475207406,calculado,,US$,valor_monetario,Saldo comercial mensal brasileiro.,True,comex_exportacoes_fob_usd - comex_importacoes_fob_usd,mensal,mensal
2010-02-28,Comex Stat/MDIC,comex_saldo_comercial_usd,comercio_exterior,130524670,calculado,,US$,valor_monetario,Saldo comercial mensal brasileiro.,True,comex_exportacoes_fob_usd - comex_importacoes_fob_usd,mensal,mensal
2010-03-31,Comex Stat/MDIC,comex_saldo_comercial_usd,comercio_exterior,456674202,calculado,,US$,valor_monetario,Saldo comercial mensal brasileiro.,True,comex_exportacoes_fob_usd - comex_importacoes_fob_usd,mensal,mensal
2010-04-30,Comex Stat/MDIC,comex_saldo_comercial_usd,comercio_exterior,1066376471,calculado,,US$,valor_monetario,Saldo comercial mensal brasileiro.,True,comex_exportacoes_fob_usd - comex_importacoes_fob_usd,mensal,mensal
2010-05-31,Comex Stat/MDIC,comex_saldo_comercial_usd,comercio_exterior,3258010496,calculado,,US$,valor_monetario,Saldo comercial mensal brasileiro.,True,comex_exportacoes_fob_usd - comex_importacoes_fob_usd,mensal,mensal
2010-06-30,Comex Stat/MDIC,comex_saldo_comercial_usd,comercio_exterior,2052016624,calculado,,US$,valor_monetario,Saldo comercial mensal brasileiro.,True,comex_exportacoes_fob_usd - comex_importacoes_fob_usd,mensal,mensal
2010-07-31,Comex Stat/MDIC,comex_saldo_comercial_usd,comercio_exterior,1090630082,calculado,,US$,valor_monetario,Saldo comercial mensal brasileiro.,True,comex_exportacoes_fob_usd - comex_importacoes_fob_usd,mensal,mensal
2010-08-31,Comex Stat/MDIC,comex_saldo_comercial_usd,comercio_exterior,2123167038,calculado,,US$,valor_monetario,Saldo comercial mensal brasileiro.,True,comex_exportacoes_fob_usd - comex_importacoes_fob_usd,mensal,mensal
2010-09-30,Comex Stat/MDIC,comex_saldo_comercial_usd,comercio_exterior,834510103,calculado,,US$,valor_monetario,Saldo comercial mensal brasileiro.,True,comex_exportacoes_fob_usd - comex_importacoes_fob_usd,mensal,mensal
2010-10-31,Comex Stat/MDIC,comex_saldo_comercial_usd,comercio_exterior,1451551186,calculado,,US$,valor_monetario,Saldo comercial mensal brasileiro.,True,comex_exportacoes_fob_usd - comex_importacoes_fob_usd,mensal,mensal
2010-11-30,Comex Stat/MDIC,comex_saldo_comercial_usd,comercio_exterior,20177488,calculado,,US$,valor_monetario,Saldo comercial mensal brasileiro.,True,comex_exportacoes_fob_usd - comex_importacoes_fob_usd,mensal,mensal
2010-12-31,Comex Stat/MDIC,comex_saldo_comercial_usd,comercio_exterior,5088739026,calculado,,US$,valor_monetario,Saldo comercial mensal brasileiro.,True,comex_exportacoes_fob_usd - comex_importacoes_fob_usd,mensal,mensal
2011-01-31,Comex Stat/MDIC,comex_saldo_comercial_usd,comercio_exterior,69540230,calculado,,US$,valor_monetario,Saldo comercial mensal brasileiro.,True,comex_exportacoes_fob_usd - comex_importacoes_fob_usd,mensal,mensal
2011-02-28,Comex Stat/MDIC,comex_saldo_comercial_usd,comercio_exterior,932033869,calculado,,US$,valor_monetario,Saldo comercial mensal brasileiro.,True,comex_exportacoes_fob_usd - comex_importacoes_fob_usd,mensal,mensal
2011-03-31,Comex Stat/MDIC,comex_saldo_comercial_usd,comercio_exterior,1300258135,calculado,,US$,valor_monetario,Saldo comercial mensal brasileiro.,True,comex_exportacoes_fob_usd - comex_importacoes_fob_usd,mensal,mensal
2011-04-30,Comex Stat/MDIC,comex_saldo_comercial_usd,comercio_exterior,1624132163,calculado,,US$,valor_monetario,Saldo comercial mensal brasileiro.,True,comex_exportacoes_fob_usd - comex_importacoes_fob_usd,mensal,mensal
2011-05-31,Comex Stat/MDIC,comex_saldo_comercial_usd,comercio_exterior,3231181525,calculado,,US$,valor_monetario,Saldo comercial mensal brasileiro.,True,comex_exportacoes_fob_usd - comex_importacoes_fob_usd,mensal,mensal
2011-06-30,Comex Stat/MDIC,comex_saldo_comercial_usd,comercio_exterior,3119745426,calculado,,US$,valor_monetario,Saldo comercial mensal brasileiro.,True,comex_exportacoes_fob_usd - comex_importacoes_fob_usd,mensal,mensal
2011-07-31,Comex Stat/MDIC,comex_saldo_comercial_usd,comercio_exterior,2933949831,calculado,,US$,valor_monetario,Saldo comercial mensal brasileiro.,True,comex_exportacoes_fob_usd - comex_importacoes_fob_usd,mensal,mensal
2011-08-31,Comex Stat/MDIC,comex_saldo_comercial_usd,comercio_exterior,3671303071,calculado,,US$,valor_monetario,Saldo comercial mensal brasileiro.,True,comex_exportacoes_fob_usd - comex_importacoes_fob_usd,mensal,mensal
2011-09-30,Comex Stat/MDIC,comex_saldo_comercial_usd,comercio_exterior,2835111683,calculado,,US$,valor_monetario,Saldo comercial mensal brasileiro.,True,comex_exportacoes_fob_usd - comex_importacoes_fob_usd,mensal,mensal
2011-10-31,Comex Stat/MDIC,comex_saldo_comercial_usd,comercio_exterior,2137077747,calculado,,US$,valor_monetario,Saldo comercial mensal brasileiro.,True,comex_exportacoes_fob_usd - comex_importacoes_fob_usd,mensal,mensal
2011-11-30,Comex Stat/MDIC,comex_saldo_comercial_usd,comercio_exterior,320418581,calculado,,US$,valor_monetario,Saldo comercial mensal brasileiro.,True,comex_exportacoes_fob_usd - comex_importacoes_fob_usd,mensal,mensal
2011-12-31,Comex Stat/MDIC,comex_saldo_comercial_usd,comercio_exterior,3521800545,calculado,,US$,valor_monetario,Saldo comercial mensal brasileiro.,True,comex_exportacoes_fob_usd - comex_importacoes_fob_usd,mensal,mensal
2012-01-31,Comex Stat/MDIC,comex_saldo_comercial_usd,comercio_exterior,-1640230269,calculado,,US$,valor_monetario,Saldo comercial mensal brasileiro.,True,comex_exportacoes_fob_usd - comex_importacoes_fob_usd,mensal,mensal
2012-02-29,Comex Stat/MDIC,comex_saldo_comercial_usd,comercio_exterior,1450352771,calculado,,US$,valor_monetario,Saldo comercial mensal brasileiro.,True,comex_exportacoes_fob_usd - comex_importacoes_fob_usd,mensal,mensal
2012-03-31,Comex Stat/MDIC,comex_saldo_comercial_usd,comercio_exterior,1705604278,calculado,,US$,valor_monetario,Saldo comercial mensal brasileiro.,True,comex_exportacoes_fob_usd - comex_importacoes_fob_usd,mensal,mensal
2012-04-30,Comex Stat/MDIC,comex_saldo_comercial_usd,comercio_exterior,611852737,calculado,,US$,valor_monetario,Saldo comercial mensal brasileiro.,True,comex_exportacoes_fob_usd - comex_importacoes_fob_usd,mensal,mensal
2012-05-31,Comex Stat/MDIC,comex_saldo_comercial_usd,comercio_exterior,2729001514,calculado,,US$,valor_monetario,Saldo comercial mensal brasileiro.,True,comex_exportacoes_fob_usd - comex_importacoes_fob_usd,mensal,mensal
2012-06-30,Comex Stat/MDIC,comex_saldo_comercial_usd,comercio_exterior,472472931,calculado,,US$,valor_monetario,Saldo comercial mensal brasileiro.,True,comex_exportacoes_fob_usd - comex_importacoes_fob_usd,mensal,mensal
2012-07-31,Comex Stat/MDIC,comex_saldo_comercial_usd,comercio_exterior,2542653126,calculado,,US$,valor_monetario,Saldo comercial mensal brasileiro.,True,comex_exportacoes_fob_usd - comex_importacoes_fob_usd,mensal,mensal
2012-08-31,Comex Stat/MDIC,comex_saldo_comercial_usd,comercio_exterior,2928600077,calculado,,US$,valor_monetario,Saldo comercial mensal brasileiro.,True,comex_exportacoes_fob_usd - comex_importacoes_fob_usd,mensal,mensal
2012-09-30,Comex Stat/MDIC,comex_saldo_comercial_usd,comercio_exterior,2284688121,calculado,,US$,valor_monetario,Saldo comercial mensal brasileiro.,True,comex_exportacoes_fob_usd - comex_importacoes_fob_usd,mensal,mensal
2012-10-31,Comex Stat/MDIC,comex_saldo_comercial_usd,comercio_exterior,792322329,calculado,,US$,valor_monetario,Saldo comercial mensal brasileiro.,True,comex_exportacoes_fob_usd - comex_importacoes_fob_usd,mensal,mensal
2012-11-30,Comex Stat/MDIC,comex_saldo_comercial_usd,comercio_exterior,-1113359686,calculado,,US$,valor_monetario,Saldo comercial mensal brasileiro.,True,comex_exportacoes_fob_usd - comex_importacoes_fob_usd,mensal,mensal
2012-12-31,Comex Stat/MDIC,comex_saldo_comercial_usd,comercio_exterior,2022154160,calculado,,US$,valor_monetario,Saldo comercial mensal brasileiro.,True,comex_exportacoes_fob_usd - comex_importacoes_fob_usd,mensal,mensal
2013-01-31,Comex Stat/MDIC,comex_saldo_comercial_usd,comercio_exterior,-4399578241,calculado,,US$,valor_monetario,Saldo comercial mensal brasileiro.,True,comex_exportacoes_fob_usd - comex_importacoes_fob_usd,mensal,mensal
2013-02-28,Comex Stat/MDIC,comex_saldo_comercial_usd,comercio_exterior,-1502633175,calculado,,US$,valor_monetario,Saldo comercial mensal brasileiro.,True,comex_exportacoes_fob_usd - comex_importacoes_fob_usd,mensal,mensal
2013-03-31,Comex Stat/MDIC,comex_saldo_comercial_usd,comercio_exterior,-921527172,calculado,,US$,valor_monetario,Saldo comercial mensal brasileiro.,True,comex_exportacoes_fob_usd - comex_importacoes_fob_usd,mensal,mensal
2013-04-30,Comex Stat/MDIC,comex_saldo_comercial_usd,comercio_exterior,-1237894348,calculado,,US$,valor_monetario,Saldo comercial mensal brasileiro.,True,comex_exportacoes_fob_usd - comex_importacoes_fob_usd,mensal,mensal
2013-05-31,Comex Stat/MDIC,comex_saldo_comercial_usd,comercio_exterior,451106555,calculado,,US$,valor_monetario,Saldo comercial mensal brasileiro.,True,comex_exportacoes_fob_usd - comex_importacoes_fob_usd,mensal,mensal
2013-06-30,Comex Stat/MDIC,comex_saldo_comercial_usd,comercio_exterior,345091414,calculado,,US$,valor_monetario,Saldo comercial mensal brasileiro.,True,comex_exportacoes_fob_usd - comex_importacoes_fob_usd,mensal,mensal
2013-07-31,Comex Stat/MDIC,comex_saldo_comercial_usd,comercio_exterior,-2510184191,calculado,,US$,valor_monetario,Saldo comercial mensal brasileiro.,True,comex_exportacoes_fob_usd - comex_importacoes_fob_usd,mensal,mensal
2013-08-31,Comex Stat/MDIC,comex_saldo_comercial_usd,comercio_exterior,850287137,calculado,,US$,valor_monetario,Saldo comercial mensal brasileiro.,True,comex_exportacoes_fob_usd - comex_importacoes_fob_usd,mensal,mensal
2013-09-30,Comex Stat/MDIC,comex_saldo_comercial_usd,comercio_exterior,1710029116,calculado,,US$,valor_monetario,Saldo comercial mensal brasileiro.,True,comex_exportacoes_fob_usd - comex_importacoes_fob_usd,mensal,mensal
2013-10-31,Comex Stat/MDIC,comex_saldo_comercial_usd,comercio_exterior,-2564868012,calculado,,US$,valor_monetario,Saldo comercial mensal brasileiro.,True,comex_exportacoes_fob_usd - comex_importacoes_fob_usd,mensal,mensal
2013-11-30,Comex Stat/MDIC,comex_saldo_comercial_usd,comercio_exterior,-361595694,calculado,,US$,valor_monetario,Saldo comercial mensal brasileiro.,True,comex_exportacoes_fob_usd - comex_importacoes_fob_usd,mensal,mensal
2013-12-31,Comex Stat/MDIC,comex_saldo_comercial_usd,comercio_exterior,1185135758,calculado,,US$,valor_monetario,Saldo comercial mensal brasileiro.,True,comex_exportacoes_fob_usd - comex_importacoes_fob_usd,mensal,mensal
2014-01-31,Comex Stat/MDIC,comex_saldo_comercial_usd,comercio_exterior,-4496454571,calculado,,US$,valor_monetario,Saldo comercial mensal brasileiro.,True,comex_exportacoes_fob_usd - comex_importacoes_fob_usd,mensal,mensal
2014-02-28,Comex Stat/MDIC,comex_saldo_comercial_usd,comercio_exterior,-2364732379,calculado,,US$,valor_monetario,Saldo comercial mensal brasileiro.,True,comex_exportacoes_fob_usd - comex_importacoes_fob_usd,mensal,mensal
2014-03-31,Comex Stat/MDIC,comex_saldo_comercial_usd,comercio_exterior,-172819517,calculado,,US$,valor_monetario,Saldo comercial mensal brasileiro.,True,comex_exportacoes_fob_usd - comex_importacoes_fob_usd,mensal,mensal
2014-04-30,Comex Stat/MDIC,comex_saldo_comercial_usd,comercio_exterior,224949345,calculado,,US$,valor_monetario,Saldo comercial mensal brasileiro.,True,comex_exportacoes_fob_usd - comex_importacoes_fob_usd,mensal,mensal
2014-05-31,Comex Stat/MDIC,comex_saldo_comercial_usd,comercio_exterior,311004960,calculado,,US$,valor_monetario,Saldo comercial mensal brasileiro.,True,comex_exportacoes_fob_usd - comex_importacoes_fob_usd,mensal,mensal
2014-06-30,Comex Stat/MDIC,comex_saldo_comercial_usd,comercio_exterior,2027090355,calculado,,US$,valor_monetario,Saldo comercial mensal brasileiro.,True,comex_exportacoes_fob_usd - comex_importacoes_fob_usd,mensal,mensal
2014-07-31,Comex Stat/MDIC,comex_saldo_comercial_usd,comercio_exterior,311064259,calculado,,US$,valor_monetario,Saldo comercial mensal brasileiro.,True,comex_exportacoes_fob_usd - comex_importacoes_fob_usd,mensal,mensal
2014-08-31,Comex Stat/MDIC,comex_saldo_comercial_usd,comercio_exterior,-212383056,calculado,,US$,valor_monetario,Saldo comercial mensal brasileiro.,True,comex_exportacoes_fob_usd - comex_importacoes_fob_usd,mensal,mensal
2014-09-30,Comex Stat/MDIC,comex_saldo_comercial_usd,comercio_exterior,-1352092098,calculado,,US$,valor_monetario,Saldo comercial mensal brasileiro.,True,comex_exportacoes_fob_usd - comex_importacoes_fob_usd,mensal,mensal
2014-10-31,Comex Stat/MDIC,comex_saldo_comercial_usd,comercio_exterior,-1465522419,calculado,,US$,valor_monetario,Saldo comercial mensal brasileiro.,True,comex_exportacoes_fob_usd - comex_importacoes_fob_usd,mensal,mensal
2014-11-30,Comex Stat/MDIC,comex_saldo_comercial_usd,comercio_exterior,-2685480577,calculado,,US$,valor_monetario,Saldo comercial mensal brasileiro.,True,comex_exportacoes_fob_usd - comex_importacoes_fob_usd,mensal,mensal
2014-12-31,Comex Stat/MDIC,comex_saldo_comercial_usd,comercio_exterior,-24406260,calculado,,US$,valor_monetario,Saldo comercial mensal brasileiro.,True,comex_exportacoes_fob_usd - comex_importacoes_fob_usd,mensal,mensal
2015-01-31,Comex Stat/MDIC,comex_saldo_comercial_usd,comercio_exterior,-3519387533,calculado,,US$,valor_monetario,Saldo comercial mensal brasileiro.,True,comex_exportacoes_fob_usd - comex_importacoes_fob_usd,mensal,mensal
2015-02-28,Comex Stat/MDIC,comex_saldo_comercial_usd,comercio_exterior,-3052499668,calculado,,US$,valor_monetario,Saldo comercial mensal brasileiro.,True,comex_exportacoes_fob_usd - comex_importacoes_fob_usd,mensal,mensal
2015-03-31,Comex Stat/MDIC,comex_saldo_comercial_usd,comercio_exterior,88636650,calculado,,US$,valor_monetario,Saldo comercial mensal brasileiro.,True,comex_exportacoes_fob_usd - comex_importacoes_fob_usd,mensal,mensal
2015-04-30,Comex Stat/MDIC,comex_saldo_comercial_usd,comercio_exterior,186790566,calculado,,US$,valor_monetario,Saldo comercial mensal brasileiro.,True,comex_exportacoes_fob_usd - comex_importacoes_fob_usd,mensal,mensal
2015-05-31,Comex Stat/MDIC,comex_saldo_comercial_usd,comercio_exterior,2472513948,calculado,,US$,valor_monetario,Saldo comercial mensal brasileiro.,True,comex_exportacoes_fob_usd - comex_importacoes_fob_usd,mensal,mensal
2015-06-30,Comex Stat/MDIC,comex_saldo_comercial_usd,comercio_exterior,3506362178,calculado,,US$,valor_monetario,Saldo comercial mensal brasileiro.,True,comex_exportacoes_fob_usd - comex_importacoes_fob_usd,mensal,mensal
2015-07-31,Comex Stat/MDIC,comex_saldo_comercial_usd,comercio_exterior,2048488484,calculado,,US$,valor_monetario,Saldo comercial mensal brasileiro.,True,comex_exportacoes_fob_usd - comex_importacoes_fob_usd,mensal,mensal
2015-08-31,Comex Stat/MDIC,comex_saldo_comercial_usd,comercio_exterior,2382371184,calculado,,US$,valor_monetario,Saldo comercial mensal brasileiro.,True,comex_exportacoes_fob_usd - comex_importacoes_fob_usd,mensal,mensal
2015-09-30,Comex Stat/MDIC,comex_saldo_comercial_usd,comercio_exterior,2130722139,calculado,,US$,valor_monetario,Saldo comercial mensal brasileiro.,True,comex_exportacoes_fob_usd - comex_importacoes_fob_usd,mensal,mensal
2015-10-31,Comex Stat/MDIC,comex_saldo_comercial_usd,comercio_exterior,1567593191,calculado,,US$,valor_monetario,Saldo comercial mensal brasileiro.,True,comex_exportacoes_fob_usd - comex_importacoes_fob_usd,mensal,mensal
2015-11-30,Comex Stat/MDIC,comex_saldo_comercial_usd,comercio_exterior,858614836,calculado,,US$,valor_monetario,Saldo comercial mensal brasileiro.,True,comex_exportacoes_fob_usd - comex_importacoes_fob_usd,mensal,mensal
2015-12-31,Comex Stat/MDIC,comex_saldo_comercial_usd,comercio_exterior,5007890011,calculado,,US$,valor_monetario,Saldo comercial mensal brasileiro.,True,comex_exportacoes_fob_usd - comex_importacoes_fob_usd,mensal,mensal
2016-01-31,Comex Stat/MDIC,comex_saldo_comercial_usd,comercio_exterior,568662794,calculado,,US$,valor_monetario,Saldo comercial mensal brasileiro.,True,comex_exportacoes_fob_usd - comex_importacoes_fob_usd,mensal,mensal
2016-02-29,Comex Stat/MDIC,comex_saldo_comercial_usd,comercio_exterior,2655299170,calculado,,US$,valor_monetario,Saldo comercial mensal brasileiro.,True,comex_exportacoes_fob_usd - comex_importacoes_fob_usd,mensal,mensal
2016-03-31,Comex Stat/MDIC,comex_saldo_comercial_usd,comercio_exterior,4139341232,calculado,,US$,valor_monetario,Saldo comercial mensal brasileiro.,True,comex_exportacoes_fob_usd - comex_importacoes_fob_usd,mensal,mensal
2016-04-30,Comex Stat/MDIC,comex_saldo_comercial_usd,comercio_exterior,4423239985,calculado,,US$,valor_monetario,Saldo comercial mensal brasileiro.,True,comex_exportacoes_fob_usd - comex_importacoes_fob_usd,mensal,mensal
2016-05-31,Comex Stat/MDIC,comex_saldo_comercial_usd,comercio_exterior,5305135805,calculado,,US$,valor_monetario,Saldo comercial mensal brasileiro.,True,comex_exportacoes_fob_usd - comex_importacoes_fob_usd,mensal,mensal
2016-06-30,Comex Stat/MDIC,comex_saldo_comercial_usd,comercio_exterior,3679053141,calculado,,US$,valor_monetario,Saldo comercial mensal brasileiro.,True,comex_exportacoes_fob_usd - comex_importacoes_fob_usd,mensal,mensal
2016-07-31,Comex Stat/MDIC,comex_saldo_comercial_usd,comercio_exterior,3236297972,calculado,,US$,valor_monetario,Saldo comercial mensal brasileiro.,True,comex_exportacoes_fob_usd - comex_importacoes_fob_usd,mensal,mensal
2016-08-31,Comex Stat/MDIC,comex_saldo_comercial_usd,comercio_exterior,3862359604,calculado,,US$,valor_monetario,Saldo comercial mensal brasileiro.,True,comex_exportacoes_fob_usd - comex_importacoes_fob_usd,mensal,mensal
2016-09-30,Comex Stat/MDIC,comex_saldo_comercial_usd,comercio_exterior,3543331927,calculado,,US$,valor_monetario,Saldo comercial mensal brasileiro.,True,comex_exportacoes_fob_usd - comex_importacoes_fob_usd,mensal,mensal
2016-10-31,Comex Stat/MDIC,comex_saldo_comercial_usd,comercio_exterior,2075748705,calculado,,US$,valor_monetario,Saldo comercial mensal brasileiro.,True,comex_exportacoes_fob_usd - comex_importacoes_fob_usd,mensal,mensal
2016-11-30,Comex Stat/MDIC,comex_saldo_comercial_usd,comercio_exterior,2609824752,calculado,,US$,valor_monetario,Saldo comercial mensal brasileiro.,True,comex_exportacoes_fob_usd - comex_importacoes_fob_usd,mensal,mensal
2016-12-31,Comex Stat/MDIC,comex_saldo_comercial_usd,comercio_exterior,4106476474,calculado,,US$,valor_monetario,Saldo comercial mensal brasileiro.,True,comex_exportacoes_fob_usd - comex_importacoes_fob_usd,mensal,mensal
2017-01-31,Comex Stat/MDIC,comex_saldo_comercial_usd,comercio_exterior,2492547481,calculado,,US$,valor_monetario,Saldo comercial mensal brasileiro.,True,comex_exportacoes_fob_usd - comex_importacoes_fob_usd,mensal,mensal
2017-02-28,Comex Stat/MDIC,comex_saldo_comercial_usd,comercio_exterior,4229201196,calculado,,US$,valor_monetario,Saldo comercial mensal brasileiro.,True,comex_exportacoes_fob_usd - comex_importacoes_fob_usd,mensal,mensal
2017-03-31,Comex Stat/MDIC,comex_saldo_comercial_usd,comercio_exterior,6291843632,calculado,,US$,valor_monetario,Saldo comercial mensal brasileiro.,True,comex_exportacoes_fob_usd - comex_importacoes_fob_usd,mensal,mensal
2017-04-30,Comex Stat/MDIC,comex_saldo_comercial_usd,comercio_exterior,6024928654,calculado,,US$,valor_monetario,Saldo comercial mensal brasileiro.,True,comex_exportacoes_fob_usd - comex_importacoes_fob_usd,mensal,mensal
2017-05-31,Comex Stat/MDIC,comex_saldo_comercial_usd,comercio_exterior,6757084906,calculado,,US$,valor_monetario,Saldo comercial mensal brasileiro.,True,comex_exportacoes_fob_usd - comex_importacoes_fob_usd,mensal,mensal
2017-06-30,Comex Stat/MDIC,comex_saldo_comercial_usd,comercio_exterior,6126153546,calculado,,US$,valor_monetario,Saldo comercial mensal brasileiro.,True,comex_exportacoes_fob_usd - comex_importacoes_fob_usd,mensal,mensal
2017-07-31,Comex Stat/MDIC,comex_saldo_comercial_usd,comercio_exterior,4395834891,calculado,,US$,valor_monetario,Saldo comercial mensal brasileiro.,True,comex_exportacoes_fob_usd - comex_importacoes_fob_usd,mensal,mensal
2017-08-31,Comex Stat/MDIC,comex_saldo_comercial_usd,comercio_exterior,4547509356,calculado,,US$,valor_monetario,Saldo comercial mensal brasileiro.,True,comex_exportacoes_fob_usd - comex_importacoes_fob_usd,mensal,mensal
2017-09-30,Comex Stat/MDIC,comex_saldo_comercial_usd,comercio_exterior,4290685770,calculado,,US$,valor_monetario,Saldo comercial mensal brasileiro.,True,comex_exportacoes_fob_usd - comex_importacoes_fob_usd,mensal,mensal
2017-10-31,Comex Stat/MDIC,comex_saldo_comercial_usd,comercio_exterior,4095430967,calculado,,US$,valor_monetario,Saldo comercial mensal brasileiro.,True,comex_exportacoes_fob_usd - comex_importacoes_fob_usd,mensal,mensal
2017-11-30,Comex Stat/MDIC,comex_saldo_comercial_usd,comercio_exterior,2632635170,calculado,,US$,valor_monetario,Saldo comercial mensal brasileiro.,True,comex_exportacoes_fob_usd - comex_importacoes_fob_usd,mensal,mensal
2017-12-31,Comex Stat/MDIC,comex_saldo_comercial_usd,comercio_exterior,4152808781,calculado,,US$,valor_monetario,Saldo comercial mensal brasileiro.,True,comex_exportacoes_fob_usd - comex_importacoes_fob_usd,mensal,mensal
2018-01-31,Comex Stat/MDIC,comex_saldo_comercial_usd,comercio_exterior,1655509595,calculado,,US$,valor_monetario,Saldo comercial mensal brasileiro.,True,comex_exportacoes_fob_usd - comex_importacoes_fob_usd,mensal,mensal
2018-02-28,Comex Stat/MDIC,comex_saldo_comercial_usd,comercio_exterior,2533219853,calculado,,US$,valor_monetario,Saldo comercial mensal brasileiro.,True,comex_exportacoes_fob_usd - comex_importacoes_fob_usd,mensal,mensal
2018-03-31,Comex Stat/MDIC,comex_saldo_comercial_usd,comercio_exterior,5560103336,calculado,,US$,valor_monetario,Saldo comercial mensal brasileiro.,True,comex_exportacoes_fob_usd - comex_importacoes_fob_usd,mensal,mensal
2018-04-30,Comex Stat/MDIC,comex_saldo_comercial_usd,comercio_exterior,5024776977,calculado,,US$,valor_monetario,Saldo comercial mensal brasileiro.,True,comex_exportacoes_fob_usd - comex_importacoes_fob_usd,mensal,mensal
2018-05-31,Comex Stat/MDIC,comex_saldo_comercial_usd,comercio_exterior,5231616542,calculado,,US$,valor_monetario,Saldo comercial mensal brasileiro.,True,comex_exportacoes_fob_usd - comex_importacoes_fob_usd,mensal,mensal
2018-06-30,Comex Stat/MDIC,comex_saldo_comercial_usd,comercio_exterior,4821868583,calculado,,US$,valor_monetario,Saldo comercial mensal brasileiro.,True,comex_exportacoes_fob_usd - comex_importacoes_fob_usd,mensal,mensal
2018-07-31,Comex Stat/MDIC,comex_saldo_comercial_usd,comercio_exterior,3295445842,calculado,,US$,valor_monetario,Saldo comercial mensal brasileiro.,True,comex_exportacoes_fob_usd - comex_importacoes_fob_usd,mensal,mensal
2018-08-31,Comex Stat/MDIC,comex_saldo_comercial_usd,comercio_exterior,315861938,calculado,,US$,valor_monetario,Saldo comercial mensal brasileiro.,True,comex_exportacoes_fob_usd - comex_importacoes_fob_usd,mensal,mensal
2018-09-30,Comex Stat/MDIC,comex_saldo_comercial_usd,comercio_exterior,4092602341,calculado,,US$,valor_monetario,Saldo comercial mensal brasileiro.,True,comex_exportacoes_fob_usd - comex_importacoes_fob_usd,mensal,mensal
2018-10-31,Comex Stat/MDIC,comex_saldo_comercial_usd,comercio_exterior,4749429730,calculado,,US$,valor_monetario,Saldo comercial mensal brasileiro.,True,comex_exportacoes_fob_usd - comex_importacoes_fob_usd,mensal,mensal
2018-11-30,Comex Stat/MDIC,comex_saldo_comercial_usd,comercio_exterior,3669892245,calculado,,US$,valor_monetario,Saldo comercial mensal brasileiro.,True,comex_exportacoes_fob_usd - comex_importacoes_fob_usd,mensal,mensal
2018-12-31,Comex Stat/MDIC,comex_saldo_comercial_usd,comercio_exterior,5617212915,calculado,,US$,valor_monetario,Saldo comercial mensal brasileiro.,True,comex_exportacoes_fob_usd - comex_importacoes_fob_usd,mensal,mensal
2019-01-31,Comex Stat/MDIC,comex_saldo_comercial_usd,comercio_exterior,-815281910,calculado,,US$,valor_monetario,Saldo comercial mensal brasileiro.,True,comex_exportacoes_fob_usd - comex_importacoes_fob_usd,mensal,mensal
2019-02-28,Comex Stat/MDIC,comex_saldo_comercial_usd,comercio_exterior,2051313559,calculado,,US$,valor_monetario,Saldo comercial mensal brasileiro.,True,comex_exportacoes_fob_usd - comex_importacoes_fob_usd,mensal,mensal
2019-03-31,Comex Stat/MDIC,comex_saldo_comercial_usd,comercio_exterior,3242720878,calculado,,US$,valor_monetario,Saldo comercial mensal brasileiro.,True,comex_exportacoes_fob_usd - comex_importacoes_fob_usd,mensal,mensal
2019-04-30,Comex Stat/MDIC,comex_saldo_comercial_usd,comercio_exterior,4426625961,calculado,,US$,valor_monetario,Saldo comercial mensal brasileiro.,True,comex_exportacoes_fob_usd - comex_importacoes_fob_usd,mensal,mensal
2019-05-31,Comex Stat/MDIC,comex_saldo_comercial_usd,comercio_exterior,4369907771,calculado,,US$,valor_monetario,Saldo comercial mensal brasileiro.,True,comex_exportacoes_fob_usd - comex_importacoes_fob_usd,mensal,mensal
2019-06-30,Comex Stat/MDIC,comex_saldo_comercial_usd,comercio_exterior,4362353893,calculado,,US$,valor_monetario,Saldo comercial mensal brasileiro.,True,comex_exportacoes_fob_usd - comex_importacoes_fob_usd,mensal,mensal
2019-07-31,Comex Stat/MDIC,comex_saldo_comercial_usd,comercio_exterior,1887774798,calculado,,US$,valor_monetario,Saldo comercial mensal brasileiro.,True,comex_exportacoes_fob_usd - comex_importacoes_fob_usd,mensal,mensal
2019-08-31,Comex Stat/MDIC,comex_saldo_comercial_usd,comercio_exterior,1961620830,calculado,,US$,valor_monetario,Saldo comercial mensal brasileiro.,True,comex_exportacoes_fob_usd - comex_importacoes_fob_usd,mensal,mensal
2019-09-30,Comex Stat/MDIC,comex_saldo_comercial_usd,comercio_exterior,3258492587,calculado,,US$,valor_monetario,Saldo comercial mensal brasileiro.,True,comex_exportacoes_fob_usd - comex_importacoes_fob_usd,mensal,mensal
2019-10-31,Comex Stat/MDIC,comex_saldo_comercial_usd,comercio_exterior,2496711884,calculado,,US$,valor_monetario,Saldo comercial mensal brasileiro.,True,comex_exportacoes_fob_usd - comex_importacoes_fob_usd,mensal,mensal
2019-11-30,Comex Stat/MDIC,comex_saldo_comercial_usd,comercio_exterior,2741517463,calculado,,US$,valor_monetario,Saldo comercial mensal brasileiro.,True,comex_exportacoes_fob_usd - comex_importacoes_fob_usd,mensal,mensal
2019-12-31,Comex Stat/MDIC,comex_saldo_comercial_usd,comercio_exterior,5215082353,calculado,,US$,valor_monetario,Saldo comercial mensal brasileiro.,True,comex_exportacoes_fob_usd - comex_importacoes_fob_usd,mensal,mensal
2020-01-31,Comex Stat/MDIC,comex_saldo_comercial_usd,comercio_exterior,-2760450221,calculado,,US$,valor_monetario,Saldo comercial mensal brasileiro.,True,comex_exportacoes_fob_usd - comex_importacoes_fob_usd,mensal,mensal
2020-02-29,Comex Stat/MDIC,comex_saldo_comercial_usd,comercio_exterior,1506998941,calculado,,US$,valor_monetario,Saldo comercial mensal brasileiro.,True,comex_exportacoes_fob_usd - comex_importacoes_fob_usd,mensal,mensal
2020-03-31,Comex Stat/MDIC,comex_saldo_comercial_usd,comercio_exterior,4045605727,calculado,,US$,valor_monetario,Saldo comercial mensal brasileiro.,True,comex_exportacoes_fob_usd - comex_importacoes_fob_usd,mensal,mensal
2020-04-30,Comex Stat/MDIC,comex_saldo_comercial_usd,comercio_exterior,6162778925,calculado,,US$,valor_monetario,Saldo comercial mensal brasileiro.,True,comex_exportacoes_fob_usd - comex_importacoes_fob_usd,mensal,mensal
2020-05-31,Comex Stat/MDIC,comex_saldo_comercial_usd,comercio_exterior,6837895147,calculado,,US$,valor_monetario,Saldo comercial mensal brasileiro.,True,comex_exportacoes_fob_usd - comex_importacoes_fob_usd,mensal,mensal
2020-06-30,Comex Stat/MDIC,comex_saldo_comercial_usd,comercio_exterior,6501865018,calculado,,US$,valor_monetario,Saldo comercial mensal brasileiro.,True,comex_exportacoes_fob_usd - comex_importacoes_fob_usd,mensal,mensal
2020-07-31,Comex Stat/MDIC,comex_saldo_comercial_usd,comercio_exterior,7601242991,calculado,,US$,valor_monetario,Saldo comercial mensal brasileiro.,True,comex_exportacoes_fob_usd - comex_importacoes_fob_usd,mensal,mensal
2020-08-31,Comex Stat/MDIC,comex_saldo_comercial_usd,comercio_exterior,5818574884,calculado,,US$,valor_monetario,Saldo comercial mensal brasileiro.,True,comex_exportacoes_fob_usd - comex_importacoes_fob_usd,mensal,mensal
2020-09-30,Comex Stat/MDIC,comex_saldo_comercial_usd,comercio_exterior,5083436026,calculado,,US$,valor_monetario,Saldo comercial mensal brasileiro.,True,comex_exportacoes_fob_usd - comex_importacoes_fob_usd,mensal,mensal
2020-10-31,Comex Stat/MDIC,comex_saldo_comercial_usd,comercio_exterior,4404031239,calculado,,US$,valor_monetario,Saldo comercial mensal brasileiro.,True,comex_exportacoes_fob_usd - comex_importacoes_fob_usd,mensal,mensal
2020-11-30,Comex Stat/MDIC,comex_saldo_comercial_usd,comercio_exterior,2488318466,calculado,,US$,valor_monetario,Saldo comercial mensal brasileiro.,True,comex_exportacoes_fob_usd - comex_importacoes_fob_usd,mensal,mensal
2020-12-31,Comex Stat/MDIC,comex_saldo_comercial_usd,comercio_exterior,2703119633,calculado,,US$,valor_monetario,Saldo comercial mensal brasileiro.,True,comex_exportacoes_fob_usd - comex_importacoes_fob_usd,mensal,mensal
2021-01-31,Comex Stat/MDIC,comex_saldo_comercial_usd,comercio_exterior,-219766390,calculado,,US$,valor_monetario,Saldo comercial mensal brasileiro.,True,comex_exportacoes_fob_usd - comex_importacoes_fob_usd,mensal,mensal
2021-02-28,Comex Stat/MDIC,comex_saldo_comercial_usd,comercio_exterior,1836118301,calculado,,US$,valor_monetario,Saldo comercial mensal brasileiro.,True,comex_exportacoes_fob_usd - comex_importacoes_fob_usd,mensal,mensal
2021-03-31,Comex Stat/MDIC,comex_saldo_comercial_usd,comercio_exterior,6470480988,calculado,,US$,valor_monetario,Saldo comercial mensal brasileiro.,True,comex_exportacoes_fob_usd - comex_importacoes_fob_usd,mensal,mensal
2021-04-30,Comex Stat/MDIC,comex_saldo_comercial_usd,comercio_exterior,9963107761,calculado,,US$,valor_monetario,Saldo comercial mensal brasileiro.,True,comex_exportacoes_fob_usd - comex_importacoes_fob_usd,mensal,mensal
2021-05-31,Comex Stat/MDIC,comex_saldo_comercial_usd,comercio_exterior,8535980870,calculado,,US$,valor_monetario,Saldo comercial mensal brasileiro.,True,comex_exportacoes_fob_usd - comex_importacoes_fob_usd,mensal,mensal
2021-06-30,Comex Stat/MDIC,comex_saldo_comercial_usd,comercio_exterior,10414290059,calculado,,US$,valor_monetario,Saldo comercial mensal brasileiro.,True,comex_exportacoes_fob_usd - comex_importacoes_fob_usd,mensal,mensal
2021-07-31,Comex Stat/MDIC,comex_saldo_comercial_usd,comercio_exterior,7379950274,calculado,,US$,valor_monetario,Saldo comercial mensal brasileiro.,True,comex_exportacoes_fob_usd - comex_importacoes_fob_usd,mensal,mensal
2021-08-31,Comex Stat/MDIC,comex_saldo_comercial_usd,comercio_exterior,7659099262,calculado,,US$,valor_monetario,Saldo comercial mensal brasileiro.,True,comex_exportacoes_fob_usd - comex_importacoes_fob_usd,mensal,mensal
2021-09-30,Comex Stat/MDIC,comex_saldo_comercial_usd,comercio_exterior,4400681929,calculado,,US$,valor_monetario,Saldo comercial mensal brasileiro.,True,comex_exportacoes_fob_usd - comex_importacoes_fob_usd,mensal,mensal
2021-10-31,Comex Stat/MDIC,comex_saldo_comercial_usd,comercio_exterior,2063718806,calculado,,US$,valor_monetario,Saldo comercial mensal brasileiro.,True,comex_exportacoes_fob_usd - comex_importacoes_fob_usd,mensal,mensal
2021-11-30,Comex Stat/MDIC,comex_saldo_comercial_usd,comercio_exterior,-1110074309,calculado,,US$,valor_monetario,Saldo comercial mensal brasileiro.,True,comex_exportacoes_fob_usd - comex_importacoes_fob_usd,mensal,mensal
2021-12-31,Comex Stat/MDIC,comex_saldo_comercial_usd,comercio_exterior,4012940729,calculado,,US$,valor_monetario,Saldo comercial mensal brasileiro.,True,comex_exportacoes_fob_usd - comex_importacoes_fob_usd,mensal,mensal
2022-01-31,Comex Stat/MDIC,comex_saldo_comercial_usd,comercio_exterior,-59108001,calculado,,US$,valor_monetario,Saldo comercial mensal brasileiro.,True,comex_exportacoes_fob_usd - comex_importacoes_fob_usd,mensal,mensal
2022-02-28,Comex Stat/MDIC,comex_saldo_comercial_usd,comercio_exterior,4629272478,calculado,,US$,valor_monetario,Saldo comercial mensal brasileiro.,True,comex_exportacoes_fob_usd - comex_importacoes_fob_usd,mensal,mensal
2022-03-31,Comex Stat/MDIC,comex_saldo_comercial_usd,comercio_exterior,7613180955,calculado,,US$,valor_monetario,Saldo comercial mensal brasileiro.,True,comex_exportacoes_fob_usd - comex_importacoes_fob_usd,mensal,mensal
2022-04-30,Comex Stat/MDIC,comex_saldo_comercial_usd,comercio_exterior,8226751886,calculado,,US$,valor_monetario,Saldo comercial mensal brasileiro.,True,comex_exportacoes_fob_usd - comex_importacoes_fob_usd,mensal,mensal
2022-05-31,Comex Stat/MDIC,comex_saldo_comercial_usd,comercio_exterior,4957656849,calculado,,US$,valor_monetario,Saldo comercial mensal brasileiro.,True,comex_exportacoes_fob_usd - comex_importacoes_fob_usd,mensal,mensal
2022-06-30,Comex Stat/MDIC,comex_saldo_comercial_usd,comercio_exterior,8889935423,calculado,,US$,valor_monetario,Saldo comercial mensal brasileiro.,True,comex_exportacoes_fob_usd - comex_importacoes_fob_usd,mensal,mensal
2022-07-31,Comex Stat/MDIC,comex_saldo_comercial_usd,comercio_exterior,5357314615,calculado,,US$,valor_monetario,Saldo comercial mensal brasileiro.,True,comex_exportacoes_fob_usd - comex_importacoes_fob_usd,mensal,mensal
2022-08-31,Comex Stat/MDIC,comex_saldo_comercial_usd,comercio_exterior,4106681999,calculado,,US$,valor_monetario,Saldo comercial mensal brasileiro.,True,comex_exportacoes_fob_usd - comex_importacoes_fob_usd,mensal,mensal
2022-09-30,Comex Stat/MDIC,comex_saldo_comercial_usd,comercio_exterior,3694622781,calculado,,US$,valor_monetario,Saldo comercial mensal brasileiro.,True,comex_exportacoes_fob_usd - comex_importacoes_fob_usd,mensal,mensal
2022-10-31,Comex Stat/MDIC,comex_saldo_comercial_usd,comercio_exterior,3375371335,calculado,,US$,valor_monetario,Saldo comercial mensal brasileiro.,True,comex_exportacoes_fob_usd - comex_importacoes_fob_usd,mensal,mensal
2022-11-30,Comex Stat/MDIC,comex_saldo_comercial_usd,comercio_exterior,6200317542,calculado,,US$,valor_monetario,Saldo comercial mensal brasileiro.,True,comex_exportacoes_fob_usd - comex_importacoes_fob_usd,mensal,mensal
2022-12-31,Comex Stat/MDIC,comex_saldo_comercial_usd,comercio_exterior,4533353412,calculado,,US$,valor_monetario,Saldo comercial mensal brasileiro.,True,comex_exportacoes_fob_usd - comex_importacoes_fob_usd,mensal,mensal
2023-01-31,Comex Stat/MDIC,comex_saldo_comercial_usd,comercio_exterior,2284845583,calculado,,US$,valor_monetario,Saldo comercial mensal brasileiro.,True,comex_exportacoes_fob_usd - comex_importacoes_fob_usd,mensal,mensal
2023-02-28,Comex Stat/MDIC,comex_saldo_comercial_usd,comercio_exterior,2571793217,calculado,,US$,valor_monetario,Saldo comercial mensal brasileiro.,True,comex_exportacoes_fob_usd - comex_importacoes_fob_usd,mensal,mensal
2023-03-31,Comex Stat/MDIC,comex_saldo_comercial_usd,comercio_exterior,10751280843,calculado,,US$,valor_monetario,Saldo comercial mensal brasileiro.,True,comex_exportacoes_fob_usd - comex_importacoes_fob_usd,mensal,mensal
2023-04-30,Comex Stat/MDIC,comex_saldo_comercial_usd,comercio_exterior,7954317497,calculado,,US$,valor_monetario,Saldo comercial mensal brasileiro.,True,comex_exportacoes_fob_usd - comex_importacoes_fob_usd,mensal,mensal
2023-05-31,Comex Stat/MDIC,comex_saldo_comercial_usd,comercio_exterior,10977837585,calculado,,US$,valor_monetario,Saldo comercial mensal brasileiro.,True,comex_exportacoes_fob_usd - comex_importacoes_fob_usd,mensal,mensal
2023-06-30,Comex Stat/MDIC,comex_saldo_comercial_usd,comercio_exterior,10076760932,calculado,,US$,valor_monetario,Saldo comercial mensal brasileiro.,True,comex_exportacoes_fob_usd - comex_importacoes_fob_usd,mensal,mensal
2023-07-31,Comex Stat/MDIC,comex_saldo_comercial_usd,comercio_exterior,8179061201,calculado,,US$,valor_monetario,Saldo comercial mensal brasileiro.,True,comex_exportacoes_fob_usd - comex_importacoes_fob_usd,mensal,mensal
2023-08-31,Comex Stat/MDIC,comex_saldo_comercial_usd,comercio_exterior,9632605305,calculado,,US$,valor_monetario,Saldo comercial mensal brasileiro.,True,comex_exportacoes_fob_usd - comex_importacoes_fob_usd,mensal,mensal
2023-09-30,Comex Stat/MDIC,comex_saldo_comercial_usd,comercio_exterior,9181571736,calculado,,US$,valor_monetario,Saldo comercial mensal brasileiro.,True,comex_exportacoes_fob_usd - comex_importacoes_fob_usd,mensal,mensal
2023-10-31,Comex Stat/MDIC,comex_saldo_comercial_usd,comercio_exterior,9180921441,calculado,,US$,valor_monetario,Saldo comercial mensal brasileiro.,True,comex_exportacoes_fob_usd - comex_importacoes_fob_usd,mensal,mensal
2023-11-30,Comex Stat/MDIC,comex_saldo_comercial_usd,comercio_exterior,8788767376,calculado,,US$,valor_monetario,Saldo comercial mensal brasileiro.,True,comex_exportacoes_fob_usd - comex_importacoes_fob_usd,mensal,mensal
2023-12-31,Comex Stat/MDIC,comex_saldo_comercial_usd,comercio_exterior,9323164068,calculado,,US$,valor_monetario,Saldo comercial mensal brasileiro.,True,comex_exportacoes_fob_usd - comex_importacoes_fob_usd,mensal,mensal
2024-01-31,Comex Stat/MDIC,comex_saldo_comercial_usd,comercio_exterior,6196099289,calculado,,US$,valor_monetario,Saldo comercial mensal brasileiro.,True,comex_exportacoes_fob_usd - comex_importacoes_fob_usd,mensal,mensal
2024-02-29,Comex Stat/MDIC,comex_saldo_comercial_usd,comercio_exterior,5130328794,calculado,,US$,valor_monetario,Saldo comercial mensal brasileiro.,True,comex_exportacoes_fob_usd - comex_importacoes_fob_usd,mensal,mensal
2024-03-31,Comex Stat/MDIC,comex_saldo_comercial_usd,comercio_exterior,7167209831,calculado,,US$,valor_monetario,Saldo comercial mensal brasileiro.,True,comex_exportacoes_fob_usd - comex_importacoes_fob_usd,mensal,mensal
2024-04-30,Comex Stat/MDIC,comex_saldo_comercial_usd,comercio_exterior,8431159903,calculado,,US$,valor_monetario,Saldo comercial mensal brasileiro.,True,comex_exportacoes_fob_usd - comex_importacoes_fob_usd,mensal,mensal
2024-05-31,Comex Stat/MDIC,comex_saldo_comercial_usd,comercio_exterior,8301788054,calculado,,US$,valor_monetario,Saldo comercial mensal brasileiro.,True,comex_exportacoes_fob_usd - comex_importacoes_fob_usd,mensal,mensal
2024-06-30,Comex Stat/MDIC,comex_saldo_comercial_usd,comercio_exterior,6328138735,calculado,,US$,valor_monetario,Saldo comercial mensal brasileiro.,True,comex_exportacoes_fob_usd - comex_importacoes_fob_usd,mensal,mensal
2024-07-31,Comex Stat/MDIC,comex_saldo_comercial_usd,comercio_exterior,7551486631,calculado,,US$,valor_monetario,Saldo comercial mensal brasileiro.,True,comex_exportacoes_fob_usd - comex_importacoes_fob_usd,mensal,mensal
2024-08-31,Comex Stat/MDIC,comex_saldo_comercial_usd,comercio_exterior,4517119963,calculado,,US$,valor_monetario,Saldo comercial mensal brasileiro.,True,comex_exportacoes_fob_usd - comex_importacoes_fob_usd,mensal,mensal
2024-09-30,Comex Stat/MDIC,comex_saldo_comercial_usd,comercio_exterior,5079587421,calculado,,US$,valor_monetario,Saldo comercial mensal brasileiro.,True,comex_exportacoes_fob_usd - comex_importacoes_fob_usd,mensal,mensal
2024-10-31,Comex Stat/MDIC,comex_saldo_comercial_usd,comercio_exterior,4091218317,calculado,,US$,valor_monetario,Saldo comercial mensal brasileiro.,True,comex_exportacoes_fob_usd - comex_importacoes_fob_usd,mensal,mensal
2024-11-30,Comex Stat/MDIC,comex_saldo_comercial_usd,comercio_exterior,6746530875,calculado,,US$,valor_monetario,Saldo comercial mensal brasileiro.,True,comex_exportacoes_fob_usd - comex_importacoes_fob_usd,mensal,mensal
2024-12-31,Comex Stat/MDIC,comex_saldo_comercial_usd,comercio_exterior,4635887723,calculado,,US$,valor_monetario,Saldo comercial mensal brasileiro.,True,comex_exportacoes_fob_usd - comex_importacoes_fob_usd,mensal,mensal
2025-01-31,Comex Stat/MDIC,comex_saldo_comercial_usd,comercio_exterior,2337312355,calculado,,US$,valor_monetario,Saldo comercial mensal brasileiro.,True,comex_exportacoes_fob_usd - comex_importacoes_fob_usd,mensal,mensal
2025-02-28,Comex Stat/MDIC,comex_saldo_comercial_usd,comercio_exterior,-466952009,calculado,,US$,valor_monetario,Saldo comercial mensal brasileiro.,True,comex_exportacoes_fob_usd - comex_importacoes_fob_usd,mensal,mensal
2025-03-31,Comex Stat/MDIC,comex_saldo_comercial_usd,comercio_exterior,7735922325,calculado,,US$,valor_monetario,Saldo comercial mensal brasileiro.,True,comex_exportacoes_fob_usd - comex_importacoes_fob_usd,mensal,mensal
2025-04-30,Comex Stat/MDIC,comex_saldo_comercial_usd,comercio_exterior,7663931542,calculado,,US$,valor_monetario,Saldo comercial mensal brasileiro.,True,comex_exportacoes_fob_usd - comex_importacoes_fob_usd,mensal,mensal
2025-05-31,Comex Stat/MDIC,comex_saldo_comercial_usd,comercio_exterior,7059754415,calculado,,US$,valor_monetario,Saldo comercial mensal brasileiro.,True,comex_exportacoes_fob_usd - comex_importacoes_fob_usd,mensal,mensal
2025-06-30,Comex Stat/MDIC,comex_saldo_comercial_usd,comercio_exterior,5856563552,calculado,,US$,valor_monetario,Saldo comercial mensal brasileiro.,True,comex_exportacoes_fob_usd - comex_importacoes_fob_usd,mensal,mensal
2025-07-31,Comex Stat/MDIC,comex_saldo_comercial_usd,comercio_exterior,6997273397,calculado,,US$,valor_monetario,Saldo comercial mensal brasileiro.,True,comex_exportacoes_fob_usd - comex_importacoes_fob_usd,mensal,mensal
2025-08-31,Comex Stat/MDIC,comex_saldo_comercial_usd,comercio_exterior,5974634767,calculado,,US$,valor_monetario,Saldo comercial mensal brasileiro.,True,comex_exportacoes_fob_usd - comex_importacoes_fob_usd,mensal,mensal
2025-09-30,Comex Stat/MDIC,comex_saldo_comercial_usd,comercio_exterior,3141193660,calculado,,US$,valor_monetario,Saldo comercial mensal brasileiro.,True,comex_exportacoes_fob_usd - comex_importacoes_fob_usd,mensal,mensal
2025-10-31,Comex Stat/MDIC,comex_saldo_comercial_usd,comercio_exterior,6684972207,calculado,,US$,valor_monetario,Saldo comercial mensal brasileiro.,True,comex_exportacoes_fob_usd - comex_importacoes_fob_usd,mensal,mensal
2025-11-30,Comex Stat/MDIC,comex_saldo_comercial_usd,comercio_exterior,5760556264,calculado,,US$,valor_monetario,Saldo comercial mensal brasileiro.,True,comex_exportacoes_fob_usd - comex_importacoes_fob_usd,mensal,mensal
2025-12-31,Comex Stat/MDIC,comex_saldo_comercial_usd,comercio_exterior,9324866200,calculado,,US$,valor_monetario,Saldo comercial mensal brasileiro.,True,comex_exportacoes_fob_usd - comex_importacoes_fob_usd,mensal,mensal
2026-01-31,Comex Stat/MDIC,comex_saldo_comercial_usd,comercio_exterior,3744914019,calculado,,US$,valor_monetario,Saldo comercial mensal brasileiro.,True,comex_exportacoes_fob_usd - comex_importacoes_fob_usd,mensal,mensal
2026-02-28,Comex Stat/MDIC,comex_saldo_comercial_usd,comercio_exterior,4060511811,calculado,,US$,valor_monetario,Saldo comercial mensal brasileiro.,True,comex_exportacoes_fob_usd - comex_importacoes_fob_usd,mensal,mensal
2026-03-31,Comex Stat/MDIC,comex_saldo_comercial_usd,comercio_exterior,6458957321,calculado,,US$,valor_monetario,Saldo comercial mensal brasileiro.,True,comex_exportacoes_fob_usd - comex_importacoes_fob_usd,mensal,mensal
2026-04-30,Comex Stat/MDIC,comex_saldo_comercial_usd,comercio_exterior,10656030281,calculado,,US$,valor_monetario,Saldo comercial mensal brasileiro.,True,comex_exportacoes_fob_usd - comex_importacoes_fob_usd,mensal,mensal
2026-05-31,Comex Stat/MDIC,comex_saldo_comercial_usd,comercio_exterior,7439103580,calculado,,US$,valor_monetario,Saldo comercial mensal brasileiro.,True,comex_exportacoes_fob_usd - comex_importacoes_fob_usd,mensal,mensal
2026-06-30,Comex Stat/MDIC,comex_saldo_comercial_usd,comercio_exterior,8999098772,calculado,,US$,valor_monetario,Saldo comercial mensal brasileiro.,True,comex_exportacoes_fob_usd - comex_importacoes_fob_usd,mensal,mensal
2026-07-31,Comex Stat/MDIC,comex_saldo_comercial_usd,comercio_exterior,6565077254,calculado,,US$,valor_monetario,Saldo comercial mensal brasileiro.,True,comex_exportacoes_fob_usd - comex_importacoes_fob_usd,mensal,mensal
2026-08-31,Comex Stat/MDIC,comex_saldo_comercial_usd,comercio_exterior,7393942270,calculado,,US$,valor_monetario,Saldo comercial mensal brasileiro.,True,comex_exportacoes_fob_usd - comex_importacoes_fob_usd,mensal,mensal
