data,fluxo,codigo_ncm,nome_curto,descricao_oficial_ncm,grupo_produto,valor_fob_usd,peso_liquido_kg
2020-01-31,exportacao,02023000,carne_bovina_congelada,"Carnes desossadas de bovino, congeladas",proteina_animal,500185177,103909023
2020-02-29,exportacao,02023000,carne_bovina_congelada,"Carnes desossadas de bovino, congeladas",proteina_animal,408138956,93613707
2020-03-31,exportacao,02023000,carne_bovina_congelada,"Carnes desossadas de bovino, congeladas",proteina_animal,468709918,108076051
2020-04-30,exportacao,02023000,carne_bovina_congelada,"Carnes desossadas de bovino, congeladas",proteina_animal,462911352,105939413
2020-05-31,exportacao,02023000,carne_bovina_congelada,"Carnes desossadas de bovino, congeladas",proteina_animal,635635329,144083378
2020-06-30,exportacao,02023000,carne_bovina_congelada,"Carnes desossadas de bovino, congeladas",proteina_animal,604799862,140241131
2020-07-31,exportacao,02023000,carne_bovina_congelada,"Carnes desossadas de bovino, congeladas",proteina_animal,633121722,155571778
2020-08-31,exportacao,02023000,carne_bovina_congelada,"Carnes desossadas de bovino, congeladas",proteina_animal,577884066,145647057
2020-09-30,exportacao,02023000,carne_bovina_congelada,"Carnes desossadas de bovino, congeladas",proteina_animal,511934741,126640567
2020-10-31,exportacao,02023000,carne_bovina_congelada,"Carnes desossadas de bovino, congeladas",proteina_animal,615080455,145870236
2020-11-30,exportacao,02023000,carne_bovina_congelada,"Carnes desossadas de bovino, congeladas",proteina_animal,664844689,151898763
2020-12-31,exportacao,02023000,carne_bovina_congelada,"Carnes desossadas de bovino, congeladas",proteina_animal,579514830,128732215
2021-01-31,exportacao,02023000,carne_bovina_congelada,"Carnes desossadas de bovino, congeladas",proteina_animal,439281209,97843253
2021-02-28,exportacao,02023000,carne_bovina_congelada,"Carnes desossadas de bovino, congeladas",proteina_animal,406611287,90408313
2021-03-31,exportacao,02023000,carne_bovina_congelada,"Carnes desossadas de bovino, congeladas",proteina_animal,531501924,116743572
2021-04-30,exportacao,02023000,carne_bovina_congelada,"Carnes desossadas de bovino, congeladas",proteina_animal,533262511,112760109
2021-05-31,exportacao,02023000,carne_bovina_congelada,"Carnes desossadas de bovino, congeladas",proteina_animal,566231912,115712900
2021-06-30,exportacao,02023000,carne_bovina_congelada,"Carnes desossadas de bovino, congeladas",proteina_animal,656990725,127413128
2021-07-31,exportacao,02023000,carne_bovina_congelada,"Carnes desossadas de bovino, congeladas",proteina_animal,822729854,151748739
2021-08-31,exportacao,02023000,carne_bovina_congelada,"Carnes desossadas de bovino, congeladas",proteina_animal,916099381,162358103
2021-09-30,exportacao,02023000,carne_bovina_congelada,"Carnes desossadas de bovino, congeladas",proteina_animal,977284188,169342096
2021-10-31,exportacao,02023000,carne_bovina_congelada,"Carnes desossadas de bovino, congeladas",proteina_animal,315123413,62976326
2021-11-30,exportacao,02023000,carne_bovina_congelada,"Carnes desossadas de bovino, congeladas",proteina_animal,296034582,63059103
2021-12-31,exportacao,02023000,carne_bovina_congelada,"Carnes desossadas de bovino, congeladas",proteina_animal,494921323,106012022
2022-01-31,exportacao,02023000,carne_bovina_congelada,"Carnes desossadas de bovino, congeladas",proteina_animal,669369075,128367158
2022-02-28,exportacao,02023000,carne_bovina_congelada,"Carnes desossadas de bovino, congeladas",proteina_animal,827170960,147831661
2022-03-31,exportacao,02023000,carne_bovina_congelada,"Carnes desossadas de bovino, congeladas",proteina_animal,928312451,156875986
2022-04-30,exportacao,02023000,carne_bovina_congelada,"Carnes desossadas de bovino, congeladas",proteina_animal,891167442,143221871
2022-05-31,exportacao,02023000,carne_bovina_congelada,"Carnes desossadas de bovino, congeladas",proteina_animal,915905032,142090073
2022-06-30,exportacao,02023000,carne_bovina_congelada,"Carnes desossadas de bovino, congeladas",proteina_animal,961738760,141491570
2022-07-31,exportacao,02023000,carne_bovina_congelada,"Carnes desossadas de bovino, congeladas",proteina_animal,1011416508,153561740
2022-08-31,exportacao,02023000,carne_bovina_congelada,"Carnes desossadas de bovino, congeladas",proteina_animal,1155596646,187403953
2022-09-30,exportacao,02023000,carne_bovina_congelada,"Carnes desossadas de bovino, congeladas",proteina_animal,1135775337,189143969
2022-10-31,exportacao,02023000,carne_bovina_congelada,"Carnes desossadas de bovino, congeladas",proteina_animal,1032879199,177090144
2022-11-30,exportacao,02023000,carne_bovina_congelada,"Carnes desossadas de bovino, congeladas",proteina_animal,700126963,135306680
2022-12-31,exportacao,02023000,carne_bovina_congelada,"Carnes desossadas de bovino, congeladas",proteina_animal,687237326,139753016
2023-01-31,exportacao,02023000,carne_bovina_congelada,"Carnes desossadas de bovino, congeladas",proteina_animal,711098116,148489160
2023-02-28,exportacao,02023000,carne_bovina_congelada,"Carnes desossadas de bovino, congeladas",proteina_animal,553339505,115214850
2023-03-31,exportacao,02023000,carne_bovina_congelada,"Carnes desossadas de bovino, congeladas",proteina_animal,519694057,109331830
2023-04-30,exportacao,02023000,carne_bovina_congelada,"Carnes desossadas de bovino, congeladas",proteina_animal,459384489,97767402
2023-05-31,exportacao,02023000,carne_bovina_congelada,"Carnes desossadas de bovino, congeladas",proteina_animal,769551103,152887926
2023-06-30,exportacao,02023000,carne_bovina_congelada,"Carnes desossadas de bovino, congeladas",proteina_animal,882559776,176174198
2023-07-31,exportacao,02023000,carne_bovina_congelada,"Carnes desossadas de bovino, congeladas",proteina_animal,666836955,143129125
2023-08-31,exportacao,02023000,carne_bovina_congelada,"Carnes desossadas de bovino, congeladas",proteina_animal,730064925,165130752
2023-09-30,exportacao,02023000,carne_bovina_congelada,"Carnes desossadas de bovino, congeladas",proteina_animal,810242562,181077953
2023-10-31,exportacao,02023000,carne_bovina_congelada,"Carnes desossadas de bovino, congeladas",proteina_animal,779949060,172142280
2023-11-30,exportacao,02023000,carne_bovina_congelada,"Carnes desossadas de bovino, congeladas",proteina_animal,758230422,169090537
2023-12-31,exportacao,02023000,carne_bovina_congelada,"Carnes desossadas de bovino, congeladas",proteina_animal,855561826,191378137
2024-01-31,exportacao,02023000,carne_bovina_congelada,"Carnes desossadas de bovino, congeladas",proteina_animal,732592531,164756619
2024-02-29,exportacao,02023000,carne_bovina_congelada,"Carnes desossadas de bovino, congeladas",proteina_animal,708681831,159072831
2024-03-31,exportacao,02023000,carne_bovina_congelada,"Carnes desossadas de bovino, congeladas",proteina_animal,625133411,140943392
2024-04-30,exportacao,02023000,carne_bovina_congelada,"Carnes desossadas de bovino, congeladas",proteina_animal,791709953,178185751
2024-05-31,exportacao,02023000,carne_bovina_congelada,"Carnes desossadas de bovino, congeladas",proteina_animal,807111605,183349074
2024-06-30,exportacao,02023000,carne_bovina_congelada,"Carnes desossadas de bovino, congeladas",proteina_animal,748796648,171230031
2024-07-31,exportacao,02023000,carne_bovina_congelada,"Carnes desossadas de bovino, congeladas",proteina_animal,932224638,215100802
2024-08-31,exportacao,02023000,carne_bovina_congelada,"Carnes desossadas de bovino, congeladas",proteina_animal,837267947,192399781
2024-09-30,exportacao,02023000,carne_bovina_congelada,"Carnes desossadas de bovino, congeladas",proteina_animal,978054618,220899190
2024-10-31,exportacao,02023000,carne_bovina_congelada,"Carnes desossadas de bovino, congeladas",proteina_animal,1105254190,240906871
2024-11-30,exportacao,02023000,carne_bovina_congelada,"Carnes desossadas de bovino, congeladas",proteina_animal,947185029,197944306
2024-12-31,exportacao,02023000,carne_bovina_congelada,"Carnes desossadas de bovino, congeladas",proteina_animal,835065074,172066147
2025-01-31,exportacao,02023000,carne_bovina_congelada,"Carnes desossadas de bovino, congeladas",proteina_animal,754064951,152679309
2025-02-28,exportacao,02023000,carne_bovina_congelada,"Carnes desossadas de bovino, congeladas",proteina_animal,765764924,159702467
2025-03-31,exportacao,02023000,carne_bovina_congelada,"Carnes desossadas de bovino, congeladas",proteina_animal,902222153,188261173
2025-04-30,exportacao,02023000,carne_bovina_congelada,"Carnes desossadas de bovino, congeladas",proteina_animal,1053541378,213527342
2025-05-31,exportacao,02023000,carne_bovina_congelada,"Carnes desossadas de bovino, congeladas",proteina_animal,999514599,195311678
2025-06-30,exportacao,02023000,carne_bovina_congelada,"Carnes desossadas de bovino, congeladas",proteina_animal,1153157748,215767342
2025-07-31,exportacao,02023000,carne_bovina_congelada,"Carnes desossadas de bovino, congeladas",proteina_animal,1355909925,248238799
2025-08-31,exportacao,02023000,carne_bovina_congelada,"Carnes desossadas de bovino, congeladas",proteina_animal,1329274147,240147998
2025-09-30,exportacao,02023000,carne_bovina_congelada,"Carnes desossadas de bovino, congeladas",proteina_animal,1556339878,280352271
2025-10-31,exportacao,02023000,carne_bovina_congelada,"Carnes desossadas de bovino, congeladas",proteina_animal,1571644006,288232039
2025-11-30,exportacao,02023000,carne_bovina_congelada,"Carnes desossadas de bovino, congeladas",proteina_animal,1531220565,283429642
2025-12-31,exportacao,02023000,carne_bovina_congelada,"Carnes desossadas de bovino, congeladas",proteina_animal,1433645667,261726596
2026-01-31,exportacao,02023000,carne_bovina_congelada,"Carnes desossadas de bovino, congeladas",proteina_animal,1130315029,206595416
2026-02-28,exportacao,02023000,carne_bovina_congelada,"Carnes desossadas de bovino, congeladas",proteina_animal,1133141086,206062292
2026-03-31,exportacao,02023000,carne_bovina_congelada,"Carnes desossadas de bovino, congeladas",proteina_animal,1146821637,201398416
2026-04-30,exportacao,02023000,carne_bovina_congelada,"Carnes desossadas de bovino, congeladas",proteina_animal,1377324044,223553179
2026-05-31,exportacao,02023000,carne_bovina_congelada,"Carnes desossadas de bovino, congeladas",proteina_animal,1524891494,237104347
2026-06-30,exportacao,02023000,carne_bovina_congelada,"Carnes desossadas de bovino, congeladas",proteina_animal,1602350318,248837040
2026-07-31,exportacao,02023000,carne_bovina_congelada,"Carnes desossadas de bovino, congeladas",proteina_animal,1201408088,193061335
2026-08-31,exportacao,02023000,carne_bovina_congelada,"Carnes desossadas de bovino, congeladas",proteina_animal,967242706,162300453
2020-01-31,importacao,02023000,carne_bovina_congelada,"Carnes desossadas de bovino, congeladas",proteina_animal,9788257,1182973
2020-02-29,importacao,02023000,carne_bovina_congelada,"Carnes desossadas de bovino, congeladas",proteina_animal,5614443,789959
2020-03-31,importacao,02023000,carne_bovina_congelada,"Carnes desossadas de bovino, congeladas",proteina_animal,6883075,943236
2020-04-30,importacao,02023000,carne_bovina_congelada,"Carnes desossadas de bovino, congeladas",proteina_animal,4669960,600743
2020-05-31,importacao,02023000,carne_bovina_congelada,"Carnes desossadas de bovino, congeladas",proteina_animal,6884464,1276175
2020-06-30,importacao,02023000,carne_bovina_congelada,"Carnes desossadas de bovino, congeladas",proteina_animal,6930231,1311883
2020-07-31,importacao,02023000,carne_bovina_congelada,"Carnes desossadas de bovino, congeladas",proteina_animal,5520849,1030571
2020-08-31,importacao,02023000,carne_bovina_congelada,"Carnes desossadas de bovino, congeladas",proteina_animal,5702609,948420
2020-09-30,importacao,02023000,carne_bovina_congelada,"Carnes desossadas de bovino, congeladas",proteina_animal,8003395,1335223
2020-10-31,importacao,02023000,carne_bovina_congelada,"Carnes desossadas de bovino, congeladas",proteina_animal,7528080,1150025
2020-11-30,importacao,02023000,carne_bovina_congelada,"Carnes desossadas de bovino, congeladas",proteina_animal,12054491,1918817
2020-12-31,importacao,02023000,carne_bovina_congelada,"Carnes desossadas de bovino, congeladas",proteina_animal,16182748,2732471
2021-01-31,importacao,02023000,carne_bovina_congelada,"Carnes desossadas de bovino, congeladas",proteina_animal,13717580,2496779
2021-02-28,importacao,02023000,carne_bovina_congelada,"Carnes desossadas de bovino, congeladas",proteina_animal,8283373,1293263
2021-03-31,importacao,02023000,carne_bovina_congelada,"Carnes desossadas de bovino, congeladas",proteina_animal,8600780,1400026
2021-04-30,importacao,02023000,carne_bovina_congelada,"Carnes desossadas de bovino, congeladas",proteina_animal,10197883,1651321
2021-05-31,importacao,02023000,carne_bovina_congelada,"Carnes desossadas de bovino, congeladas",proteina_animal,10240086,1612338
2021-06-30,importacao,02023000,carne_bovina_congelada,"Carnes desossadas de bovino, congeladas",proteina_animal,10407820,1564393
2021-07-31,importacao,02023000,carne_bovina_congelada,"Carnes desossadas de bovino, congeladas",proteina_animal,13155413,2132956
2021-08-31,importacao,02023000,carne_bovina_congelada,"Carnes desossadas de bovino, congeladas",proteina_animal,10508258,1592615
2021-09-30,importacao,02023000,carne_bovina_congelada,"Carnes desossadas de bovino, congeladas",proteina_animal,9654170,1486433
2021-10-31,importacao,02023000,carne_bovina_congelada,"Carnes desossadas de bovino, congeladas",proteina_animal,13874644,2141595
2021-11-30,importacao,02023000,carne_bovina_congelada,"Carnes desossadas de bovino, congeladas",proteina_animal,11912263,1565231
2021-12-31,importacao,02023000,carne_bovina_congelada,"Carnes desossadas de bovino, congeladas",proteina_animal,16900983,1995092
2022-01-31,importacao,02023000,carne_bovina_congelada,"Carnes desossadas de bovino, congeladas",proteina_animal,12276231,1570321
2022-02-28,importacao,02023000,carne_bovina_congelada,"Carnes desossadas de bovino, congeladas",proteina_animal,10612326,1307006
2022-03-31,importacao,02023000,carne_bovina_congelada,"Carnes desossadas de bovino, congeladas",proteina_animal,12635846,1772321
2022-04-30,importacao,02023000,carne_bovina_congelada,"Carnes desossadas de bovino, congeladas",proteina_animal,14124073,1914407
2022-05-31,importacao,02023000,carne_bovina_congelada,"Carnes desossadas de bovino, congeladas",proteina_animal,22509589,3757674
2022-06-30,importacao,02023000,carne_bovina_congelada,"Carnes desossadas de bovino, congeladas",proteina_animal,14340192,2255095
2022-07-31,importacao,02023000,carne_bovina_congelada,"Carnes desossadas de bovino, congeladas",proteina_animal,16411712,1929961
2022-08-31,importacao,02023000,carne_bovina_congelada,"Carnes desossadas de bovino, congeladas",proteina_animal,17848541,2116446
2022-09-30,importacao,02023000,carne_bovina_congelada,"Carnes desossadas de bovino, congeladas",proteina_animal,15079849,1767975
2022-10-31,importacao,02023000,carne_bovina_congelada,"Carnes desossadas de bovino, congeladas",proteina_animal,16492727,2187324
2022-11-30,importacao,02023000,carne_bovina_congelada,"Carnes desossadas de bovino, congeladas",proteina_animal,14125369,1830122
2022-12-31,importacao,02023000,carne_bovina_congelada,"Carnes desossadas de bovino, congeladas",proteina_animal,11386000,1255174
2023-01-31,importacao,02023000,carne_bovina_congelada,"Carnes desossadas de bovino, congeladas",proteina_animal,10280794,1585832
2023-02-28,importacao,02023000,carne_bovina_congelada,"Carnes desossadas de bovino, congeladas",proteina_animal,10809809,1294513
2023-03-31,importacao,02023000,carne_bovina_congelada,"Carnes desossadas de bovino, congeladas",proteina_animal,11814892,1622533
2023-04-30,importacao,02023000,carne_bovina_congelada,"Carnes desossadas de bovino, congeladas",proteina_animal,6568562,819666
2023-05-31,importacao,02023000,carne_bovina_congelada,"Carnes desossadas de bovino, congeladas",proteina_animal,11759530,1566600
2023-06-30,importacao,02023000,carne_bovina_congelada,"Carnes desossadas de bovino, congeladas",proteina_animal,10140686,1359163
2023-07-31,importacao,02023000,carne_bovina_congelada,"Carnes desossadas de bovino, congeladas",proteina_animal,8656980,1165465
2023-08-31,importacao,02023000,carne_bovina_congelada,"Carnes desossadas de bovino, congeladas",proteina_animal,11431143,1768196
2023-09-30,importacao,02023000,carne_bovina_congelada,"Carnes desossadas de bovino, congeladas",proteina_animal,7642045,1112450
2023-10-31,importacao,02023000,carne_bovina_congelada,"Carnes desossadas de bovino, congeladas",proteina_animal,10421884,1171474
2023-11-30,importacao,02023000,carne_bovina_congelada,"Carnes desossadas de bovino, congeladas",proteina_animal,12629638,1443008
2023-12-31,importacao,02023000,carne_bovina_congelada,"Carnes desossadas de bovino, congeladas",proteina_animal,14050197,1826465
2024-01-31,importacao,02023000,carne_bovina_congelada,"Carnes desossadas de bovino, congeladas",proteina_animal,13599940,1471597
2024-02-29,importacao,02023000,carne_bovina_congelada,"Carnes desossadas de bovino, congeladas",proteina_animal,10661188,1185501
2024-03-31,importacao,02023000,carne_bovina_congelada,"Carnes desossadas de bovino, congeladas",proteina_animal,13406429,1684256
2024-04-30,importacao,02023000,carne_bovina_congelada,"Carnes desossadas de bovino, congeladas",proteina_animal,14577715,1815801
2024-05-31,importacao,02023000,carne_bovina_congelada,"Carnes desossadas de bovino, congeladas",proteina_animal,18806159,2442412
2024-06-30,importacao,02023000,carne_bovina_congelada,"Carnes desossadas de bovino, congeladas",proteina_animal,16870453,2319280
2024-07-31,importacao,02023000,carne_bovina_congelada,"Carnes desossadas de bovino, congeladas",proteina_animal,14633413,1740216
2024-08-31,importacao,02023000,carne_bovina_congelada,"Carnes desossadas de bovino, congeladas",proteina_animal,11666265,1612250
2024-09-30,importacao,02023000,carne_bovina_congelada,"Carnes desossadas de bovino, congeladas",proteina_animal,10313017,1397589
2024-10-31,importacao,02023000,carne_bovina_congelada,"Carnes desossadas de bovino, congeladas",proteina_animal,14737235,1673371
2024-11-30,importacao,02023000,carne_bovina_congelada,"Carnes desossadas de bovino, congeladas",proteina_animal,14648244,1732195
2024-12-31,importacao,02023000,carne_bovina_congelada,"Carnes desossadas de bovino, congeladas",proteina_animal,11294095,1111045
2025-01-31,importacao,02023000,carne_bovina_congelada,"Carnes desossadas de bovino, congeladas",proteina_animal,13740963,1497789
2025-02-28,importacao,02023000,carne_bovina_congelada,"Carnes desossadas de bovino, congeladas",proteina_animal,14270428,1582850
2025-03-31,importacao,02023000,carne_bovina_congelada,"Carnes desossadas de bovino, congeladas",proteina_animal,13029688,1561322
2025-04-30,importacao,02023000,carne_bovina_congelada,"Carnes desossadas de bovino, congeladas",proteina_animal,10639907,1211661
2025-05-31,importacao,02023000,carne_bovina_congelada,"Carnes desossadas de bovino, congeladas",proteina_animal,13115903,1622492
2025-06-30,importacao,02023000,carne_bovina_congelada,"Carnes desossadas de bovino, congeladas",proteina_animal,12874848,1422204
2025-07-31,importacao,02023000,carne_bovina_congelada,"Carnes desossadas de bovino, congeladas",proteina_animal,11658034,1215103
2025-08-31,importacao,02023000,carne_bovina_congelada,"Carnes desossadas de bovino, congeladas",proteina_animal,11904008,1341258
2025-09-30,importacao,02023000,carne_bovina_congelada,"Carnes desossadas de bovino, congeladas",proteina_animal,11275639,1195760
2025-10-31,importacao,02023000,carne_bovina_congelada,"Carnes desossadas de bovino, congeladas",proteina_animal,11641197,1127460
2025-11-30,importacao,02023000,carne_bovina_congelada,"Carnes desossadas de bovino, congeladas",proteina_animal,6962161,811194
2025-12-31,importacao,02023000,carne_bovina_congelada,"Carnes desossadas de bovino, congeladas",proteina_animal,9985068,912009
2026-01-31,importacao,02023000,carne_bovina_congelada,"Carnes desossadas de bovino, congeladas",proteina_animal,8964035,821622
2026-02-28,importacao,02023000,carne_bovina_congelada,"Carnes desossadas de bovino, congeladas",proteina_animal,7959462,806491
2026-03-31,importacao,02023000,carne_bovina_congelada,"Carnes desossadas de bovino, congeladas",proteina_animal,10449016,1001834
2026-04-30,importacao,02023000,carne_bovina_congelada,"Carnes desossadas de bovino, congeladas",proteina_animal,6561930,693226
2026-05-31,importacao,02023000,carne_bovina_congelada,"Carnes desossadas de bovino, congeladas",proteina_animal,6010061,491168
2026-06-30,importacao,02023000,carne_bovina_congelada,"Carnes desossadas de bovino, congeladas",proteina_animal,8385042,709333
2026-07-31,importacao,02023000,carne_bovina_congelada,"Carnes desossadas de bovino, congeladas",proteina_animal,11239167,1022474
2026-08-31,importacao,02023000,carne_bovina_congelada,"Carnes desossadas de bovino, congeladas",proteina_animal,9868969,942383
2020-01-31,exportacao,09011110,cafe_nao_torrado,"Café não torrado, não descafeinado, em grão",agropecuaria,357877575,163332129
2020-02-29,exportacao,09011110,cafe_nao_torrado,"Café não torrado, não descafeinado, em grão",agropecuaria,380335045,168533489
2020-03-31,exportacao,09011110,cafe_nao_torrado,"Café não torrado, não descafeinado, em grão",agropecuaria,409748404,182486761
2020-04-30,exportacao,09011110,cafe_nao_torrado,"Café não torrado, não descafeinado, em grão",agropecuaria,365386632,164908865
2020-05-31,exportacao,09011110,cafe_nao_torrado,"Café não torrado, não descafeinado, em grão",agropecuaria,467676028,215668905
2020-06-30,exportacao,09011110,cafe_nao_torrado,"Café não torrado, não descafeinado, em grão",agropecuaria,281246789,141481182
2020-07-31,exportacao,09011110,cafe_nao_torrado,"Café não torrado, não descafeinado, em grão",agropecuaria,323348856,167763306
2020-08-31,exportacao,09011110,cafe_nao_torrado,"Café não torrado, não descafeinado, em grão",agropecuaria,369973288,190647076
2020-09-30,exportacao,09011110,cafe_nao_torrado,"Café não torrado, não descafeinado, em grão",agropecuaria,434316203,220909388
2020-10-31,exportacao,09011110,cafe_nao_torrado,"Café não torrado, não descafeinado, em grão",agropecuaria,463355120,225200660
2020-11-30,exportacao,09011110,cafe_nao_torrado,"Café não torrado, não descafeinado, em grão",agropecuaria,577591415,275731745
2020-12-31,exportacao,09011110,cafe_nao_torrado,"Café não torrado, não descafeinado, em grão",agropecuaria,539663934,254509083
2021-01-31,exportacao,09011110,cafe_nao_torrado,"Café não torrado, não descafeinado, em grão",agropecuaria,466534434,221965485
2021-02-28,exportacao,09011110,cafe_nao_torrado,"Café não torrado, não descafeinado, em grão",agropecuaria,413439733,191071095
2021-03-31,exportacao,09011110,cafe_nao_torrado,"Café não torrado, não descafeinado, em grão",agropecuaria,535786005,241586366
2021-04-30,exportacao,09011110,cafe_nao_torrado,"Café não torrado, não descafeinado, em grão",agropecuaria,464836986,207151549
2021-05-31,exportacao,09011110,cafe_nao_torrado,"Café não torrado, não descafeinado, em grão",agropecuaria,432740284,190099182
2021-06-30,exportacao,09011110,cafe_nao_torrado,"Café não torrado, não descafeinado, em grão",agropecuaria,408235998,174256268
2021-07-31,exportacao,09011110,cafe_nao_torrado,"Café não torrado, não descafeinado, em grão",agropecuaria,334840426,142861626
2021-08-31,exportacao,09011110,cafe_nao_torrado,"Café não torrado, não descafeinado, em grão",agropecuaria,428698610,172421668
2021-09-30,exportacao,09011110,cafe_nao_torrado,"Café não torrado, não descafeinado, em grão",agropecuaria,470263860,169587727
2021-10-31,exportacao,09011110,cafe_nao_torrado,"Café não torrado, não descafeinado, em grão",agropecuaria,557836003,188709950
2021-11-30,exportacao,09011110,cafe_nao_torrado,"Café não torrado, não descafeinado, em grão",agropecuaria,570328764,175084878
2021-12-31,exportacao,09011110,cafe_nao_torrado,"Café não torrado, não descafeinado, em grão",agropecuaria,720026763,207639849
2022-01-31,exportacao,09011110,cafe_nao_torrado,"Café não torrado, não descafeinado, em grão",agropecuaria,659385406,178050994
2022-02-28,exportacao,09011110,cafe_nao_torrado,"Café não torrado, não descafeinado, em grão",agropecuaria,828165543,208278281
2022-03-31,exportacao,09011110,cafe_nao_torrado,"Café não torrado, não descafeinado, em grão",agropecuaria,823532965,202983105
2022-04-30,exportacao,09011110,cafe_nao_torrado,"Café não torrado, não descafeinado, em grão",agropecuaria,680041624,165744440
2022-05-31,exportacao,09011110,cafe_nao_torrado,"Café não torrado, não descafeinado, em grão",agropecuaria,585414797,142466041
2022-06-30,exportacao,09011110,cafe_nao_torrado,"Café não torrado, não descafeinado, em grão",agropecuaria,721238463,180749696
2022-07-31,exportacao,09011110,cafe_nao_torrado,"Café não torrado, não descafeinado, em grão",agropecuaria,588623328,146495992
2022-08-31,exportacao,09011110,cafe_nao_torrado,"Café não torrado, não descafeinado, em grão",agropecuaria,556953062,139848937
2022-09-30,exportacao,09011110,cafe_nao_torrado,"Café não torrado, não descafeinado, em grão",agropecuaria,671077441,168678465
2022-10-31,exportacao,09011110,cafe_nao_torrado,"Café não torrado, não descafeinado, em grão",agropecuaria,816196217,199801145
2022-11-30,exportacao,09011110,cafe_nao_torrado,"Café não torrado, não descafeinado, em grão",agropecuaria,884685023,216347442
2022-12-31,exportacao,09011110,cafe_nao_torrado,"Café não torrado, não descafeinado, em grão",agropecuaria,696375189,182072223
2023-01-31,exportacao,09011110,cafe_nao_torrado,"Café não torrado, não descafeinado, em grão",agropecuaria,626692007,169517101
2023-02-28,exportacao,09011110,cafe_nao_torrado,"Café não torrado, não descafeinado, em grão",agropecuaria,437627975,122404455
2023-03-31,exportacao,09011110,cafe_nao_torrado,"Café não torrado, não descafeinado, em grão",agropecuaria,601188274,163565563
2023-04-30,exportacao,09011110,cafe_nao_torrado,"Café não torrado, não descafeinado, em grão",agropecuaria,522256624,138018271
2023-05-31,exportacao,09011110,cafe_nao_torrado,"Café não torrado, não descafeinado, em grão",agropecuaria,537212598,141085429
2023-06-30,exportacao,09011110,cafe_nao_torrado,"Café não torrado, não descafeinado, em grão",agropecuaria,532367567,138686029
2023-07-31,exportacao,09011110,cafe_nao_torrado,"Café não torrado, não descafeinado, em grão",agropecuaria,515086348,140452567
2023-08-31,exportacao,09011110,cafe_nao_torrado,"Café não torrado, não descafeinado, em grão",agropecuaria,653553627,197451965
2023-09-30,exportacao,09011110,cafe_nao_torrado,"Café não torrado, não descafeinado, em grão",agropecuaria,573762182,177658799
2023-10-31,exportacao,09011110,cafe_nao_torrado,"Café não torrado, não descafeinado, em grão",agropecuaria,803433356,249356829
2023-11-30,exportacao,09011110,cafe_nao_torrado,"Café não torrado, não descafeinado, em grão",agropecuaria,735779248,234705609
2023-12-31,exportacao,09011110,cafe_nao_torrado,"Café não torrado, não descafeinado, em grão",agropecuaria,775602707,243540185
2024-01-31,exportacao,09011110,cafe_nao_torrado,"Café não torrado, não descafeinado, em grão",agropecuaria,739222158,223974337
2024-02-29,exportacao,09011110,cafe_nao_torrado,"Café não torrado, não descafeinado, em grão",agropecuaria,750774969,216518447
2024-03-31,exportacao,09011110,cafe_nao_torrado,"Café não torrado, não descafeinado, em grão",agropecuaria,738219439,208019887
2024-04-30,exportacao,09011110,cafe_nao_torrado,"Café não torrado, não descafeinado, em grão",agropecuaria,916094870,253742941
2024-05-31,exportacao,09011110,cafe_nao_torrado,"Café não torrado, não descafeinado, em grão",agropecuaria,928829132,243667076
2024-06-30,exportacao,09011110,cafe_nao_torrado,"Café não torrado, não descafeinado, em grão",agropecuaria,801843949,203252346
2024-07-31,exportacao,09011110,cafe_nao_torrado,"Café não torrado, não descafeinado, em grão",agropecuaria,832076871,202266405
2024-08-31,exportacao,09011110,cafe_nao_torrado,"Café não torrado, não descafeinado, em grão",agropecuaria,870350027,206556395
2024-09-30,exportacao,09011110,cafe_nao_torrado,"Café não torrado, não descafeinado, em grão",agropecuaria,1070565126,242988073
2024-10-31,exportacao,09011110,cafe_nao_torrado,"Café não torrado, não descafeinado, em grão",agropecuaria,1307749175,279213668
2024-11-30,exportacao,09011110,cafe_nao_torrado,"Café não torrado, não descafeinado, em grão",agropecuaria,1372118696,285249947
2024-12-31,exportacao,09011110,cafe_nao_torrado,"Café não torrado, não descafeinado, em grão",agropecuaria,1004088771,201847928
2025-01-31,exportacao,09011110,cafe_nao_torrado,"Café não torrado, não descafeinado, em grão",agropecuaria,1327279484,245339315
2025-02-28,exportacao,09011110,cafe_nao_torrado,"Café não torrado, não descafeinado, em grão",agropecuaria,1032917761,172109852
2025-03-31,exportacao,09011110,cafe_nao_torrado,"Café não torrado, não descafeinado, em grão",agropecuaria,1435205344,219190047
2025-04-30,exportacao,09011110,cafe_nao_torrado,"Café não torrado, não descafeinado, em grão",agropecuaria,1249821209,173059992
2025-05-31,exportacao,09011110,cafe_nao_torrado,"Café não torrado, não descafeinado, em grão",agropecuaria,1213333808,170234909
2025-06-30,exportacao,09011110,cafe_nao_torrado,"Café não torrado, não descafeinado, em grão",agropecuaria,934049853,133862796
2025-07-31,exportacao,09011110,cafe_nao_torrado,"Café não torrado, não descafeinado, em grão",agropecuaria,1042861480,160973332
2025-08-31,exportacao,09011110,cafe_nao_torrado,"Café não torrado, não descafeinado, em grão",agropecuaria,883483837,142886373
2025-09-30,exportacao,09011110,cafe_nao_torrado,"Café não torrado, não descafeinado, em grão",agropecuaria,1190719473,195803521
2025-10-31,exportacao,09011110,cafe_nao_torrado,"Café não torrado, não descafeinado, em grão",agropecuaria,1521520760,233087155
2025-11-30,exportacao,09011110,cafe_nao_torrado,"Café não torrado, não descafeinado, em grão",agropecuaria,1496748219,212150727
2025-12-31,exportacao,09011110,cafe_nao_torrado,"Café não torrado, não descafeinado, em grão",agropecuaria,1537497035,210301796
2026-01-31,exportacao,09011110,cafe_nao_torrado,"Café não torrado, não descafeinado, em grão",agropecuaria,1013528628,141224032
2026-02-28,exportacao,09011110,cafe_nao_torrado,"Café não torrado, não descafeinado, em grão",agropecuaria,1020635732,141967940
2026-03-31,exportacao,09011110,cafe_nao_torrado,"Café não torrado, não descafeinado, em grão",agropecuaria,997837015,151241226
2026-04-30,exportacao,09011110,cafe_nao_torrado,"Café não torrado, não descafeinado, em grão",agropecuaria,1072315176,171392428
2026-05-31,exportacao,09011110,cafe_nao_torrado,"Café não torrado, não descafeinado, em grão",agropecuaria,912935086,155169290
2026-06-30,exportacao,09011110,cafe_nao_torrado,"Café não torrado, não descafeinado, em grão",agropecuaria,934557701,167705205
2026-07-31,exportacao,09011110,cafe_nao_torrado,"Café não torrado, não descafeinado, em grão",agropecuaria,813952881,152934524
2026-08-31,exportacao,09011110,cafe_nao_torrado,"Café não torrado, não descafeinado, em grão",agropecuaria,1094109253,206264157
2020-07-31,importacao,09011110,cafe_nao_torrado,"Café não torrado, não descafeinado, em grão",agropecuaria,31418,20000
2021-03-31,importacao,09011110,cafe_nao_torrado,"Café não torrado, não descafeinado, em grão",agropecuaria,50626,36036
2022-04-30,importacao,09011110,cafe_nao_torrado,"Café não torrado, não descafeinado, em grão",agropecuaria,1151531,597000
2022-06-30,importacao,09011110,cafe_nao_torrado,"Café não torrado, não descafeinado, em grão",agropecuaria,2042403,895950
2022-07-31,importacao,09011110,cafe_nao_torrado,"Café não torrado, não descafeinado, em grão",agropecuaria,1997685,894150
2022-08-31,importacao,09011110,cafe_nao_torrado,"Café não torrado, não descafeinado, em grão",agropecuaria,1874683,894050
2022-09-30,importacao,09011110,cafe_nao_torrado,"Café não torrado, não descafeinado, em grão",agropecuaria,1843063,893975
2023-01-31,importacao,09011110,cafe_nao_torrado,"Café não torrado, não descafeinado, em grão",agropecuaria,646354,300000
2023-02-28,importacao,09011110,cafe_nao_torrado,"Café não torrado, não descafeinado, em grão",agropecuaria,674382,300000
2023-03-31,importacao,09011110,cafe_nao_torrado,"Café não torrado, não descafeinado, em grão",agropecuaria,1682589,893250
2023-05-31,importacao,09011110,cafe_nao_torrado,"Café não torrado, não descafeinado, em grão",agropecuaria,3418139,1786200
2023-06-30,importacao,09011110,cafe_nao_torrado,"Café não torrado, não descafeinado, em grão",agropecuaria,1667554,893550
2023-08-31,importacao,09011110,cafe_nao_torrado,"Café não torrado, não descafeinado, em grão",agropecuaria,1641658,895850
2024-03-31,importacao,09011110,cafe_nao_torrado,"Café não torrado, não descafeinado, em grão",agropecuaria,1313,544
2025-01-31,importacao,09011110,cafe_nao_torrado,"Café não torrado, não descafeinado, em grão",agropecuaria,5710,504
2025-04-30,importacao,09011110,cafe_nao_torrado,"Café não torrado, não descafeinado, em grão",agropecuaria,26298308,4796400
2025-05-31,importacao,09011110,cafe_nao_torrado,"Café não torrado, não descafeinado, em grão",agropecuaria,375993,81600
2025-07-31,importacao,09011110,cafe_nao_torrado,"Café não torrado, não descafeinado, em grão",agropecuaria,189166,39200
2025-11-30,importacao,09011110,cafe_nao_torrado,"Café não torrado, não descafeinado, em grão",agropecuaria,313917,40020
2026-02-28,importacao,09011110,cafe_nao_torrado,"Café não torrado, não descafeinado, em grão",agropecuaria,449281,52000
2026-05-31,importacao,09011110,cafe_nao_torrado,"Café não torrado, não descafeinado, em grão",agropecuaria,305848,37719
2026-07-31,importacao,09011110,cafe_nao_torrado,"Café não torrado, não descafeinado, em grão",agropecuaria,6294,1560
2020-01-31,exportacao,10059010,milho_em_grao,"Milho em grão, exceto para semeadura",agropecuaria,349915062,2083530104
2020-02-29,exportacao,10059010,milho_em_grao,"Milho em grão, exceto para semeadura",agropecuaria,66609384,339186854
2020-03-31,exportacao,10059010,milho_em_grao,"Milho em grão, exceto para semeadura",agropecuaria,85840004,471342483
2020-04-30,exportacao,10059010,milho_em_grao,"Milho em grão, exceto para semeadura",agropecuaria,2437667,5842945
2020-05-31,exportacao,10059010,milho_em_grao,"Milho em grão, exceto para semeadura",agropecuaria,5348368,23621385
2020-06-30,exportacao,10059010,milho_em_grao,"Milho em grão, exceto para semeadura",agropecuaria,49872281,311552304
2020-07-31,exportacao,10059010,milho_em_grao,"Milho em grão, exceto para semeadura",agropecuaria,629286793,3976875672
2020-08-31,exportacao,10059010,milho_em_grao,"Milho em grão, exceto para semeadura",agropecuaria,993372582,6240800125
2020-09-30,exportacao,10059010,milho_em_grao,"Milho em grão, exceto para semeadura",agropecuaria,1033322980,6361269160
2020-10-31,exportacao,10059010,milho_em_grao,"Milho em grão, exceto para semeadura",agropecuaria,825059090,4999747202
2020-11-30,exportacao,10059010,milho_em_grao,"Milho em grão, exceto para semeadura",agropecuaria,834768893,4728314402
2020-12-31,exportacao,10059010,milho_em_grao,"Milho em grão, exceto para semeadura",agropecuaria,907495301,4849671267
2021-01-31,exportacao,10059010,milho_em_grao,"Milho em grão, exceto para semeadura",agropecuaria,454235204,2344662043
2021-02-28,exportacao,10059010,milho_em_grao,"Milho em grão, exceto para semeadura",agropecuaria,162626289,775054623
2021-03-31,exportacao,10059010,milho_em_grao,"Milho em grão, exceto para semeadura",agropecuaria,66890964,289202359
2021-04-30,exportacao,10059010,milho_em_grao,"Milho em grão, exceto para semeadura",agropecuaria,27207932,128914443
2021-05-31,exportacao,10059010,milho_em_grao,"Milho em grão, exceto para semeadura",agropecuaria,2962071,13019636
2021-06-30,exportacao,10059010,milho_em_grao,"Milho em grão, exceto para semeadura",agropecuaria,18558033,90584027
2021-07-31,exportacao,10059010,milho_em_grao,"Milho em grão, exceto para semeadura",agropecuaria,398689711,1990061416
2021-08-31,exportacao,10059010,milho_em_grao,"Milho em grão, exceto para semeadura",agropecuaria,830167543,4334875566
2021-09-30,exportacao,10059010,milho_em_grao,"Milho em grão, exceto para semeadura",agropecuaria,531924568,2849347554
2021-10-31,exportacao,10059010,milho_em_grao,"Milho em grão, exceto para semeadura",agropecuaria,364204382,1791306924
2021-11-30,exportacao,10059010,milho_em_grao,"Milho em grão, exceto para semeadura",agropecuaria,485767392,2383980756
2021-12-31,exportacao,10059010,milho_em_grao,"Milho em grão, exceto para semeadura",agropecuaria,753357043,3407137854
2022-01-31,exportacao,10059010,milho_em_grao,"Milho em grão, exceto para semeadura",agropecuaria,665211682,2730631947
2022-02-28,exportacao,10059010,milho_em_grao,"Milho em grão, exceto para semeadura",agropecuaria,201617625,766848764
2022-03-31,exportacao,10059010,milho_em_grao,"Milho em grão, exceto para semeadura",agropecuaria,3958826,13192069
2022-04-30,exportacao,10059010,milho_em_grao,"Milho em grão, exceto para semeadura",agropecuaria,227498564,689083720
2022-05-31,exportacao,10059010,milho_em_grao,"Milho em grão, exceto para semeadura",agropecuaria,366792513,1086020597
2022-06-30,exportacao,10059010,milho_em_grao,"Milho em grão, exceto para semeadura",agropecuaria,308292682,986675412
2022-07-31,exportacao,10059010,milho_em_grao,"Milho em grão, exceto para semeadura",agropecuaria,1148290723,4118291282
2022-08-31,exportacao,10059010,milho_em_grao,"Milho em grão, exceto para semeadura",agropecuaria,2011494981,7442956870
2022-09-30,exportacao,10059010,milho_em_grao,"Milho em grão, exceto para semeadura",agropecuaria,1794104299,6418054791
2022-10-31,exportacao,10059010,milho_em_grao,"Milho em grão, exceto para semeadura",agropecuaria,1890616076,6781116144
2022-11-30,exportacao,10059010,milho_em_grao,"Milho em grão, exceto para semeadura",agropecuaria,1664841333,5886718099
2022-12-31,exportacao,10059010,milho_em_grao,"Milho em grão, exceto para semeadura",agropecuaria,1789640303,6239337718
2023-01-31,exportacao,10059010,milho_em_grao,"Milho em grão, exceto para semeadura",agropecuaria,1752577875,6136881813
2023-02-28,exportacao,10059010,milho_em_grao,"Milho em grão, exceto para semeadura",agropecuaria,673452387,2272875330
2023-03-31,exportacao,10059010,milho_em_grao,"Milho em grão, exceto para semeadura",agropecuaria,400206457,1334674126
2023-04-30,exportacao,10059010,milho_em_grao,"Milho em grão, exceto para semeadura",agropecuaria,139390889,468221872
2023-05-31,exportacao,10059010,milho_em_grao,"Milho em grão, exceto para semeadura",agropecuaria,114531073,381805664
2023-06-30,exportacao,10059010,milho_em_grao,"Milho em grão, exceto para semeadura",agropecuaria,264854430,1032711966
2023-07-31,exportacao,10059010,milho_em_grao,"Milho em grão, exceto para semeadura",agropecuaria,1029420950,4229433861
2023-08-31,exportacao,10059010,milho_em_grao,"Milho em grão, exceto para semeadura",agropecuaria,2223623456,9360278866
2023-09-30,exportacao,10059010,milho_em_grao,"Milho em grão, exceto para semeadura",agropecuaria,1969667003,8741315630
2023-10-31,exportacao,10059010,milho_em_grao,"Milho em grão, exceto para semeadura",agropecuaria,1878273304,8441956205
2023-11-30,exportacao,10059010,milho_em_grao,"Milho em grão, exceto para semeadura",agropecuaria,1658129168,7400998944
2023-12-31,exportacao,10059010,milho_em_grao,"Milho em grão, exceto para semeadura",agropecuaria,1355660664,6059132215
2024-01-31,exportacao,10059010,milho_em_grao,"Milho em grão, exceto para semeadura",agropecuaria,1103983929,4872992422
2024-02-29,exportacao,10059010,milho_em_grao,"Milho em grão, exceto para semeadura",agropecuaria,384498093,1711494672
2024-03-31,exportacao,10059010,milho_em_grao,"Milho em grão, exceto para semeadura",agropecuaria,97739646,426562266
2024-04-30,exportacao,10059010,milho_em_grao,"Milho em grão, exceto para semeadura",agropecuaria,14766070,64112364
2024-05-31,exportacao,10059010,milho_em_grao,"Milho em grão, exceto para semeadura",agropecuaria,81959790,412495054
2024-06-30,exportacao,10059010,milho_em_grao,"Milho em grão, exceto para semeadura",agropecuaria,167870901,850309454
2024-07-31,exportacao,10059010,milho_em_grao,"Milho em grão, exceto para semeadura",agropecuaria,695326647,3551913134
2024-08-31,exportacao,10059010,milho_em_grao,"Milho em grão, exceto para semeadura",agropecuaria,1163756946,6060494145
2024-09-30,exportacao,10059010,milho_em_grao,"Milho em grão, exceto para semeadura",agropecuaria,1229524843,6415287582
2024-10-31,exportacao,10059010,milho_em_grao,"Milho em grão, exceto para semeadura",agropecuaria,1245642767,6397153617
2024-11-30,exportacao,10059010,milho_em_grao,"Milho em grão, exceto para semeadura",agropecuaria,963293711,4720852284
2024-12-31,exportacao,10059010,milho_em_grao,"Milho em grão, exceto para semeadura",agropecuaria,897954112,4260808179
2025-01-31,exportacao,10059010,milho_em_grao,"Milho em grão, exceto para semeadura",agropecuaria,779777592,3590444436
2025-02-28,exportacao,10059010,milho_em_grao,"Milho em grão, exceto para semeadura",agropecuaria,319814566,1418993884
2025-03-31,exportacao,10059010,milho_em_grao,"Milho em grão, exceto para semeadura",agropecuaria,206900944,870676815
2025-04-30,exportacao,10059010,milho_em_grao,"Milho em grão, exceto para semeadura",agropecuaria,44810756,177254544
2025-05-31,exportacao,10059010,milho_em_grao,"Milho em grão, exceto para semeadura",agropecuaria,10354912,37105092
2025-06-30,exportacao,10059010,milho_em_grao,"Milho em grão, exceto para semeadura",agropecuaria,82651295,367476784
2025-07-31,exportacao,10059010,milho_em_grao,"Milho em grão, exceto para semeadura",agropecuaria,492826724,2431994723
2025-08-31,exportacao,10059010,milho_em_grao,"Milho em grão, exceto para semeadura",agropecuaria,1341652839,6846759574
2025-09-30,exportacao,10059010,milho_em_grao,"Milho em grão, exceto para semeadura",agropecuaria,1490862581,7560437544
2025-10-31,exportacao,10059010,milho_em_grao,"Milho em grão, exceto para semeadura",agropecuaria,1325675240,6495640646
2025-11-30,exportacao,10059010,milho_em_grao,"Milho em grão, exceto para semeadura",agropecuaria,1048119059,5026865783
2025-12-31,exportacao,10059010,milho_em_grao,"Milho em grão, exceto para semeadura",agropecuaria,1305773548,6124177918
2026-01-31,exportacao,10059010,milho_em_grao,"Milho em grão, exceto para semeadura",agropecuaria,925674649,4245185990
2026-02-28,exportacao,10059010,milho_em_grao,"Milho em grão, exceto para semeadura",agropecuaria,329104188,1512529636
2026-03-31,exportacao,10059010,milho_em_grao,"Milho em grão, exceto para semeadura",agropecuaria,219383824,981132619
2026-04-30,exportacao,10059010,milho_em_grao,"Milho em grão, exceto para semeadura",agropecuaria,110324742,470339259
2026-05-31,exportacao,10059010,milho_em_grao,"Milho em grão, exceto para semeadura",agropecuaria,61044053,249314295
2026-06-30,exportacao,10059010,milho_em_grao,"Milho em grão, exceto para semeadura",agropecuaria,97583401,434050383
2026-07-31,exportacao,10059010,milho_em_grao,"Milho em grão, exceto para semeadura",agropecuaria,406526270,1941216352
2026-08-31,exportacao,10059010,milho_em_grao,"Milho em grão, exceto para semeadura",agropecuaria,1002656682,4653100189
2020-01-31,importacao,10059010,milho_em_grao,"Milho em grão, exceto para semeadura",agropecuaria,26216991,196178640
2020-02-29,importacao,10059010,milho_em_grao,"Milho em grão, exceto para semeadura",agropecuaria,12586676,87550880
2020-03-31,importacao,10059010,milho_em_grao,"Milho em grão, exceto para semeadura",agropecuaria,12143510,73944650
2020-04-30,importacao,10059010,milho_em_grao,"Milho em grão, exceto para semeadura",agropecuaria,16133735,93448070
2020-05-31,importacao,10059010,milho_em_grao,"Milho em grão, exceto para semeadura",agropecuaria,1330294,8856140
2020-06-30,importacao,10059010,milho_em_grao,"Milho em grão, exceto para semeadura",agropecuaria,574800,4056000
2020-07-31,importacao,10059010,milho_em_grao,"Milho em grão, exceto para semeadura",agropecuaria,6057784,44341420
2020-08-31,importacao,10059010,milho_em_grao,"Milho em grão, exceto para semeadura",agropecuaria,9018747,69613220
2020-09-30,importacao,10059010,milho_em_grao,"Milho em grão, exceto para semeadura",agropecuaria,19134531,146966810
2020-10-31,importacao,10059010,milho_em_grao,"Milho em grão, exceto para semeadura",agropecuaria,24934801,190781240
2020-11-30,importacao,10059010,milho_em_grao,"Milho em grão, exceto para semeadura",agropecuaria,28531562,209150180
2020-12-31,importacao,10059010,milho_em_grao,"Milho em grão, exceto para semeadura",agropecuaria,37758932,246358480
2021-01-31,importacao,10059010,milho_em_grao,"Milho em grão, exceto para semeadura",agropecuaria,43884999,277162630
2021-02-28,importacao,10059010,milho_em_grao,"Milho em grão, exceto para semeadura",agropecuaria,50338702,290046766
2021-03-31,importacao,10059010,milho_em_grao,"Milho em grão, exceto para semeadura",agropecuaria,20980659,113612010
2021-04-30,importacao,10059010,milho_em_grao,"Milho em grão, exceto para semeadura",agropecuaria,15371917,77307610
2021-05-31,importacao,10059010,milho_em_grao,"Milho em grão, exceto para semeadura",agropecuaria,14184448,62259510
2021-06-30,importacao,10059010,milho_em_grao,"Milho em grão, exceto para semeadura",agropecuaria,31450278,116730537
2021-07-31,importacao,10059010,milho_em_grao,"Milho em grão, exceto para semeadura",agropecuaria,37251547,144316518
2021-08-31,importacao,10059010,milho_em_grao,"Milho em grão, exceto para semeadura",agropecuaria,36906359,145711861
2021-09-30,importacao,10059010,milho_em_grao,"Milho em grão, exceto para semeadura",agropecuaria,97056147,407142319
2021-10-31,importacao,10059010,milho_em_grao,"Milho em grão, exceto para semeadura",agropecuaria,119546017,502949313
2021-11-30,importacao,10059010,milho_em_grao,"Milho em grão, exceto para semeadura",agropecuaria,149326726,621101717
2021-12-31,importacao,10059010,milho_em_grao,"Milho em grão, exceto para semeadura",agropecuaria,106374575,445931316
2022-01-31,importacao,10059010,milho_em_grao,"Milho em grão, exceto para semeadura",agropecuaria,38400741,162580798
2022-02-28,importacao,10059010,milho_em_grao,"Milho em grão, exceto para semeadura",agropecuaria,11255105,47024820
2022-03-31,importacao,10059010,milho_em_grao,"Milho em grão, exceto para semeadura",agropecuaria,30198345,114515547
2022-04-30,importacao,10059010,milho_em_grao,"Milho em grão, exceto para semeadura",agropecuaria,42921706,159559110
2022-05-31,importacao,10059010,milho_em_grao,"Milho em grão, exceto para semeadura",agropecuaria,26837790,95964900
2022-06-30,importacao,10059010,milho_em_grao,"Milho em grão, exceto para semeadura",agropecuaria,36036035,150496930
2022-07-31,importacao,10059010,milho_em_grao,"Milho em grão, exceto para semeadura",agropecuaria,63326091,289753750
2022-08-31,importacao,10059010,milho_em_grao,"Milho em grão, exceto para semeadura",agropecuaria,71266739,326841290
2022-09-30,importacao,10059010,milho_em_grao,"Milho em grão, exceto para semeadura",agropecuaria,86028458,397539720
2022-10-31,importacao,10059010,milho_em_grao,"Milho em grão, exceto para semeadura",agropecuaria,75724468,347546150
2022-11-30,importacao,10059010,milho_em_grao,"Milho em grão, exceto para semeadura",agropecuaria,67340803,303629002
2022-12-31,importacao,10059010,milho_em_grao,"Milho em grão, exceto para semeadura",agropecuaria,53797912,240442110
2023-01-31,importacao,10059010,milho_em_grao,"Milho em grão, exceto para semeadura",agropecuaria,31619641,140439960
2023-02-28,importacao,10059010,milho_em_grao,"Milho em grão, exceto para semeadura",agropecuaria,6489715,28272390
2023-03-31,importacao,10059010,milho_em_grao,"Milho em grão, exceto para semeadura",agropecuaria,4807500,20500000
2023-04-30,importacao,10059010,milho_em_grao,"Milho em grão, exceto para semeadura",agropecuaria,184735,644000
2023-05-31,importacao,10059010,milho_em_grao,"Milho em grão, exceto para semeadura",agropecuaria,663762,2575630
2023-06-30,importacao,10059010,milho_em_grao,"Milho em grão, exceto para semeadura",agropecuaria,2687288,12501496
2023-07-31,importacao,10059010,milho_em_grao,"Milho em grão, exceto para semeadura",agropecuaria,33369007,155660880
2023-08-31,importacao,10059010,milho_em_grao,"Milho em grão, exceto para semeadura",agropecuaria,44112262,219117870
2023-09-30,importacao,10059010,milho_em_grao,"Milho em grão, exceto para semeadura",agropecuaria,41175199,211879320
2023-10-31,importacao,10059010,milho_em_grao,"Milho em grão, exceto para semeadura",agropecuaria,38205408,202571900
2023-11-30,importacao,10059010,milho_em_grao,"Milho em grão, exceto para semeadura",agropecuaria,39297880,214250200
2023-12-31,importacao,10059010,milho_em_grao,"Milho em grão, exceto para semeadura",agropecuaria,25967183,150604240
2024-01-31,importacao,10059010,milho_em_grao,"Milho em grão, exceto para semeadura",agropecuaria,16090605,91184360
2024-02-29,importacao,10059010,milho_em_grao,"Milho em grão, exceto para semeadura",agropecuaria,8207422,47351890
2024-03-31,importacao,10059010,milho_em_grao,"Milho em grão, exceto para semeadura",agropecuaria,18665071,102115351
2024-04-30,importacao,10059010,milho_em_grao,"Milho em grão, exceto para semeadura",agropecuaria,5509311,32087260
2024-05-31,importacao,10059010,milho_em_grao,"Milho em grão, exceto para semeadura",agropecuaria,6598515,39180330
2024-06-30,importacao,10059010,milho_em_grao,"Milho em grão, exceto para semeadura",agropecuaria,11579500,69584000
2024-07-31,importacao,10059010,milho_em_grao,"Milho em grão, exceto para semeadura",agropecuaria,17144967,102471900
2024-08-31,importacao,10059010,milho_em_grao,"Milho em grão, exceto para semeadura",agropecuaria,32626083,193522950
2024-09-30,importacao,10059010,milho_em_grao,"Milho em grão, exceto para semeadura",agropecuaria,33696915,201439760
2024-10-31,importacao,10059010,milho_em_grao,"Milho em grão, exceto para semeadura",agropecuaria,45096918,271489220
2024-11-30,importacao,10059010,milho_em_grao,"Milho em grão, exceto para semeadura",agropecuaria,52008037,305743360
2024-12-31,importacao,10059010,milho_em_grao,"Milho em grão, exceto para semeadura",agropecuaria,30276915,176440330
2025-01-31,importacao,10059010,milho_em_grao,"Milho em grão, exceto para semeadura",agropecuaria,17549905,101214730
2025-02-28,importacao,10059010,milho_em_grao,"Milho em grão, exceto para semeadura",agropecuaria,21777971,119193910
2025-03-31,importacao,10059010,milho_em_grao,"Milho em grão, exceto para semeadura",agropecuaria,26600760,138114230
2025-04-30,importacao,10059010,milho_em_grao,"Milho em grão, exceto para semeadura",agropecuaria,14828615,74125000
2025-05-31,importacao,10059010,milho_em_grao,"Milho em grão, exceto para semeadura",agropecuaria,8258634,41600000
2025-06-30,importacao,10059010,milho_em_grao,"Milho em grão, exceto para semeadura",agropecuaria,21961397,129747740
2025-07-31,importacao,10059010,milho_em_grao,"Milho em grão, exceto para semeadura",agropecuaria,25962735,159778890
2025-08-31,importacao,10059010,milho_em_grao,"Milho em grão, exceto para semeadura",agropecuaria,30947263,189780616
2025-09-30,importacao,10059010,milho_em_grao,"Milho em grão, exceto para semeadura",agropecuaria,41233261,257144350
2025-10-31,importacao,10059010,milho_em_grao,"Milho em grão, exceto para semeadura",agropecuaria,38799144,244289714
2025-11-30,importacao,10059010,milho_em_grao,"Milho em grão, exceto para semeadura",agropecuaria,39475802,248459320
2025-12-31,importacao,10059010,milho_em_grao,"Milho em grão, exceto para semeadura",agropecuaria,20044669,125523990
2026-01-31,importacao,10059010,milho_em_grao,"Milho em grão, exceto para semeadura",agropecuaria,19110389,116981840
2026-02-28,importacao,10059010,milho_em_grao,"Milho em grão, exceto para semeadura",agropecuaria,6026737,34072660
2026-03-31,importacao,10059010,milho_em_grao,"Milho em grão, exceto para semeadura",agropecuaria,18356006,103043600
2026-04-30,importacao,10059010,milho_em_grao,"Milho em grão, exceto para semeadura",agropecuaria,11267058,64056000
2026-05-31,importacao,10059010,milho_em_grao,"Milho em grão, exceto para semeadura",agropecuaria,7128058,40053800
2026-06-30,importacao,10059010,milho_em_grao,"Milho em grão, exceto para semeadura",agropecuaria,15449207,89731429
2026-07-31,importacao,10059010,milho_em_grao,"Milho em grão, exceto para semeadura",agropecuaria,28986392,175804570
2026-08-31,importacao,10059010,milho_em_grao,"Milho em grão, exceto para semeadura",agropecuaria,33273820,199281400
2020-01-31,exportacao,12019000,soja_exceto_semeadura,"Soja, mesmo triturada, exceto para semeadura",agropecuaria,504774218,1397018249
2020-02-29,exportacao,12019000,soja_exceto_semeadura,"Soja, mesmo triturada, exceto para semeadura",agropecuaria,1692755740,4833963765
2020-03-31,exportacao,12019000,soja_exceto_semeadura,"Soja, mesmo triturada, exceto para semeadura",agropecuaria,3742530966,10853230037
2020-04-30,exportacao,12019000,soja_exceto_semeadura,"Soja, mesmo triturada, exceto para semeadura",agropecuaria,5030997510,14854933923
2020-05-31,exportacao,12019000,soja_exceto_semeadura,"Soja, mesmo triturada, exceto para semeadura",agropecuaria,4700002060,14108152631
2020-06-30,exportacao,12019000,soja_exceto_semeadura,"Soja, mesmo triturada, exceto para semeadura",agropecuaria,4295970036,12741608341
2020-07-31,exportacao,12019000,soja_exceto_semeadura,"Soja, mesmo triturada, exceto para semeadura",agropecuaria,3458453800,9954723914
2020-08-31,exportacao,12019000,soja_exceto_semeadura,"Soja, mesmo triturada, exceto para semeadura",agropecuaria,2061561399,5833571022
2020-09-30,exportacao,12019000,soja_exceto_semeadura,"Soja, mesmo triturada, exceto para semeadura",agropecuaria,1555922999,4259307186
2020-10-31,exportacao,12019000,soja_exceto_semeadura,"Soja, mesmo triturada, exceto para semeadura",agropecuaria,885359451,2422070300
2020-11-30,exportacao,12019000,soja_exceto_semeadura,"Soja, mesmo triturada, exceto para semeadura",agropecuaria,528627565,1435614815
2020-12-31,exportacao,12019000,soja_exceto_semeadura,"Soja, mesmo triturada, exceto para semeadura",agropecuaria,103631829,274047840
2021-01-31,exportacao,12019000,soja_exceto_semeadura,"Soja, mesmo triturada, exceto para semeadura",agropecuaria,23266515,49498339
2021-02-28,exportacao,12019000,soja_exceto_semeadura,"Soja, mesmo triturada, exceto para semeadura",agropecuaria,1036130963,2645991911
2021-03-31,exportacao,12019000,soja_exceto_semeadura,"Soja, mesmo triturada, exceto para semeadura",agropecuaria,5045797587,12693891970
2021-04-30,exportacao,12019000,soja_exceto_semeadura,"Soja, mesmo triturada, exceto para semeadura",agropecuaria,6665535574,16114935917
2021-05-31,exportacao,12019000,soja_exceto_semeadura,"Soja, mesmo triturada, exceto para semeadura",agropecuaria,6707870129,14966211428
2021-06-30,exportacao,12019000,soja_exceto_semeadura,"Soja, mesmo triturada, exceto para semeadura",agropecuaria,5173933719,11066507007
2021-07-31,exportacao,12019000,soja_exceto_semeadura,"Soja, mesmo triturada, exceto para semeadura",agropecuaria,3983043384,8668959255
2021-08-31,exportacao,12019000,soja_exceto_semeadura,"Soja, mesmo triturada, exceto para semeadura",agropecuaria,3140967377,6480708140
2021-09-30,exportacao,12019000,soja_exceto_semeadura,"Soja, mesmo triturada, exceto para semeadura",agropecuaria,2453625241,4822522988
2021-10-31,exportacao,12019000,soja_exceto_semeadura,"Soja, mesmo triturada, exceto para semeadura",agropecuaria,1719101382,3292698971
2021-11-30,exportacao,12019000,soja_exceto_semeadura,"Soja, mesmo triturada, exceto para semeadura",agropecuaria,1320997259,2587026013
2021-12-31,exportacao,12019000,soja_exceto_semeadura,"Soja, mesmo triturada, exceto para semeadura",agropecuaria,1358653383,2711451851
2022-01-31,exportacao,12019000,soja_exceto_semeadura,"Soja, mesmo triturada, exceto para semeadura",agropecuaria,1241821063,2451973309
2022-02-28,exportacao,12019000,soja_exceto_semeadura,"Soja, mesmo triturada, exceto para semeadura",agropecuaria,3135282414,6271130377
2022-03-31,exportacao,12019000,soja_exceto_semeadura,"Soja, mesmo triturada, exceto para semeadura",agropecuaria,6463667380,12190880346
2022-04-30,exportacao,12019000,soja_exceto_semeadura,"Soja, mesmo triturada, exceto para semeadura",agropecuaria,6757747812,11472576655
2022-05-31,exportacao,12019000,soja_exceto_semeadura,"Soja, mesmo triturada, exceto para semeadura",agropecuaria,6614105134,10640470391
2022-06-30,exportacao,12019000,soja_exceto_semeadura,"Soja, mesmo triturada, exceto para semeadura",agropecuaria,6305691549,9989745175
2022-07-31,exportacao,12019000,soja_exceto_semeadura,"Soja, mesmo triturada, exceto para semeadura",agropecuaria,4721948602,7506200717
2022-08-31,exportacao,12019000,soja_exceto_semeadura,"Soja, mesmo triturada, exceto para semeadura",agropecuaria,3730390493,5943583753
2022-09-30,exportacao,12019000,soja_exceto_semeadura,"Soja, mesmo triturada, exceto para semeadura",agropecuaria,2503466232,4001037425
2022-10-31,exportacao,12019000,soja_exceto_semeadura,"Soja, mesmo triturada, exceto para semeadura",agropecuaria,2333286180,3797972042
2022-11-30,exportacao,12019000,soja_exceto_semeadura,"Soja, mesmo triturada, exceto para semeadura",agropecuaria,1548531420,2524900425
2022-12-31,exportacao,12019000,soja_exceto_semeadura,"Soja, mesmo triturada, exceto para semeadura",agropecuaria,1197321461,1935903519
2023-01-31,exportacao,12019000,soja_exceto_semeadura,"Soja, mesmo triturada, exceto para semeadura",agropecuaria,500404216,839588492
2023-02-28,exportacao,12019000,soja_exceto_semeadura,"Soja, mesmo triturada, exceto para semeadura",agropecuaria,2813209243,5016930805
2023-03-31,exportacao,12019000,soja_exceto_semeadura,"Soja, mesmo triturada, exceto para semeadura",agropecuaria,7361511405,13241389084
2023-04-30,exportacao,12019000,soja_exceto_semeadura,"Soja, mesmo triturada, exceto para semeadura",agropecuaria,7749792563,14336461643
2023-05-31,exportacao,12019000,soja_exceto_semeadura,"Soja, mesmo triturada, exceto para semeadura",agropecuaria,8115565482,15584221062
2023-06-30,exportacao,12019000,soja_exceto_semeadura,"Soja, mesmo triturada, exceto para semeadura",agropecuaria,6821978754,13745336676
2023-07-31,exportacao,12019000,soja_exceto_semeadura,"Soja, mesmo triturada, exceto para semeadura",agropecuaria,4736400520,9695931773
2023-08-31,exportacao,12019000,soja_exceto_semeadura,"Soja, mesmo triturada, exceto para semeadura",agropecuaria,4192139834,8385295819
2023-09-30,exportacao,12019000,soja_exceto_semeadura,"Soja, mesmo triturada, exceto para semeadura",agropecuaria,3299612228,6395671994
2023-10-31,exportacao,12019000,soja_exceto_semeadura,"Soja, mesmo triturada, exceto para semeadura",agropecuaria,2931003942,5599640168
2023-11-30,exportacao,12019000,soja_exceto_semeadura,"Soja, mesmo triturada, exceto para semeadura",agropecuaria,2726857445,5196051097
2023-12-31,exportacao,12019000,soja_exceto_semeadura,"Soja, mesmo triturada, exceto para semeadura",agropecuaria,1990085159,3828588811
2024-01-31,exportacao,12019000,soja_exceto_semeadura,"Soja, mesmo triturada, exceto para semeadura",agropecuaria,1454912473,2854860075
2024-02-29,exportacao,12019000,soja_exceto_semeadura,"Soja, mesmo triturada, exceto para semeadura",agropecuaria,2919570191,6608133608
2024-03-31,exportacao,12019000,soja_exceto_semeadura,"Soja, mesmo triturada, exceto para semeadura",agropecuaria,5357375423,12600297094
2024-04-30,exportacao,12019000,soja_exceto_semeadura,"Soja, mesmo triturada, exceto para semeadura",agropecuaria,6286351089,14687841968
2024-05-31,exportacao,12019000,soja_exceto_semeadura,"Soja, mesmo triturada, exceto para semeadura",agropecuaria,5751859291,13436720999
2024-06-30,exportacao,12019000,soja_exceto_semeadura,"Soja, mesmo triturada, exceto para semeadura",agropecuaria,6137462366,13959612038
2024-07-31,exportacao,12019000,soja_exceto_semeadura,"Soja, mesmo triturada, exceto para semeadura",agropecuaria,4962555006,11249767847
2024-08-31,exportacao,12019000,soja_exceto_semeadura,"Soja, mesmo triturada, exceto para semeadura",agropecuaria,3493147045,8037754442
2024-09-30,exportacao,12019000,soja_exceto_semeadura,"Soja, mesmo triturada, exceto para semeadura",agropecuaria,2583201362,6104264592
2024-10-31,exportacao,12019000,soja_exceto_semeadura,"Soja, mesmo triturada, exceto para semeadura",agropecuaria,2023689238,4709738981
2024-11-30,exportacao,12019000,soja_exceto_semeadura,"Soja, mesmo triturada, exceto para semeadura",agropecuaria,1110330677,2552798293
2024-12-31,exportacao,12019000,soja_exceto_semeadura,"Soja, mesmo triturada, exceto para semeadura",agropecuaria,861440309,2006053820
2025-01-31,exportacao,12019000,soja_exceto_semeadura,"Soja, mesmo triturada, exceto para semeadura",agropecuaria,433412725,1069087162
2025-02-28,exportacao,12019000,soja_exceto_semeadura,"Soja, mesmo triturada, exceto para semeadura",agropecuaria,2543652430,6428316644
2025-03-31,exportacao,12019000,soja_exceto_semeadura,"Soja, mesmo triturada, exceto para semeadura",agropecuaria,5673615141,14657780797
2025-04-30,exportacao,12019000,soja_exceto_semeadura,"Soja, mesmo triturada, exceto para semeadura",agropecuaria,5864208310,15271913707
2025-05-31,exportacao,12019000,soja_exceto_semeadura,"Soja, mesmo triturada, exceto para semeadura",agropecuaria,5501158133,14099744639
2025-06-30,exportacao,12019000,soja_exceto_semeadura,"Soja, mesmo triturada, exceto para semeadura",agropecuaria,5337449698,13420318538
2025-07-31,exportacao,12019000,soja_exceto_semeadura,"Soja, mesmo triturada, exceto para semeadura",agropecuaria,5001850667,12257305632
2025-08-31,exportacao,12019000,soja_exceto_semeadura,"Soja, mesmo triturada, exceto para semeadura",agropecuaria,3868955860,9325161611
2025-09-30,exportacao,12019000,soja_exceto_semeadura,"Soja, mesmo triturada, exceto para semeadura",agropecuaria,3103031251,7339951057
2025-10-31,exportacao,12019000,soja_exceto_semeadura,"Soja, mesmo triturada, exceto para semeadura",agropecuaria,2878022046,6727671272
2025-11-30,exportacao,12019000,soja_exceto_semeadura,"Soja, mesmo triturada, exceto para semeadura",agropecuaria,1827759344,4197158548
2025-12-31,exportacao,12019000,soja_exceto_semeadura,"Soja, mesmo triturada, exceto para semeadura",agropecuaria,1498479236,3383154737
2026-01-31,exportacao,12019000,soja_exceto_semeadura,"Soja, mesmo triturada, exceto para semeadura",agropecuaria,821893814,1876528754
2026-02-28,exportacao,12019000,soja_exceto_semeadura,"Soja, mesmo triturada, exceto para semeadura",agropecuaria,2897179100,7101012525
2026-03-31,exportacao,12019000,soja_exceto_semeadura,"Soja, mesmo triturada, exceto para semeadura",agropecuaria,5898197640,14518012801
2026-04-30,exportacao,12019000,soja_exceto_semeadura,"Soja, mesmo triturada, exceto para semeadura",agropecuaria,6962355250,16750088436
2026-05-31,exportacao,12019000,soja_exceto_semeadura,"Soja, mesmo triturada, exceto para semeadura",agropecuaria,6290576208,14825071266
2026-06-30,exportacao,12019000,soja_exceto_semeadura,"Soja, mesmo triturada, exceto para semeadura",agropecuaria,6266776914,14505017737
2026-07-31,exportacao,12019000,soja_exceto_semeadura,"Soja, mesmo triturada, exceto para semeadura",agropecuaria,5869552552,13405907808
2026-08-31,exportacao,12019000,soja_exceto_semeadura,"Soja, mesmo triturada, exceto para semeadura",agropecuaria,4410039153,9808807495
2020-01-31,importacao,12019000,soja_exceto_semeadura,"Soja, mesmo triturada, exceto para semeadura",agropecuaria,6305340,19690000
2020-02-29,importacao,12019000,soja_exceto_semeadura,"Soja, mesmo triturada, exceto para semeadura",agropecuaria,18348101,58738809
2020-03-31,importacao,12019000,soja_exceto_semeadura,"Soja, mesmo triturada, exceto para semeadura",agropecuaria,8231479,27555840
2020-04-30,importacao,12019000,soja_exceto_semeadura,"Soja, mesmo triturada, exceto para semeadura",agropecuaria,9726000,33500000
2020-05-31,importacao,12019000,soja_exceto_semeadura,"Soja, mesmo triturada, exceto para semeadura",agropecuaria,12549265,43028380
2020-06-30,importacao,12019000,soja_exceto_semeadura,"Soja, mesmo triturada, exceto para semeadura",agropecuaria,26259850,89762000
2020-07-31,importacao,12019000,soja_exceto_semeadura,"Soja, mesmo triturada, exceto para semeadura",agropecuaria,37738073,126176730
2020-08-31,importacao,12019000,soja_exceto_semeadura,"Soja, mesmo triturada, exceto para semeadura",agropecuaria,24121412,78913420
2020-09-30,importacao,12019000,soja_exceto_semeadura,"Soja, mesmo triturada, exceto para semeadura",agropecuaria,16823250,50835580
2020-10-31,importacao,12019000,soja_exceto_semeadura,"Soja, mesmo triturada, exceto para semeadura",agropecuaria,35511543,97310640
2020-11-30,importacao,12019000,soja_exceto_semeadura,"Soja, mesmo triturada, exceto para semeadura",agropecuaria,49273740,122462320
2020-12-31,importacao,12019000,soja_exceto_semeadura,"Soja, mesmo triturada, exceto para semeadura",agropecuaria,28656997,74006310
2021-01-31,importacao,12019000,soja_exceto_semeadura,"Soja, mesmo triturada, exceto para semeadura",agropecuaria,33664256,82144932
2021-02-28,importacao,12019000,soja_exceto_semeadura,"Soja, mesmo triturada, exceto para semeadura",agropecuaria,18279466,50518520
2021-03-31,importacao,12019000,soja_exceto_semeadura,"Soja, mesmo triturada, exceto para semeadura",agropecuaria,27105410,79182570
2021-04-30,importacao,12019000,soja_exceto_semeadura,"Soja, mesmo triturada, exceto para semeadura",agropecuaria,15689378,40206110
2021-05-31,importacao,12019000,soja_exceto_semeadura,"Soja, mesmo triturada, exceto para semeadura",agropecuaria,55943176,117515270
2021-06-30,importacao,12019000,soja_exceto_semeadura,"Soja, mesmo triturada, exceto para semeadura",agropecuaria,74015858,151299570
2021-07-31,importacao,12019000,soja_exceto_semeadura,"Soja, mesmo triturada, exceto para semeadura",agropecuaria,54990205,108993100
2021-08-31,importacao,12019000,soja_exceto_semeadura,"Soja, mesmo triturada, exceto para semeadura",agropecuaria,21678268,42055150
2021-09-30,importacao,12019000,soja_exceto_semeadura,"Soja, mesmo triturada, exceto para semeadura",agropecuaria,25000516,48947460
2021-10-31,importacao,12019000,soja_exceto_semeadura,"Soja, mesmo triturada, exceto para semeadura",agropecuaria,29028901,56814630
2021-11-30,importacao,12019000,soja_exceto_semeadura,"Soja, mesmo triturada, exceto para semeadura",agropecuaria,36840314,72830690
2021-12-31,importacao,12019000,soja_exceto_semeadura,"Soja, mesmo triturada, exceto para semeadura",agropecuaria,6668465,12822120
2022-01-31,importacao,12019000,soja_exceto_semeadura,"Soja, mesmo triturada, exceto para semeadura",agropecuaria,4368144,9081570
2022-02-28,importacao,12019000,soja_exceto_semeadura,"Soja, mesmo triturada, exceto para semeadura",agropecuaria,19191463,43655670
2022-03-31,importacao,12019000,soja_exceto_semeadura,"Soja, mesmo triturada, exceto para semeadura",agropecuaria,45090807,100046830
2022-04-30,importacao,12019000,soja_exceto_semeadura,"Soja, mesmo triturada, exceto para semeadura",agropecuaria,39254012,85292507
2022-05-31,importacao,12019000,soja_exceto_semeadura,"Soja, mesmo triturada, exceto para semeadura",agropecuaria,37683063,81919350
2022-06-30,importacao,12019000,soja_exceto_semeadura,"Soja, mesmo triturada, exceto para semeadura",agropecuaria,24136466,49850840
2022-07-31,importacao,12019000,soja_exceto_semeadura,"Soja, mesmo triturada, exceto para semeadura",agropecuaria,4559404,7512380
2022-08-31,importacao,12019000,soja_exceto_semeadura,"Soja, mesmo triturada, exceto para semeadura",agropecuaria,5557438,9400000
2022-09-30,importacao,12019000,soja_exceto_semeadura,"Soja, mesmo triturada, exceto para semeadura",agropecuaria,5675008,8913000
2022-10-31,importacao,12019000,soja_exceto_semeadura,"Soja, mesmo triturada, exceto para semeadura",agropecuaria,7763079,13568090
2022-11-30,importacao,12019000,soja_exceto_semeadura,"Soja, mesmo triturada, exceto para semeadura",agropecuaria,2544726,4732000
2022-12-31,importacao,12019000,soja_exceto_semeadura,"Soja, mesmo triturada, exceto para semeadura",agropecuaria,2942507,5024000
2023-01-31,importacao,12019000,soja_exceto_semeadura,"Soja, mesmo triturada, exceto para semeadura",agropecuaria,2985810,6355010
2023-02-28,importacao,12019000,soja_exceto_semeadura,"Soja, mesmo triturada, exceto para semeadura",agropecuaria,27807683,57384724
2023-03-31,importacao,12019000,soja_exceto_semeadura,"Soja, mesmo triturada, exceto para semeadura",agropecuaria,10784543,20601770
2023-05-31,importacao,12019000,soja_exceto_semeadura,"Soja, mesmo triturada, exceto para semeadura",agropecuaria,40254,51608
2023-07-31,importacao,12019000,soja_exceto_semeadura,"Soja, mesmo triturada, exceto para semeadura",agropecuaria,3915687,8795330
2023-08-31,importacao,12019000,soja_exceto_semeadura,"Soja, mesmo triturada, exceto para semeadura",agropecuaria,2995448,6732000
2023-09-30,importacao,12019000,soja_exceto_semeadura,"Soja, mesmo triturada, exceto para semeadura",agropecuaria,14894025,31248340
2023-10-31,importacao,12019000,soja_exceto_semeadura,"Soja, mesmo triturada, exceto para semeadura",agropecuaria,13289260,28450000
2023-12-31,importacao,12019000,soja_exceto_semeadura,"Soja, mesmo triturada, exceto para semeadura",agropecuaria,9756500,21400000
2024-01-31,importacao,12019000,soja_exceto_semeadura,"Soja, mesmo triturada, exceto para semeadura",agropecuaria,53463088,122542900
2024-02-29,importacao,12019000,soja_exceto_semeadura,"Soja, mesmo triturada, exceto para semeadura",agropecuaria,15567641,35693650
2024-03-31,importacao,12019000,soja_exceto_semeadura,"Soja, mesmo triturada, exceto para semeadura",agropecuaria,15183570,41978010
2024-04-30,importacao,12019000,soja_exceto_semeadura,"Soja, mesmo triturada, exceto para semeadura",agropecuaria,62221545,165650000
2024-05-31,importacao,12019000,soja_exceto_semeadura,"Soja, mesmo triturada, exceto para semeadura",agropecuaria,60065420,158078000
2024-06-30,importacao,12019000,soja_exceto_semeadura,"Soja, mesmo triturada, exceto para semeadura",agropecuaria,55233782,141498000
2024-07-31,importacao,12019000,soja_exceto_semeadura,"Soja, mesmo triturada, exceto para semeadura",agropecuaria,33963853,86770020
2024-08-31,importacao,12019000,soja_exceto_semeadura,"Soja, mesmo triturada, exceto para semeadura",agropecuaria,19923274,50170500
2024-09-30,importacao,12019000,soja_exceto_semeadura,"Soja, mesmo triturada, exceto para semeadura",agropecuaria,6176510,15000000
2024-11-30,importacao,12019000,soja_exceto_semeadura,"Soja, mesmo triturada, exceto para semeadura",agropecuaria,1224588,3158000
2024-12-31,importacao,12019000,soja_exceto_semeadura,"Soja, mesmo triturada, exceto para semeadura",agropecuaria,151362,417550
2025-01-31,importacao,12019000,soja_exceto_semeadura,"Soja, mesmo triturada, exceto para semeadura",agropecuaria,21184490,59700000
2025-02-28,importacao,12019000,soja_exceto_semeadura,"Soja, mesmo triturada, exceto para semeadura",agropecuaria,9580630,27580000
2025-03-31,importacao,12019000,soja_exceto_semeadura,"Soja, mesmo triturada, exceto para semeadura",agropecuaria,6423930,18540000
2025-04-30,importacao,12019000,soja_exceto_semeadura,"Soja, mesmo triturada, exceto para semeadura",agropecuaria,12135887,34635001
2025-05-31,importacao,12019000,soja_exceto_semeadura,"Soja, mesmo triturada, exceto para semeadura",agropecuaria,27248916,77892870
2025-06-30,importacao,12019000,soja_exceto_semeadura,"Soja, mesmo triturada, exceto para semeadura",agropecuaria,35912090,101734000
2025-07-31,importacao,12019000,soja_exceto_semeadura,"Soja, mesmo triturada, exceto para semeadura",agropecuaria,48782409,136311205
2025-08-31,importacao,12019000,soja_exceto_semeadura,"Soja, mesmo triturada, exceto para semeadura",agropecuaria,57331309,158915930
2025-09-30,importacao,12019000,soja_exceto_semeadura,"Soja, mesmo triturada, exceto para semeadura",agropecuaria,41021990,111828280
2025-10-31,importacao,12019000,soja_exceto_semeadura,"Soja, mesmo triturada, exceto para semeadura",agropecuaria,47534237,128171850
2025-11-30,importacao,12019000,soja_exceto_semeadura,"Soja, mesmo triturada, exceto para semeadura",agropecuaria,34937517,93009550
2025-12-31,importacao,12019000,soja_exceto_semeadura,"Soja, mesmo triturada, exceto para semeadura",agropecuaria,7736815,20265000
2026-01-31,importacao,12019000,soja_exceto_semeadura,"Soja, mesmo triturada, exceto para semeadura",agropecuaria,19985046,54353930
2026-02-28,importacao,12019000,soja_exceto_semeadura,"Soja, mesmo triturada, exceto para semeadura",agropecuaria,23832614,65302670
2026-03-31,importacao,12019000,soja_exceto_semeadura,"Soja, mesmo triturada, exceto para semeadura",agropecuaria,56613693,158260880
2026-04-30,importacao,12019000,soja_exceto_semeadura,"Soja, mesmo triturada, exceto para semeadura",agropecuaria,32196150,89900000
2026-05-31,importacao,12019000,soja_exceto_semeadura,"Soja, mesmo triturada, exceto para semeadura",agropecuaria,33901960,92940000
2026-06-30,importacao,12019000,soja_exceto_semeadura,"Soja, mesmo triturada, exceto para semeadura",agropecuaria,23173174,62832000
2026-07-31,importacao,12019000,soja_exceto_semeadura,"Soja, mesmo triturada, exceto para semeadura",agropecuaria,24415856,62866000
2026-08-31,importacao,12019000,soja_exceto_semeadura,"Soja, mesmo triturada, exceto para semeadura",agropecuaria,44621019,109088024
2020-01-31,exportacao,17011400,acucares_cana,Outros açúcares de cana,agroindustria,395907378,1403790404
2020-02-29,exportacao,17011400,acucares_cana,Outros açúcares de cana,agroindustria,315246552,1100829789
2020-03-31,exportacao,17011400,acucares_cana,Outros açúcares de cana,agroindustria,349154261,1210250230
2020-04-30,exportacao,17011400,acucares_cana,Outros açúcares de cana,agroindustria,369940165,1294507652
2020-05-31,exportacao,17011400,acucares_cana,Outros açúcares de cana,agroindustria,582817823,2181033837
2020-06-30,exportacao,17011400,acucares_cana,Outros açúcares de cana,agroindustria,631519476,2412322052
2020-07-31,exportacao,17011400,acucares_cana,Outros açúcares de cana,agroindustria,738332666,2767049867
2020-08-31,exportacao,17011400,acucares_cana,Outros açúcares de cana,agroindustria,725398677,2730888479
2020-09-30,exportacao,17011400,acucares_cana,Outros açúcares de cana,agroindustria,829214014,3022879474
2020-10-31,exportacao,17011400,acucares_cana,Outros açúcares de cana,agroindustria,990977080,3528919974
2020-11-30,exportacao,17011400,acucares_cana,Outros açúcares de cana,agroindustria,723252870,2509518010
2020-12-31,exportacao,17011400,acucares_cana,Outros açúcares de cana,agroindustria,727039450,2510942963
2021-01-31,exportacao,17011400,acucares_cana,Outros açúcares de cana,agroindustria,520545980,1752454277
2021-02-28,exportacao,17011400,acucares_cana,Outros açúcares de cana,agroindustria,453858303,1455419822
2021-03-31,exportacao,17011400,acucares_cana,Outros açúcares de cana,agroindustria,533446507,1675279908
2021-04-30,exportacao,17011400,acucares_cana,Outros açúcares de cana,agroindustria,465851770,1436535479
2021-05-31,exportacao,17011400,acucares_cana,Outros açúcares de cana,agroindustria,728841668,2265562667
2021-06-30,exportacao,17011400,acucares_cana,Outros açúcares de cana,agroindustria,832150408,2515170272
2021-07-31,exportacao,17011400,acucares_cana,Outros açúcares de cana,agroindustria,731124554,2222606826
2021-08-31,exportacao,17011400,acucares_cana,Outros açúcares de cana,agroindustria,757551131,2251290975
2021-09-30,exportacao,17011400,acucares_cana,Outros açúcares de cana,agroindustria,770767930,2319567427
2021-10-31,exportacao,17011400,acucares_cana,Outros açúcares de cana,agroindustria,739238331,2086714220
2021-11-30,exportacao,17011400,acucares_cana,Outros açúcares de cana,agroindustria,810666353,2360178128
2021-12-31,exportacao,17011400,acucares_cana,Outros açúcares de cana,agroindustria,611364576,1654867162
2022-01-31,exportacao,17011400,acucares_cana,Outros açúcares de cana,agroindustria,417098576,1103682815
2022-02-28,exportacao,17011400,acucares_cana,Outros açúcares de cana,agroindustria,580459412,1502639613
2022-03-31,exportacao,17011400,acucares_cana,Outros açúcares de cana,agroindustria,485731069,1263035858
2022-04-30,exportacao,17011400,acucares_cana,Outros açúcares de cana,agroindustria,448941797,1180192577
2022-05-31,exportacao,17011400,acucares_cana,Outros açúcares de cana,agroindustria,562873348,1471468497
2022-06-30,exportacao,17011400,acucares_cana,Outros açúcares de cana,agroindustria,814132483,2104544518
2022-07-31,exportacao,17011400,acucares_cana,Outros açúcares de cana,agroindustria,1009333723,2574294786
2022-08-31,exportacao,17011400,acucares_cana,Outros açúcares de cana,agroindustria,1063487697,2682675171
2022-09-30,exportacao,17011400,acucares_cana,Outros açúcares de cana,agroindustria,1024148149,2579438151
2022-10-31,exportacao,17011400,acucares_cana,Outros açúcares de cana,agroindustria,1125456606,2809715849
2022-11-30,exportacao,17011400,acucares_cana,Outros açúcares de cana,agroindustria,1212907100,2971985636
2022-12-31,exportacao,17011400,acucares_cana,Outros açúcares de cana,agroindustria,784149059,1871595469
2023-01-31,exportacao,17011400,acucares_cana,Outros açúcares de cana,agroindustria,784282015,1800221820
2023-02-28,exportacao,17011400,acucares_cana,Outros açúcares de cana,agroindustria,385244516,884915884
2023-03-31,exportacao,17011400,acucares_cana,Outros açúcares de cana,agroindustria,715119338,1608734943
2023-04-30,exportacao,17011400,acucares_cana,Outros açúcares de cana,agroindustria,394007610,846156921
2023-05-31,exportacao,17011400,acucares_cana,Outros açúcares de cana,agroindustria,1046834173,2164024311
2023-06-30,exportacao,17011400,acucares_cana,Outros açúcares de cana,agroindustria,1221829323,2505303194
2023-07-31,exportacao,17011400,acucares_cana,Outros açúcares de cana,agroindustria,1253533873,2505268039
2023-08-31,exportacao,17011400,acucares_cana,Outros açúcares de cana,agroindustria,1530632406,3136849987
2023-09-30,exportacao,17011400,acucares_cana,Outros açúcares de cana,agroindustria,1370254130,2754419869
2023-10-31,exportacao,17011400,acucares_cana,Outros açúcares de cana,agroindustria,1246341964,2374291792
2023-11-30,exportacao,17011400,acucares_cana,Outros açúcares de cana,agroindustria,1635295173,3130898016
2023-12-31,exportacao,17011400,acucares_cana,Outros açúcares de cana,agroindustria,1763041266,3324032369
2024-01-31,exportacao,17011400,acucares_cana,Outros açúcares de cana,agroindustria,1388098303,2647746148
2024-02-29,exportacao,17011400,acucares_cana,Outros açúcares de cana,agroindustria,1321992697,2568491055
2024-03-31,exportacao,17011400,acucares_cana,Outros açúcares de cana,agroindustria,1124326691,2227912943
2024-04-30,exportacao,17011400,acucares_cana,Outros açúcares de cana,agroindustria,774471762,1607444664
2024-05-31,exportacao,17011400,acucares_cana,Outros açúcares de cana,agroindustria,1221971082,2514033713
2024-06-30,exportacao,17011400,acucares_cana,Outros açúcares de cana,agroindustria,1287056523,2751843069
2024-07-31,exportacao,17011400,acucares_cana,Outros açúcares de cana,agroindustria,1488055287,3309044427
2024-08-31,exportacao,17011400,acucares_cana,Outros açúcares de cana,agroindustria,1564959949,3484809999
2024-09-30,exportacao,17011400,acucares_cana,Outros açúcares de cana,agroindustria,1557054443,3438341450
2024-10-31,exportacao,17011400,acucares_cana,Outros açúcares de cana,agroindustria,1585518110,3378622460
2024-11-30,exportacao,17011400,acucares_cana,Outros açúcares de cana,agroindustria,1441501913,3052574769
2024-12-31,exportacao,17011400,acucares_cana,Outros açúcares de cana,agroindustria,1170313897,2493728579
2025-01-31,exportacao,17011400,acucares_cana,Outros açúcares de cana,agroindustria,822260296,1729579090
2025-02-28,exportacao,17011400,acucares_cana,Outros açúcares de cana,agroindustria,702603333,1506619823
2025-03-31,exportacao,17011400,acucares_cana,Outros açúcares de cana,agroindustria,709783492,1518819867
2025-04-30,exportacao,17011400,acucares_cana,Outros açúcares de cana,agroindustria,620137510,1354469551
2025-05-31,exportacao,17011400,acucares_cana,Outros açúcares de cana,agroindustria,887396908,2012588471
2025-06-30,exportacao,17011400,acucares_cana,Outros açúcares de cana,agroindustria,1277310556,3018405673
2025-07-31,exportacao,17011400,acucares_cana,Outros açúcares de cana,agroindustria,1261283321,3129954573
2025-08-31,exportacao,17011400,acucares_cana,Outros açúcares de cana,agroindustria,1293284623,3283167865
2025-09-30,exportacao,17011400,acucares_cana,Outros açúcares de cana,agroindustria,1131668773,2905176402
2025-10-31,exportacao,17011400,acucares_cana,Outros açúcares de cana,agroindustria,1386420650,3604402385
2025-11-30,exportacao,17011400,acucares_cana,Outros açúcares de cana,agroindustria,1081503488,2924278368
2025-12-31,exportacao,17011400,acucares_cana,Outros açúcares de cana,agroindustria,906238964,2468804719
2026-01-31,exportacao,17011400,acucares_cana,Outros açúcares de cana,agroindustria,619967622,1693480220
2026-02-28,exportacao,17011400,acucares_cana,Outros açúcares de cana,agroindustria,713726654,1982573452
2026-03-31,exportacao,17011400,acucares_cana,Outros açúcares de cana,agroindustria,543861591,1551914338
2026-04-30,exportacao,17011400,acucares_cana,Outros açúcares de cana,agroindustria,344673367,958119849
2026-05-31,exportacao,17011400,acucares_cana,Outros açúcares de cana,agroindustria,617450435,1806544416
2026-06-30,exportacao,17011400,acucares_cana,Outros açúcares de cana,agroindustria,938953227,2770311509
2026-07-31,exportacao,17011400,acucares_cana,Outros açúcares de cana,agroindustria,844057652,2529930057
2026-08-31,exportacao,17011400,acucares_cana,Outros açúcares de cana,agroindustria,753147930,2221291720
2020-01-31,importacao,17011400,acucares_cana,Outros açúcares de cana,agroindustria,42579,41657
2020-03-31,importacao,17011400,acucares_cana,Outros açúcares de cana,agroindustria,39459,41184
2020-04-30,importacao,17011400,acucares_cana,Outros açúcares de cana,agroindustria,108517,113144
2020-05-31,importacao,17011400,acucares_cana,Outros açúcares de cana,agroindustria,96259,102419
2020-06-30,importacao,17011400,acucares_cana,Outros açúcares de cana,agroindustria,76023,81647
2020-07-31,importacao,17011400,acucares_cana,Outros açúcares de cana,agroindustria,40583,41544
2020-08-31,importacao,17011400,acucares_cana,Outros açúcares de cana,agroindustria,190202,204476
2020-09-30,importacao,17011400,acucares_cana,Outros açúcares de cana,agroindustria,42476,41904
2020-10-31,importacao,17011400,acucares_cana,Outros açúcares de cana,agroindustria,119619,123596
2020-11-30,importacao,17011400,acucares_cana,Outros açúcares de cana,agroindustria,112905,109719
2020-12-31,importacao,17011400,acucares_cana,Outros açúcares de cana,agroindustria,61537,63396
2021-01-31,importacao,17011400,acucares_cana,Outros açúcares de cana,agroindustria,96753,102659
2021-02-28,importacao,17011400,acucares_cana,Outros açúcares de cana,agroindustria,121051,122471
2021-03-31,importacao,17011400,acucares_cana,Outros açúcares de cana,agroindustria,244176,244942
2021-04-30,importacao,17011400,acucares_cana,Outros açúcares de cana,agroindustria,124163,122471
2021-05-31,importacao,17011400,acucares_cana,Outros açúcares de cana,agroindustria,168999,163295
2021-06-30,importacao,17011400,acucares_cana,Outros açúcares de cana,agroindustria,125966,122494
2021-07-31,importacao,17011400,acucares_cana,Outros açúcares de cana,agroindustria,353719,326590
2021-08-31,importacao,17011400,acucares_cana,Outros açúcares de cana,agroindustria,3660,720
2021-09-30,importacao,17011400,acucares_cana,Outros açúcares de cana,agroindustria,210867,184450
2021-10-31,importacao,17011400,acucares_cana,Outros açúcares de cana,agroindustria,116503,103859
2021-11-30,importacao,17011400,acucares_cana,Outros açúcares de cana,agroindustria,230816,205333
2021-12-31,importacao,17011400,acucares_cana,Outros açúcares de cana,agroindustria,182185,163367
2022-01-31,importacao,17011400,acucares_cana,Outros açúcares de cana,agroindustria,107372,92901
2022-02-28,importacao,17011400,acucares_cana,Outros açúcares de cana,agroindustria,356865,327384
2022-03-31,importacao,17011400,acucares_cana,Outros açúcares de cana,agroindustria,236579,204119
2022-04-30,importacao,17011400,acucares_cana,Outros açúcares de cana,agroindustria,72232,61824
2022-05-31,importacao,17011400,acucares_cana,Outros açúcares de cana,agroindustria,189364,164928
2022-06-30,importacao,17011400,acucares_cana,Outros açúcares de cana,agroindustria,194087,163360
2022-07-31,importacao,17011400,acucares_cana,Outros açúcares de cana,agroindustria,104451,83292
2022-08-31,importacao,17011400,acucares_cana,Outros açúcares de cana,agroindustria,75503,61337
2022-09-30,importacao,17011400,acucares_cana,Outros açúcares de cana,agroindustria,64252,52090
2022-10-31,importacao,17011400,acucares_cana,Outros açúcares de cana,agroindustria,25833,20545
2022-11-30,importacao,17011400,acucares_cana,Outros açúcares de cana,agroindustria,26757,20801
2022-12-31,importacao,17011400,acucares_cana,Outros açúcares de cana,agroindustria,1748,1465
2023-01-31,importacao,17011400,acucares_cana,Outros açúcares de cana,agroindustria,52100,40824
2023-02-28,importacao,17011400,acucares_cana,Outros açúcares de cana,agroindustria,78332,61254
2023-03-31,importacao,17011400,acucares_cana,Outros açúcares de cana,agroindustria,78853,61272
2023-04-30,importacao,17011400,acucares_cana,Outros açúcares de cana,agroindustria,134642,102801
2023-05-31,importacao,17011400,acucares_cana,Outros açúcares de cana,agroindustria,145828,109028
2023-06-30,importacao,17011400,acucares_cana,Outros açúcares de cana,agroindustria,78317,61301
2023-07-31,importacao,17011400,acucares_cana,Outros açúcares de cana,agroindustria,286745,225730
2023-08-31,importacao,17011400,acucares_cana,Outros açúcares de cana,agroindustria,314805,244942
2023-09-30,importacao,17011400,acucares_cana,Outros açúcares de cana,agroindustria,81268,61488
2023-10-31,importacao,17011400,acucares_cana,Outros açúcares de cana,agroindustria,239076,174230
2023-11-30,importacao,17011400,acucares_cana,Outros açúcares de cana,agroindustria,119887,84491
2023-12-31,importacao,17011400,acucares_cana,Outros açúcares de cana,agroindustria,28444,20412
2024-01-31,importacao,17011400,acucares_cana,Outros açúcares de cana,agroindustria,119800,82871
2024-02-29,importacao,17011400,acucares_cana,Outros açúcares de cana,agroindustria,141932,102059
2024-03-31,importacao,17011400,acucares_cana,Outros açúcares de cana,agroindustria,283790,204383
2024-04-30,importacao,17011400,acucares_cana,Outros açúcares de cana,agroindustria,227333,163409
2024-05-31,importacao,17011400,acucares_cana,Outros açúcares de cana,agroindustria,425618,305159
2024-06-30,importacao,17011400,acucares_cana,Outros açúcares de cana,agroindustria,144220,102455
2024-07-31,importacao,17011400,acucares_cana,Outros açúcares de cana,agroindustria,314500,224854
2024-08-31,importacao,17011400,acucares_cana,Outros açúcares de cana,agroindustria,288007,204839
2024-09-30,importacao,17011400,acucares_cana,Outros açúcares de cana,agroindustria,167718,122579
2024-10-31,importacao,17011400,acucares_cana,Outros açúcares de cana,agroindustria,214719,163397
2024-11-30,importacao,17011400,acucares_cana,Outros açúcares de cana,agroindustria,110855,82367
2024-12-31,importacao,17011400,acucares_cana,Outros açúcares de cana,agroindustria,1425,324
2025-01-31,importacao,17011400,acucares_cana,Outros açúcares de cana,agroindustria,353384,265642
2025-02-28,importacao,17011400,acucares_cana,Outros açúcares de cana,agroindustria,113893,82763
2025-03-31,importacao,17011400,acucares_cana,Outros açúcares de cana,agroindustria,137207,102275
2025-04-30,importacao,17011400,acucares_cana,Outros açúcares de cana,agroindustria,256419,190795
2025-05-31,importacao,17011400,acucares_cana,Outros açúcares de cana,agroindustria,402514,306180
2025-06-30,importacao,17011400,acucares_cana,Outros açúcares de cana,agroindustria,160836,122471
2025-07-31,importacao,17011400,acucares_cana,Outros açúcares de cana,agroindustria,215748,164895
2025-08-31,importacao,17011400,acucares_cana,Outros açúcares de cana,agroindustria,56309,41256
2025-09-30,importacao,17011400,acucares_cana,Outros açúcares de cana,agroindustria,243734,184067
2025-10-31,importacao,17011400,acucares_cana,Outros açúcares de cana,agroindustria,108242,82331
2025-11-30,importacao,17011400,acucares_cana,Outros açúcares de cana,agroindustria,81251,62100
2025-12-31,importacao,17011400,acucares_cana,Outros açúcares de cana,agroindustria,192,120
2026-01-31,importacao,17011400,acucares_cana,Outros açúcares de cana,agroindustria,74529,61236
2026-02-28,importacao,17011400,acucares_cana,Outros açúcares de cana,agroindustria,95778,81647
2026-03-31,importacao,17011400,acucares_cana,Outros açúcares de cana,agroindustria,194000,164489
2026-04-30,importacao,17011400,acucares_cana,Outros açúcares de cana,agroindustria,95997,81647
2026-05-31,importacao,17011400,acucares_cana,Outros açúcares de cana,agroindustria,96803,82398
2026-06-30,importacao,17011400,acucares_cana,Outros açúcares de cana,agroindustria,216074,184747
2026-07-31,importacao,17011400,acucares_cana,Outros açúcares de cana,agroindustria,144209,122615
2026-08-31,importacao,17011400,acucares_cana,Outros açúcares de cana,agroindustria,170442,143344
2020-01-31,exportacao,23040090,residuos_oleo_soja,"Bagaços e outros resíduos sólidos, da extração do óleo de soja",agroindustria,281324952,831821378
2020-02-29,exportacao,23040090,residuos_oleo_soja,"Bagaços e outros resíduos sólidos, da extração do óleo de soja",agroindustria,200091469,604759726
2020-03-31,exportacao,23040090,residuos_oleo_soja,"Bagaços e outros resíduos sólidos, da extração do óleo de soja",agroindustria,392837021,1178621604
2020-04-30,exportacao,23040090,residuos_oleo_soja,"Bagaços e outros resíduos sólidos, da extração do óleo de soja",agroindustria,450594424,1367252490
2020-05-31,exportacao,23040090,residuos_oleo_soja,"Bagaços e outros resíduos sólidos, da extração do óleo de soja",agroindustria,470731563,1435439971
2020-06-30,exportacao,23040090,residuos_oleo_soja,"Bagaços e outros resíduos sólidos, da extração do óleo de soja",agroindustria,455317664,1360819609
2020-07-31,exportacao,23040090,residuos_oleo_soja,"Bagaços e outros resíduos sólidos, da extração do óleo de soja",agroindustria,435106176,1362670839
2020-08-31,exportacao,23040090,residuos_oleo_soja,"Bagaços e outros resíduos sólidos, da extração do óleo de soja",agroindustria,398926122,1210005104
2020-09-30,exportacao,23040090,residuos_oleo_soja,"Bagaços e outros resíduos sólidos, da extração do óleo de soja",agroindustria,439202055,1319382440
2020-10-31,exportacao,23040090,residuos_oleo_soja,"Bagaços e outros resíduos sólidos, da extração do óleo de soja",agroindustria,401461146,1138810653
2020-11-30,exportacao,23040090,residuos_oleo_soja,"Bagaços e outros resíduos sólidos, da extração do óleo de soja",agroindustria,441321369,1160879913
2020-12-31,exportacao,23040090,residuos_oleo_soja,"Bagaços e outros resíduos sólidos, da extração do óleo de soja",agroindustria,333363991,830792191
2021-01-31,exportacao,23040090,residuos_oleo_soja,"Bagaços e outros resíduos sólidos, da extração do óleo de soja",agroindustria,359434720,820491061
2021-02-28,exportacao,23040090,residuos_oleo_soja,"Bagaços e outros resíduos sólidos, da extração do óleo de soja",agroindustria,397991297,884611098
2021-03-31,exportacao,23040090,residuos_oleo_soja,"Bagaços e outros resíduos sólidos, da extração do óleo de soja",agroindustria,427590840,954041708
2021-04-30,exportacao,23040090,residuos_oleo_soja,"Bagaços e outros resíduos sólidos, da extração do óleo de soja",agroindustria,501378817,1126701823
2021-05-31,exportacao,23040090,residuos_oleo_soja,"Bagaços e outros resíduos sólidos, da extração do óleo de soja",agroindustria,570912850,1335351201
2021-06-30,exportacao,23040090,residuos_oleo_soja,"Bagaços e outros resíduos sólidos, da extração do óleo de soja",agroindustria,630712836,1440783775
2021-07-31,exportacao,23040090,residuos_oleo_soja,"Bagaços e outros resíduos sólidos, da extração do óleo de soja",agroindustria,687516288,1554580176
2021-08-31,exportacao,23040090,residuos_oleo_soja,"Bagaços e outros resíduos sólidos, da extração do óleo de soja",agroindustria,495949099,1154196532
2021-09-30,exportacao,23040090,residuos_oleo_soja,"Bagaços e outros resíduos sólidos, da extração do óleo de soja",agroindustria,463588368,1084877049
2021-10-31,exportacao,23040090,residuos_oleo_soja,"Bagaços e outros resíduos sólidos, da extração do óleo de soja",agroindustria,420737501,1015229417
2021-11-30,exportacao,23040090,residuos_oleo_soja,"Bagaços e outros resíduos sólidos, da extração do óleo de soja",agroindustria,425369090,1066923439
2021-12-31,exportacao,23040090,residuos_oleo_soja,"Bagaços e outros resíduos sólidos, da extração do óleo de soja",agroindustria,540524586,1347874329
2022-01-31,exportacao,23040090,residuos_oleo_soja,"Bagaços e outros resíduos sólidos, da extração do óleo de soja",agroindustria,465392664,1102262067
2022-02-28,exportacao,23040090,residuos_oleo_soja,"Bagaços e outros resíduos sólidos, da extração do óleo de soja",agroindustria,505575658,1173554975
2022-03-31,exportacao,23040090,residuos_oleo_soja,"Bagaços e outros resíduos sólidos, da extração do óleo de soja",agroindustria,524081361,1095702342
2022-04-30,exportacao,23040090,residuos_oleo_soja,"Bagaços e outros resíduos sólidos, da extração do óleo de soja",agroindustria,657293403,1241000356
2022-05-31,exportacao,23040090,residuos_oleo_soja,"Bagaços e outros resíduos sólidos, da extração do óleo de soja",agroindustria,797380686,1466567011
2022-06-30,exportacao,23040090,residuos_oleo_soja,"Bagaços e outros resíduos sólidos, da extração do óleo de soja",agroindustria,859683713,1638284541
2022-07-31,exportacao,23040090,residuos_oleo_soja,"Bagaços e outros resíduos sólidos, da extração do óleo de soja",agroindustria,702327395,1411375140
2022-08-31,exportacao,23040090,residuos_oleo_soja,"Bagaços e outros resíduos sólidos, da extração do óleo de soja",agroindustria,631650712,1273080345
2022-09-30,exportacao,23040090,residuos_oleo_soja,"Bagaços e outros resíduos sólidos, da extração do óleo de soja",agroindustria,740116555,1440856743
2022-10-31,exportacao,23040090,residuos_oleo_soja,"Bagaços e outros resíduos sólidos, da extração do óleo de soja",agroindustria,684929594,1331903423
2022-11-30,exportacao,23040090,residuos_oleo_soja,"Bagaços e outros resíduos sólidos, da extração do óleo de soja",agroindustria,561764974,1086159968
2022-12-31,exportacao,23040090,residuos_oleo_soja,"Bagaços e outros resíduos sólidos, da extração do óleo de soja",agroindustria,407986747,814271567
2023-01-31,exportacao,23040090,residuos_oleo_soja,"Bagaços e outros resíduos sólidos, da extração do óleo de soja",agroindustria,510530833,988494153
2023-02-28,exportacao,23040090,residuos_oleo_soja,"Bagaços e outros resíduos sólidos, da extração do óleo de soja",agroindustria,552791322,1008337941
2023-03-31,exportacao,23040090,residuos_oleo_soja,"Bagaços e outros resíduos sólidos, da extração do óleo de soja",agroindustria,759442793,1399971403
2023-04-30,exportacao,23040090,residuos_oleo_soja,"Bagaços e outros resíduos sólidos, da extração do óleo de soja",agroindustria,597523258,1100952133
2023-05-31,exportacao,23040090,residuos_oleo_soja,"Bagaços e outros resíduos sólidos, da extração do óleo de soja",agroindustria,1058981786,2018076856
2023-06-30,exportacao,23040090,residuos_oleo_soja,"Bagaços e outros resíduos sólidos, da extração do óleo de soja",agroindustria,728632423,1448496925
2023-07-31,exportacao,23040090,residuos_oleo_soja,"Bagaços e outros resíduos sólidos, da extração do óleo de soja",agroindustria,790189627,1627925475
2023-08-31,exportacao,23040090,residuos_oleo_soja,"Bagaços e outros resíduos sólidos, da extração do óleo de soja",agroindustria,901945527,1855351705
2023-09-30,exportacao,23040090,residuos_oleo_soja,"Bagaços e outros resíduos sólidos, da extração do óleo de soja",agroindustria,571123258,1160332786
2023-10-31,exportacao,23040090,residuos_oleo_soja,"Bagaços e outros resíduos sólidos, da extração do óleo de soja",agroindustria,654393777,1351879019
2023-11-30,exportacao,23040090,residuos_oleo_soja,"Bagaços e outros resíduos sólidos, da extração do óleo de soja",agroindustria,683777576,1402455668
2023-12-31,exportacao,23040090,residuos_oleo_soja,"Bagaços e outros resíduos sólidos, da extração do óleo de soja",agroindustria,738044784,1487402229
2024-01-31,exportacao,23040090,residuos_oleo_soja,"Bagaços e outros resíduos sólidos, da extração do óleo de soja",agroindustria,701323691,1388271473
2024-02-29,exportacao,23040090,residuos_oleo_soja,"Bagaços e outros resíduos sólidos, da extração do óleo de soja",agroindustria,548697418,1199379214
2024-03-31,exportacao,23040090,residuos_oleo_soja,"Bagaços e outros resíduos sólidos, da extração do óleo de soja",agroindustria,584172702,1377743092
2024-04-30,exportacao,23040090,residuos_oleo_soja,"Bagaços e outros resíduos sólidos, da extração do óleo de soja",agroindustria,639431321,1593213679
2024-05-31,exportacao,23040090,residuos_oleo_soja,"Bagaços e outros resíduos sólidos, da extração do óleo de soja",agroindustria,641485998,1644283449
2024-06-30,exportacao,23040090,residuos_oleo_soja,"Bagaços e outros resíduos sólidos, da extração do óleo de soja",agroindustria,597134622,1479640568
2024-07-31,exportacao,23040090,residuos_oleo_soja,"Bagaços e outros resíduos sólidos, da extração do óleo de soja",agroindustria,632543032,1537346392
2024-08-31,exportacao,23040090,residuos_oleo_soja,"Bagaços e outros resíduos sólidos, da extração do óleo de soja",agroindustria,601574873,1510523183
2024-09-30,exportacao,23040090,residuos_oleo_soja,"Bagaços e outros resíduos sólidos, da extração do óleo de soja",agroindustria,504258111,1288141163
2024-10-31,exportacao,23040090,residuos_oleo_soja,"Bagaços e outros resíduos sólidos, da extração do óleo de soja",agroindustria,705484459,1800580379
2024-11-30,exportacao,23040090,residuos_oleo_soja,"Bagaços e outros resíduos sólidos, da extração do óleo de soja",agroindustria,514691782,1329589878
2024-12-31,exportacao,23040090,residuos_oleo_soja,"Bagaços e outros resíduos sólidos, da extração do óleo de soja",agroindustria,563195210,1508437622
2025-01-31,exportacao,23040090,residuos_oleo_soja,"Bagaços e outros resíduos sólidos, da extração do óleo de soja",agroindustria,488371584,1377674053
2025-02-28,exportacao,23040090,residuos_oleo_soja,"Bagaços e outros resíduos sólidos, da extração do óleo de soja",agroindustria,473735407,1360063481
2025-03-31,exportacao,23040090,residuos_oleo_soja,"Bagaços e outros resíduos sólidos, da extração do óleo de soja",agroindustria,470427496,1387009666
2025-04-30,exportacao,23040090,residuos_oleo_soja,"Bagaços e outros resíduos sólidos, da extração do óleo de soja",agroindustria,533375808,1557072607
2025-05-31,exportacao,23040090,residuos_oleo_soja,"Bagaços e outros resíduos sólidos, da extração do óleo de soja",agroindustria,594418366,1792415203
2025-06-30,exportacao,23040090,residuos_oleo_soja,"Bagaços e outros resíduos sólidos, da extração do óleo de soja",agroindustria,457907323,1396304513
2025-07-31,exportacao,23040090,residuos_oleo_soja,"Bagaços e outros resíduos sólidos, da extração do óleo de soja",agroindustria,506971172,1553243311
2025-08-31,exportacao,23040090,residuos_oleo_soja,"Bagaços e outros resíduos sólidos, da extração do óleo de soja",agroindustria,471093337,1487807715
2025-09-30,exportacao,23040090,residuos_oleo_soja,"Bagaços e outros resíduos sólidos, da extração do óleo de soja",agroindustria,522505236,1650188537
2025-10-31,exportacao,23040090,residuos_oleo_soja,"Bagaços e outros resíduos sólidos, da extração do óleo de soja",agroindustria,477742853,1506815038
2025-11-30,exportacao,23040090,residuos_oleo_soja,"Bagaços e outros resíduos sólidos, da extração do óleo de soja",agroindustria,458596996,1427152427
2025-12-31,exportacao,23040090,residuos_oleo_soja,"Bagaços e outros resíduos sólidos, da extração do óleo de soja",agroindustria,536663732,1596782041
2026-01-31,exportacao,23040090,residuos_oleo_soja,"Bagaços e outros resíduos sólidos, da extração do óleo de soja",agroindustria,514236235,1486068163
2026-02-28,exportacao,23040090,residuos_oleo_soja,"Bagaços e outros resíduos sólidos, da extração do óleo de soja",agroindustria,453018072,1323209217
2026-03-31,exportacao,23040090,residuos_oleo_soja,"Bagaços e outros resíduos sólidos, da extração do óleo de soja",agroindustria,512691101,1492590059
2026-04-30,exportacao,23040090,residuos_oleo_soja,"Bagaços e outros resíduos sólidos, da extração do óleo de soja",agroindustria,632395834,1822814124
2026-05-31,exportacao,23040090,residuos_oleo_soja,"Bagaços e outros resíduos sólidos, da extração do óleo de soja",agroindustria,735872995,2058375168
2026-06-30,exportacao,23040090,residuos_oleo_soja,"Bagaços e outros resíduos sólidos, da extração do óleo de soja",agroindustria,707759549,1980293916
2026-07-31,exportacao,23040090,residuos_oleo_soja,"Bagaços e outros resíduos sólidos, da extração do óleo de soja",agroindustria,647927068,1830589138
2026-08-31,exportacao,23040090,residuos_oleo_soja,"Bagaços e outros resíduos sólidos, da extração do óleo de soja",agroindustria,646488066,1790486389
2020-02-29,importacao,23040090,residuos_oleo_soja,"Bagaços e outros resíduos sólidos, da extração do óleo de soja",agroindustria,2282,2500
2021-11-30,importacao,23040090,residuos_oleo_soja,"Bagaços e outros resíduos sólidos, da extração do óleo de soja",agroindustria,148800,240000
2022-09-30,importacao,23040090,residuos_oleo_soja,"Bagaços e outros resíduos sólidos, da extração do óleo de soja",agroindustria,253625,288210
2022-11-30,importacao,23040090,residuos_oleo_soja,"Bagaços e outros resíduos sólidos, da extração do óleo de soja",agroindustria,4,2
2026-08-31,importacao,23040090,residuos_oleo_soja,"Bagaços e outros resíduos sólidos, da extração do óleo de soja",agroindustria,360,0
2020-01-31,exportacao,26011100,minerio_ferro_nao_aglomerado,"Minérios de ferro e seus concentrados, exceto as piritas de ferro ustuladas (cinzas de piritas), não aglomerados",mineracao,1627139024,25418986258
2020-02-29,exportacao,26011100,minerio_ferro_nao_aglomerado,"Minérios de ferro e seus concentrados, exceto as piritas de ferro ustuladas (cinzas de piritas), não aglomerados",mineracao,1402300615,20894090031
2020-03-31,exportacao,26011100,minerio_ferro_nao_aglomerado,"Minérios de ferro e seus concentrados, exceto as piritas de ferro ustuladas (cinzas de piritas), não aglomerados",mineracao,1177267022,19340684881
2020-04-30,exportacao,26011100,minerio_ferro_nao_aglomerado,"Minérios de ferro e seus concentrados, exceto as piritas de ferro ustuladas (cinzas de piritas), não aglomerados",mineracao,1498749486,22735126287
2020-05-31,exportacao,26011100,minerio_ferro_nao_aglomerado,"Minérios de ferro e seus concentrados, exceto as piritas de ferro ustuladas (cinzas de piritas), não aglomerados",mineracao,1251054621,20036571206
2020-06-30,exportacao,26011100,minerio_ferro_nao_aglomerado,"Minérios de ferro e seus concentrados, exceto as piritas de ferro ustuladas (cinzas de piritas), não aglomerados",mineracao,1828931669,29204178265
2020-07-31,exportacao,26011100,minerio_ferro_nao_aglomerado,"Minérios de ferro e seus concentrados, exceto as piritas de ferro ustuladas (cinzas de piritas), não aglomerados",mineracao,2240502809,32321490028
2020-08-31,exportacao,26011100,minerio_ferro_nao_aglomerado,"Minérios de ferro e seus concentrados, exceto as piritas de ferro ustuladas (cinzas de piritas), não aglomerados",mineracao,2257839829,29962074042
2020-09-30,exportacao,26011100,minerio_ferro_nao_aglomerado,"Minérios de ferro e seus concentrados, exceto as piritas de ferro ustuladas (cinzas de piritas), não aglomerados",mineracao,2961967165,36063535603
2020-10-31,exportacao,26011100,minerio_ferro_nao_aglomerado,"Minérios de ferro e seus concentrados, exceto as piritas de ferro ustuladas (cinzas de piritas), não aglomerados",mineracao,2640088915,29656311186
2020-11-30,exportacao,26011100,minerio_ferro_nao_aglomerado,"Minérios de ferro e seus concentrados, exceto as piritas de ferro ustuladas (cinzas de piritas), não aglomerados",mineracao,2513873318,28446017894
2020-12-31,exportacao,26011100,minerio_ferro_nao_aglomerado,"Minérios de ferro e seus concentrados, exceto as piritas de ferro ustuladas (cinzas de piritas), não aglomerados",mineracao,2859400131,31848743082
2021-01-31,exportacao,26011100,minerio_ferro_nao_aglomerado,"Minérios de ferro e seus concentrados, exceto as piritas de ferro ustuladas (cinzas de piritas), não aglomerados",mineracao,2655541886,27921457743
2021-02-28,exportacao,26011100,minerio_ferro_nao_aglomerado,"Minérios de ferro e seus concentrados, exceto as piritas de ferro ustuladas (cinzas de piritas), não aglomerados",mineracao,2724525928,22924577929
2021-03-31,exportacao,26011100,minerio_ferro_nao_aglomerado,"Minérios de ferro e seus concentrados, exceto as piritas de ferro ustuladas (cinzas de piritas), não aglomerados",mineracao,3358432173,26609291348
2021-04-30,exportacao,26011100,minerio_ferro_nao_aglomerado,"Minérios de ferro e seus concentrados, exceto as piritas de ferro ustuladas (cinzas de piritas), não aglomerados",mineracao,3122119679,24150183756
2021-05-31,exportacao,26011100,minerio_ferro_nao_aglomerado,"Minérios de ferro e seus concentrados, exceto as piritas de ferro ustuladas (cinzas de piritas), não aglomerados",mineracao,3280014535,25133091403
2021-06-30,exportacao,26011100,minerio_ferro_nao_aglomerado,"Minérios de ferro e seus concentrados, exceto as piritas de ferro ustuladas (cinzas de piritas), não aglomerados",mineracao,4832951609,31798086867
2021-07-31,exportacao,26011100,minerio_ferro_nao_aglomerado,"Minérios de ferro e seus concentrados, exceto as piritas de ferro ustuladas (cinzas de piritas), não aglomerados",mineracao,4585073346,29786283628
2021-08-31,exportacao,26011100,minerio_ferro_nao_aglomerado,"Minérios de ferro e seus concentrados, exceto as piritas de ferro ustuladas (cinzas de piritas), não aglomerados",mineracao,5068313580,32492717114
2021-09-30,exportacao,26011100,minerio_ferro_nao_aglomerado,"Minérios de ferro e seus concentrados, exceto as piritas de ferro ustuladas (cinzas de piritas), não aglomerados",mineracao,3780840140,32052116688
2021-10-31,exportacao,26011100,minerio_ferro_nao_aglomerado,"Minérios de ferro e seus concentrados, exceto as piritas de ferro ustuladas (cinzas de piritas), não aglomerados",mineracao,2889276208,28964356289
2021-11-30,exportacao,26011100,minerio_ferro_nao_aglomerado,"Minérios de ferro e seus concentrados, exceto as piritas de ferro ustuladas (cinzas de piritas), não aglomerados",mineracao,2307677116,26733456236
2021-12-31,exportacao,26011100,minerio_ferro_nao_aglomerado,"Minérios de ferro e seus concentrados, exceto as piritas de ferro ustuladas (cinzas de piritas), não aglomerados",mineracao,2110794271,29012951808
2022-01-31,exportacao,26011100,minerio_ferro_nao_aglomerado,"Minérios de ferro e seus concentrados, exceto as piritas de ferro ustuladas (cinzas de piritas), não aglomerados",mineracao,1751423877,23671376119
2022-02-28,exportacao,26011100,minerio_ferro_nao_aglomerado,"Minérios de ferro e seus concentrados, exceto as piritas de ferro ustuladas (cinzas de piritas), não aglomerados",mineracao,1481876695,17022605851
2022-03-31,exportacao,26011100,minerio_ferro_nao_aglomerado,"Minérios de ferro e seus concentrados, exceto as piritas de ferro ustuladas (cinzas de piritas), não aglomerados",mineracao,2625062838,27494339501
2022-04-30,exportacao,26011100,minerio_ferro_nao_aglomerado,"Minérios de ferro e seus concentrados, exceto as piritas de ferro ustuladas (cinzas de piritas), não aglomerados",mineracao,2121699929,22873993931
2022-05-31,exportacao,26011100,minerio_ferro_nao_aglomerado,"Minérios de ferro e seus concentrados, exceto as piritas de ferro ustuladas (cinzas de piritas), não aglomerados",mineracao,2308213467,23276628634
2022-06-30,exportacao,26011100,minerio_ferro_nao_aglomerado,"Minérios de ferro e seus concentrados, exceto as piritas de ferro ustuladas (cinzas de piritas), não aglomerados",mineracao,2854171413,30759701981
2022-07-31,exportacao,26011100,minerio_ferro_nao_aglomerado,"Minérios de ferro e seus concentrados, exceto as piritas de ferro ustuladas (cinzas de piritas), não aglomerados",mineracao,2517341359,30030808415
2022-08-31,exportacao,26011100,minerio_ferro_nao_aglomerado,"Minérios de ferro e seus concentrados, exceto as piritas de ferro ustuladas (cinzas de piritas), não aglomerados",mineracao,2396880310,32224776813
2022-09-30,exportacao,26011100,minerio_ferro_nao_aglomerado,"Minérios de ferro e seus concentrados, exceto as piritas de ferro ustuladas (cinzas de piritas), não aglomerados",mineracao,2395202955,33693721704
2022-10-31,exportacao,26011100,minerio_ferro_nao_aglomerado,"Minérios de ferro e seus concentrados, exceto as piritas de ferro ustuladas (cinzas de piritas), não aglomerados",mineracao,1690624909,25606839468
2022-11-30,exportacao,26011100,minerio_ferro_nao_aglomerado,"Minérios de ferro e seus concentrados, exceto as piritas de ferro ustuladas (cinzas de piritas), não aglomerados",mineracao,1818750969,28572412496
2022-12-31,exportacao,26011100,minerio_ferro_nao_aglomerado,"Minérios de ferro e seus concentrados, exceto as piritas de ferro ustuladas (cinzas de piritas), não aglomerados",mineracao,1772999053,29441525100
2023-01-31,exportacao,26011100,minerio_ferro_nao_aglomerado,"Minérios de ferro e seus concentrados, exceto as piritas de ferro ustuladas (cinzas de piritas), não aglomerados",mineracao,1609313610,22898290614
2023-02-28,exportacao,26011100,minerio_ferro_nao_aglomerado,"Minérios de ferro e seus concentrados, exceto as piritas de ferro ustuladas (cinzas de piritas), não aglomerados",mineracao,1695071358,21366842000
2023-03-31,exportacao,26011100,minerio_ferro_nao_aglomerado,"Minérios de ferro e seus concentrados, exceto as piritas de ferro ustuladas (cinzas de piritas), não aglomerados",mineracao,2067232668,24934031750
2023-04-30,exportacao,26011100,minerio_ferro_nao_aglomerado,"Minérios de ferro e seus concentrados, exceto as piritas de ferro ustuladas (cinzas de piritas), não aglomerados",mineracao,1947532430,23101224451
2023-05-31,exportacao,26011100,minerio_ferro_nao_aglomerado,"Minérios de ferro e seus concentrados, exceto as piritas de ferro ustuladas (cinzas de piritas), não aglomerados",mineracao,2630357922,32833443198
2023-06-30,exportacao,26011100,minerio_ferro_nao_aglomerado,"Minérios de ferro e seus concentrados, exceto as piritas de ferro ustuladas (cinzas de piritas), não aglomerados",mineracao,2233118968,32390384226
2023-07-31,exportacao,26011100,minerio_ferro_nao_aglomerado,"Minérios de ferro e seus concentrados, exceto as piritas de ferro ustuladas (cinzas de piritas), não aglomerados",mineracao,2137332650,29447352925
2023-08-31,exportacao,26011100,minerio_ferro_nao_aglomerado,"Minérios de ferro e seus concentrados, exceto as piritas de ferro ustuladas (cinzas de piritas), não aglomerados",mineracao,2600640859,35375759459
2023-09-30,exportacao,26011100,minerio_ferro_nao_aglomerado,"Minérios de ferro e seus concentrados, exceto as piritas de ferro ustuladas (cinzas de piritas), não aglomerados",mineracao,2506047272,33746189514
2023-10-31,exportacao,26011100,minerio_ferro_nao_aglomerado,"Minérios de ferro e seus concentrados, exceto as piritas de ferro ustuladas (cinzas de piritas), não aglomerados",mineracao,2455960029,31216210429
2023-11-30,exportacao,26011100,minerio_ferro_nao_aglomerado,"Minérios de ferro e seus concentrados, exceto as piritas de ferro ustuladas (cinzas de piritas), não aglomerados",mineracao,2303712732,29384850592
2023-12-31,exportacao,26011100,minerio_ferro_nao_aglomerado,"Minérios de ferro e seus concentrados, exceto as piritas de ferro ustuladas (cinzas de piritas), não aglomerados",mineracao,3111732726,36436807786
2024-01-31,exportacao,26011100,minerio_ferro_nao_aglomerado,"Minérios de ferro e seus concentrados, exceto as piritas de ferro ustuladas (cinzas de piritas), não aglomerados",mineracao,2474699992,26908945465
2024-02-29,exportacao,26011100,minerio_ferro_nao_aglomerado,"Minérios de ferro e seus concentrados, exceto as piritas de ferro ustuladas (cinzas de piritas), não aglomerados",mineracao,2429861865,26392787250
2024-03-31,exportacao,26011100,minerio_ferro_nao_aglomerado,"Minérios de ferro e seus concentrados, exceto as piritas de ferro ustuladas (cinzas de piritas), não aglomerados",mineracao,2171781027,24391562643
2024-04-30,exportacao,26011100,minerio_ferro_nao_aglomerado,"Minérios de ferro e seus concentrados, exceto as piritas de ferro ustuladas (cinzas de piritas), não aglomerados",mineracao,2071604165,27122944604
2024-05-31,exportacao,26011100,minerio_ferro_nao_aglomerado,"Minérios de ferro e seus concentrados, exceto as piritas de ferro ustuladas (cinzas de piritas), não aglomerados",mineracao,2182853711,30635798937
2024-06-30,exportacao,26011100,minerio_ferro_nao_aglomerado,"Minérios de ferro e seus concentrados, exceto as piritas de ferro ustuladas (cinzas de piritas), não aglomerados",mineracao,2284731647,31271305144
2024-07-31,exportacao,26011100,minerio_ferro_nao_aglomerado,"Minérios de ferro e seus concentrados, exceto as piritas de ferro ustuladas (cinzas de piritas), não aglomerados",mineracao,2613407562,37057195342
2024-08-31,exportacao,26011100,minerio_ferro_nao_aglomerado,"Minérios de ferro e seus concentrados, exceto as piritas de ferro ustuladas (cinzas de piritas), não aglomerados",mineracao,2196923943,32001256500
2024-09-30,exportacao,26011100,minerio_ferro_nao_aglomerado,"Minérios de ferro e seus concentrados, exceto as piritas de ferro ustuladas (cinzas de piritas), não aglomerados",mineracao,2189402037,34384727029
2024-10-31,exportacao,26011100,minerio_ferro_nao_aglomerado,"Minérios de ferro e seus concentrados, exceto as piritas de ferro ustuladas (cinzas de piritas), não aglomerados",mineracao,1980072731,32700538905
2024-11-30,exportacao,26011100,minerio_ferro_nao_aglomerado,"Minérios de ferro e seus concentrados, exceto as piritas de ferro ustuladas (cinzas de piritas), não aglomerados",mineracao,2052355790,31417130551
2024-12-31,exportacao,26011100,minerio_ferro_nao_aglomerado,"Minérios de ferro e seus concentrados, exceto as piritas de ferro ustuladas (cinzas de piritas), não aglomerados",mineracao,1927004279,28294076273
2025-01-31,exportacao,26011100,minerio_ferro_nao_aglomerado,"Minérios de ferro e seus concentrados, exceto as piritas de ferro ustuladas (cinzas de piritas), não aglomerados",mineracao,2003534066,28829372353
2025-02-28,exportacao,26011100,minerio_ferro_nao_aglomerado,"Minérios de ferro e seus concentrados, exceto as piritas de ferro ustuladas (cinzas de piritas), não aglomerados",mineracao,1583409145,24174651180
2025-03-31,exportacao,26011100,minerio_ferro_nao_aglomerado,"Minérios de ferro e seus concentrados, exceto as piritas de ferro ustuladas (cinzas de piritas), não aglomerados",mineracao,1777821380,25839112753
2025-04-30,exportacao,26011100,minerio_ferro_nao_aglomerado,"Minérios de ferro e seus concentrados, exceto as piritas de ferro ustuladas (cinzas de piritas), não aglomerados",mineracao,1837194866,27992363703
2025-05-31,exportacao,26011100,minerio_ferro_nao_aglomerado,"Minérios de ferro e seus concentrados, exceto as piritas de ferro ustuladas (cinzas de piritas), não aglomerados",mineracao,2052204904,32371450536
2025-06-30,exportacao,26011100,minerio_ferro_nao_aglomerado,"Minérios de ferro e seus concentrados, exceto as piritas de ferro ustuladas (cinzas de piritas), não aglomerados",mineracao,2204315031,34222841109
2025-07-31,exportacao,26011100,minerio_ferro_nao_aglomerado,"Minérios de ferro e seus concentrados, exceto as piritas de ferro ustuladas (cinzas de piritas), não aglomerados",mineracao,2385487009,38659232233
2025-08-31,exportacao,26011100,minerio_ferro_nao_aglomerado,"Minérios de ferro e seus concentrados, exceto as piritas de ferro ustuladas (cinzas de piritas), não aglomerados",mineracao,2410314522,37681542821
2025-09-30,exportacao,26011100,minerio_ferro_nao_aglomerado,"Minérios de ferro e seus concentrados, exceto as piritas de ferro ustuladas (cinzas de piritas), não aglomerados",mineracao,2325455580,34254489391
2025-10-31,exportacao,26011100,minerio_ferro_nao_aglomerado,"Minérios de ferro e seus concentrados, exceto as piritas de ferro ustuladas (cinzas de piritas), não aglomerados",mineracao,2694565903,37996324985
2025-11-30,exportacao,26011100,minerio_ferro_nao_aglomerado,"Minérios de ferro e seus concentrados, exceto as piritas de ferro ustuladas (cinzas de piritas), não aglomerados",mineracao,2403150648,32970050219
2025-12-31,exportacao,26011100,minerio_ferro_nao_aglomerado,"Minérios de ferro e seus concentrados, exceto as piritas de ferro ustuladas (cinzas de piritas), não aglomerados",mineracao,2613454215,37425465360
2026-01-31,exportacao,26011100,minerio_ferro_nao_aglomerado,"Minérios de ferro e seus concentrados, exceto as piritas de ferro ustuladas (cinzas de piritas), não aglomerados",mineracao,1843157505,26379004618
2026-02-28,exportacao,26011100,minerio_ferro_nao_aglomerado,"Minérios de ferro e seus concentrados, exceto as piritas de ferro ustuladas (cinzas de piritas), não aglomerados",mineracao,1840522680,26187389970
2026-03-31,exportacao,26011100,minerio_ferro_nao_aglomerado,"Minérios de ferro e seus concentrados, exceto as piritas de ferro ustuladas (cinzas de piritas), não aglomerados",mineracao,1779291584,25768212538
2026-04-30,exportacao,26011100,minerio_ferro_nao_aglomerado,"Minérios de ferro e seus concentrados, exceto as piritas de ferro ustuladas (cinzas de piritas), não aglomerados",mineracao,2137280898,31609434000
2026-05-31,exportacao,26011100,minerio_ferro_nao_aglomerado,"Minérios de ferro e seus concentrados, exceto as piritas de ferro ustuladas (cinzas de piritas), não aglomerados",mineracao,1683117561,25568797966
2026-06-30,exportacao,26011100,minerio_ferro_nao_aglomerado,"Minérios de ferro e seus concentrados, exceto as piritas de ferro ustuladas (cinzas de piritas), não aglomerados",mineracao,2569324747,39666979151
2026-07-31,exportacao,26011100,minerio_ferro_nao_aglomerado,"Minérios de ferro e seus concentrados, exceto as piritas de ferro ustuladas (cinzas de piritas), não aglomerados",mineracao,2131758139,35002833875
2026-08-31,exportacao,26011100,minerio_ferro_nao_aglomerado,"Minérios de ferro e seus concentrados, exceto as piritas de ferro ustuladas (cinzas de piritas), não aglomerados",mineracao,2051566400,34406447895
2020-01-31,importacao,26011100,minerio_ferro_nao_aglomerado,"Minérios de ferro e seus concentrados, exceto as piritas de ferro ustuladas (cinzas de piritas), não aglomerados",mineracao,6207,7200
2020-03-31,importacao,26011100,minerio_ferro_nao_aglomerado,"Minérios de ferro e seus concentrados, exceto as piritas de ferro ustuladas (cinzas de piritas), não aglomerados",mineracao,13333,167955
2020-04-30,importacao,26011100,minerio_ferro_nao_aglomerado,"Minérios de ferro e seus concentrados, exceto as piritas de ferro ustuladas (cinzas de piritas), não aglomerados",mineracao,1297,1200
2020-05-31,importacao,26011100,minerio_ferro_nao_aglomerado,"Minérios de ferro e seus concentrados, exceto as piritas de ferro ustuladas (cinzas de piritas), não aglomerados",mineracao,5429,6000
2020-06-30,importacao,26011100,minerio_ferro_nao_aglomerado,"Minérios de ferro e seus concentrados, exceto as piritas de ferro ustuladas (cinzas de piritas), não aglomerados",mineracao,887,1200
2020-08-31,importacao,26011100,minerio_ferro_nao_aglomerado,"Minérios de ferro e seus concentrados, exceto as piritas de ferro ustuladas (cinzas de piritas), não aglomerados",mineracao,4993,9400
2020-09-30,importacao,26011100,minerio_ferro_nao_aglomerado,"Minérios de ferro e seus concentrados, exceto as piritas de ferro ustuladas (cinzas de piritas), não aglomerados",mineracao,9180,540000
2020-10-31,importacao,26011100,minerio_ferro_nao_aglomerado,"Minérios de ferro e seus concentrados, exceto as piritas de ferro ustuladas (cinzas de piritas), não aglomerados",mineracao,4590,270000
2020-11-30,importacao,26011100,minerio_ferro_nao_aglomerado,"Minérios de ferro e seus concentrados, exceto as piritas de ferro ustuladas (cinzas de piritas), não aglomerados",mineracao,4590,270000
2021-01-31,importacao,26011100,minerio_ferro_nao_aglomerado,"Minérios de ferro e seus concentrados, exceto as piritas de ferro ustuladas (cinzas de piritas), não aglomerados",mineracao,1944,2400
2021-03-31,importacao,26011100,minerio_ferro_nao_aglomerado,"Minérios de ferro e seus concentrados, exceto as piritas de ferro ustuladas (cinzas de piritas), não aglomerados",mineracao,7683,9600
2021-06-30,importacao,26011100,minerio_ferro_nao_aglomerado,"Minérios de ferro e seus concentrados, exceto as piritas de ferro ustuladas (cinzas de piritas), não aglomerados",mineracao,2908,3150
2021-09-30,importacao,26011100,minerio_ferro_nao_aglomerado,"Minérios de ferro e seus concentrados, exceto as piritas de ferro ustuladas (cinzas de piritas), não aglomerados",mineracao,1858,2400
2021-10-31,importacao,26011100,minerio_ferro_nao_aglomerado,"Minérios de ferro e seus concentrados, exceto as piritas de ferro ustuladas (cinzas de piritas), não aglomerados",mineracao,7504,103000
2021-11-30,importacao,26011100,minerio_ferro_nao_aglomerado,"Minérios de ferro e seus concentrados, exceto as piritas de ferro ustuladas (cinzas de piritas), não aglomerados",mineracao,11778,362000
2021-12-31,importacao,26011100,minerio_ferro_nao_aglomerado,"Minérios de ferro e seus concentrados, exceto as piritas de ferro ustuladas (cinzas de piritas), não aglomerados",mineracao,5040,180000
2022-02-28,importacao,26011100,minerio_ferro_nao_aglomerado,"Minérios de ferro e seus concentrados, exceto as piritas de ferro ustuladas (cinzas de piritas), não aglomerados",mineracao,8200,200000
2022-03-31,importacao,26011100,minerio_ferro_nao_aglomerado,"Minérios de ferro e seus concentrados, exceto as piritas de ferro ustuladas (cinzas de piritas), não aglomerados",mineracao,11101,202000
2022-04-30,importacao,26011100,minerio_ferro_nao_aglomerado,"Minérios de ferro e seus concentrados, exceto as piritas de ferro ustuladas (cinzas de piritas), não aglomerados",mineracao,26965,530400
2022-05-31,importacao,26011100,minerio_ferro_nao_aglomerado,"Minérios de ferro e seus concentrados, exceto as piritas de ferro ustuladas (cinzas de piritas), não aglomerados",mineracao,37698,1280810
2022-06-30,importacao,26011100,minerio_ferro_nao_aglomerado,"Minérios de ferro e seus concentrados, exceto as piritas de ferro ustuladas (cinzas de piritas), não aglomerados",mineracao,17091,735000
2022-07-31,importacao,26011100,minerio_ferro_nao_aglomerado,"Minérios de ferro e seus concentrados, exceto as piritas de ferro ustuladas (cinzas de piritas), não aglomerados",mineracao,30159,1336911
2022-08-31,importacao,26011100,minerio_ferro_nao_aglomerado,"Minérios de ferro e seus concentrados, exceto as piritas de ferro ustuladas (cinzas de piritas), não aglomerados",mineracao,39650,1700000
2022-09-30,importacao,26011100,minerio_ferro_nao_aglomerado,"Minérios de ferro e seus concentrados, exceto as piritas de ferro ustuladas (cinzas de piritas), não aglomerados",mineracao,37323,1529000
2022-10-31,importacao,26011100,minerio_ferro_nao_aglomerado,"Minérios de ferro e seus concentrados, exceto as piritas de ferro ustuladas (cinzas de piritas), não aglomerados",mineracao,6000,250000
2022-12-31,importacao,26011100,minerio_ferro_nao_aglomerado,"Minérios de ferro e seus concentrados, exceto as piritas de ferro ustuladas (cinzas de piritas), não aglomerados",mineracao,18627,509600
2023-01-31,importacao,26011100,minerio_ferro_nao_aglomerado,"Minérios de ferro e seus concentrados, exceto as piritas de ferro ustuladas (cinzas de piritas), não aglomerados",mineracao,13912,502400
2023-02-28,importacao,26011100,minerio_ferro_nao_aglomerado,"Minérios de ferro e seus concentrados, exceto as piritas de ferro ustuladas (cinzas de piritas), não aglomerados",mineracao,13564,501000
2023-03-31,importacao,26011100,minerio_ferro_nao_aglomerado,"Minérios de ferro e seus concentrados, exceto as piritas de ferro ustuladas (cinzas de piritas), não aglomerados",mineracao,12127,500100
2023-04-30,importacao,26011100,minerio_ferro_nao_aglomerado,"Minérios de ferro e seus concentrados, exceto as piritas de ferro ustuladas (cinzas de piritas), não aglomerados",mineracao,14400,560000
2023-05-31,importacao,26011100,minerio_ferro_nao_aglomerado,"Minérios de ferro e seus concentrados, exceto as piritas de ferro ustuladas (cinzas de piritas), não aglomerados",mineracao,15891,600240
2023-06-30,importacao,26011100,minerio_ferro_nao_aglomerado,"Minérios de ferro e seus concentrados, exceto as piritas de ferro ustuladas (cinzas de piritas), não aglomerados",mineracao,2721,380
2023-07-31,importacao,26011100,minerio_ferro_nao_aglomerado,"Minérios de ferro e seus concentrados, exceto as piritas de ferro ustuladas (cinzas de piritas), não aglomerados",mineracao,12000,500000
2023-08-31,importacao,26011100,minerio_ferro_nao_aglomerado,"Minérios de ferro e seus concentrados, exceto as piritas de ferro ustuladas (cinzas de piritas), não aglomerados",mineracao,1882,1360
2023-09-30,importacao,26011100,minerio_ferro_nao_aglomerado,"Minérios de ferro e seus concentrados, exceto as piritas de ferro ustuladas (cinzas de piritas), não aglomerados",mineracao,9582,42300
2023-10-31,importacao,26011100,minerio_ferro_nao_aglomerado,"Minérios de ferro e seus concentrados, exceto as piritas de ferro ustuladas (cinzas de piritas), não aglomerados",mineracao,445,80
2023-11-30,importacao,26011100,minerio_ferro_nao_aglomerado,"Minérios de ferro e seus concentrados, exceto as piritas de ferro ustuladas (cinzas de piritas), não aglomerados",mineracao,999836,2468616
2023-12-31,importacao,26011100,minerio_ferro_nao_aglomerado,"Minérios de ferro e seus concentrados, exceto as piritas de ferro ustuladas (cinzas de piritas), não aglomerados",mineracao,150316,327842
2024-01-31,importacao,26011100,minerio_ferro_nao_aglomerado,"Minérios de ferro e seus concentrados, exceto as piritas de ferro ustuladas (cinzas de piritas), não aglomerados",mineracao,1292,140
2024-02-29,importacao,26011100,minerio_ferro_nao_aglomerado,"Minérios de ferro e seus concentrados, exceto as piritas de ferro ustuladas (cinzas de piritas), não aglomerados",mineracao,82074,164691
2024-03-31,importacao,26011100,minerio_ferro_nao_aglomerado,"Minérios de ferro e seus concentrados, exceto as piritas de ferro ustuladas (cinzas de piritas), não aglomerados",mineracao,841556,1633933
2024-04-30,importacao,26011100,minerio_ferro_nao_aglomerado,"Minérios de ferro e seus concentrados, exceto as piritas de ferro ustuladas (cinzas de piritas), não aglomerados",mineracao,1740508,13190411
2024-05-31,importacao,26011100,minerio_ferro_nao_aglomerado,"Minérios de ferro e seus concentrados, exceto as piritas de ferro ustuladas (cinzas de piritas), não aglomerados",mineracao,173789,341101
2024-06-30,importacao,26011100,minerio_ferro_nao_aglomerado,"Minérios de ferro e seus concentrados, exceto as piritas de ferro ustuladas (cinzas de piritas), não aglomerados",mineracao,2373,1500
2024-07-31,importacao,26011100,minerio_ferro_nao_aglomerado,"Minérios de ferro e seus concentrados, exceto as piritas de ferro ustuladas (cinzas de piritas), não aglomerados",mineracao,2097381,15618840
2024-08-31,importacao,26011100,minerio_ferro_nao_aglomerado,"Minérios de ferro e seus concentrados, exceto as piritas de ferro ustuladas (cinzas de piritas), não aglomerados",mineracao,4488,102
2024-09-30,importacao,26011100,minerio_ferro_nao_aglomerado,"Minérios de ferro e seus concentrados, exceto as piritas de ferro ustuladas (cinzas de piritas), não aglomerados",mineracao,1061,0
2024-11-30,importacao,26011100,minerio_ferro_nao_aglomerado,"Minérios de ferro e seus concentrados, exceto as piritas de ferro ustuladas (cinzas de piritas), não aglomerados",mineracao,2346,1500
2024-12-31,importacao,26011100,minerio_ferro_nao_aglomerado,"Minérios de ferro e seus concentrados, exceto as piritas de ferro ustuladas (cinzas de piritas), não aglomerados",mineracao,150,150
2025-01-31,importacao,26011100,minerio_ferro_nao_aglomerado,"Minérios de ferro e seus concentrados, exceto as piritas de ferro ustuladas (cinzas de piritas), não aglomerados",mineracao,1657,340
2025-02-28,importacao,26011100,minerio_ferro_nao_aglomerado,"Minérios de ferro e seus concentrados, exceto as piritas de ferro ustuladas (cinzas de piritas), não aglomerados",mineracao,827,22240
2025-04-30,importacao,26011100,minerio_ferro_nao_aglomerado,"Minérios de ferro e seus concentrados, exceto as piritas de ferro ustuladas (cinzas de piritas), não aglomerados",mineracao,2151,1500
2025-06-30,importacao,26011100,minerio_ferro_nao_aglomerado,"Minérios de ferro e seus concentrados, exceto as piritas de ferro ustuladas (cinzas de piritas), não aglomerados",mineracao,3213,1200
2025-07-31,importacao,26011100,minerio_ferro_nao_aglomerado,"Minérios de ferro e seus concentrados, exceto as piritas de ferro ustuladas (cinzas de piritas), não aglomerados",mineracao,120,20
2025-08-31,importacao,26011100,minerio_ferro_nao_aglomerado,"Minérios de ferro e seus concentrados, exceto as piritas de ferro ustuladas (cinzas de piritas), não aglomerados",mineracao,211,140
2025-09-30,importacao,26011100,minerio_ferro_nao_aglomerado,"Minérios de ferro e seus concentrados, exceto as piritas de ferro ustuladas (cinzas de piritas), não aglomerados",mineracao,749,162
2025-10-31,importacao,26011100,minerio_ferro_nao_aglomerado,"Minérios de ferro e seus concentrados, exceto as piritas de ferro ustuladas (cinzas de piritas), não aglomerados",mineracao,4047,1400
2025-11-30,importacao,26011100,minerio_ferro_nao_aglomerado,"Minérios de ferro e seus concentrados, exceto as piritas de ferro ustuladas (cinzas de piritas), não aglomerados",mineracao,7542,4050
2026-01-31,importacao,26011100,minerio_ferro_nao_aglomerado,"Minérios de ferro e seus concentrados, exceto as piritas de ferro ustuladas (cinzas de piritas), não aglomerados",mineracao,1709,800
2026-02-28,importacao,26011100,minerio_ferro_nao_aglomerado,"Minérios de ferro e seus concentrados, exceto as piritas de ferro ustuladas (cinzas de piritas), não aglomerados",mineracao,35,89
2026-03-31,importacao,26011100,minerio_ferro_nao_aglomerado,"Minérios de ferro e seus concentrados, exceto as piritas de ferro ustuladas (cinzas de piritas), não aglomerados",mineracao,2058,11560
2026-04-30,importacao,26011100,minerio_ferro_nao_aglomerado,"Minérios de ferro e seus concentrados, exceto as piritas de ferro ustuladas (cinzas de piritas), não aglomerados",mineracao,6345,1155
2026-05-31,importacao,26011100,minerio_ferro_nao_aglomerado,"Minérios de ferro e seus concentrados, exceto as piritas de ferro ustuladas (cinzas de piritas), não aglomerados",mineracao,7414017,78827810
2026-06-30,importacao,26011100,minerio_ferro_nao_aglomerado,"Minérios de ferro e seus concentrados, exceto as piritas de ferro ustuladas (cinzas de piritas), não aglomerados",mineracao,3681,2518
2026-07-31,importacao,26011100,minerio_ferro_nao_aglomerado,"Minérios de ferro e seus concentrados, exceto as piritas de ferro ustuladas (cinzas de piritas), não aglomerados",mineracao,1798,1000
2026-08-31,importacao,26011100,minerio_ferro_nao_aglomerado,"Minérios de ferro e seus concentrados, exceto as piritas de ferro ustuladas (cinzas de piritas), não aglomerados",mineracao,6950029,78331372
2020-01-31,exportacao,27090010,oleos_brutos_petroleo,Óleos brutos de petróleo,energia,1707992437,4221906804
2020-02-29,exportacao,27090010,oleos_brutos_petroleo,Óleos brutos de petróleo,energia,2316023766,5881213247
2020-03-31,exportacao,27090010,oleos_brutos_petroleo,Óleos brutos de petróleo,energia,2023525022,6381916325
2020-04-30,exportacao,27090010,oleos_brutos_petroleo,Óleos brutos de petróleo,energia,1817132846,6614554463
2020-05-31,exportacao,27090010,oleos_brutos_petroleo,Óleos brutos de petróleo,energia,1386002199,8256987023
2020-06-30,exportacao,27090010,oleos_brutos_petroleo,Óleos brutos de petróleo,energia,1156303096,5448127730
2020-07-31,exportacao,27090010,oleos_brutos_petroleo,Óleos brutos de petróleo,energia,1928276214,7794507662
2020-08-31,exportacao,27090010,oleos_brutos_petroleo,Óleos brutos de petróleo,energia,1496515259,5258498082
2020-09-30,exportacao,27090010,oleos_brutos_petroleo,Óleos brutos de petróleo,energia,1471324600,5025244404
2020-10-31,exportacao,27090010,oleos_brutos_petroleo,Óleos brutos de petróleo,energia,1262950881,4570639521
2020-11-30,exportacao,27090010,oleos_brutos_petroleo,Óleos brutos de petróleo,energia,1459084686,5273883777
2020-12-31,exportacao,27090010,oleos_brutos_petroleo,Óleos brutos de petróleo,energia,1588726883,5282467249
2021-01-31,exportacao,27090010,oleos_brutos_petroleo,Óleos brutos de petróleo,energia,1591315839,4864085371
2021-02-28,exportacao,27090010,oleos_brutos_petroleo,Óleos brutos de petróleo,energia,1877907033,4944716597
2021-03-31,exportacao,27090010,oleos_brutos_petroleo,Óleos brutos de petróleo,energia,2661483504,6425257775
2021-04-30,exportacao,27090010,oleos_brutos_petroleo,Óleos brutos de petróleo,energia,2826701536,6472785954
2021-05-31,exportacao,27090010,oleos_brutos_petroleo,Óleos brutos de petróleo,energia,2230682322,5072838532
2021-06-30,exportacao,27090010,oleos_brutos_petroleo,Óleos brutos de petróleo,energia,3743887034,8133882300
2021-07-31,exportacao,27090010,oleos_brutos_petroleo,Óleos brutos de petróleo,energia,2058804985,4208806520
2021-08-31,exportacao,27090010,oleos_brutos_petroleo,Óleos brutos de petróleo,energia,3204026884,6782173860
2021-09-30,exportacao,27090010,oleos_brutos_petroleo,Óleos brutos de petróleo,energia,2486562157,5274783801
2021-10-31,exportacao,27090010,oleos_brutos_petroleo,Óleos brutos de petróleo,energia,2985889023,5850041565
2021-11-30,exportacao,27090010,oleos_brutos_petroleo,Óleos brutos de petróleo,energia,1934787403,3623593276
2021-12-31,exportacao,27090010,oleos_brutos_petroleo,Óleos brutos de petróleo,energia,3006933933,5911884703
2022-01-31,exportacao,27090010,oleos_brutos_petroleo,Óleos brutos de petróleo,energia,2151151388,4192439229
2022-02-28,exportacao,27090010,oleos_brutos_petroleo,Óleos brutos de petróleo,energia,3938875347,6474032605
2022-03-31,exportacao,27090010,oleos_brutos_petroleo,Óleos brutos de petróleo,energia,3479507047,5335955941
2022-04-30,exportacao,27090010,oleos_brutos_petroleo,Óleos brutos de petróleo,energia,3021133133,4446937999
2022-05-31,exportacao,27090010,oleos_brutos_petroleo,Óleos brutos de petróleo,energia,3097566778,4432755982
2022-06-30,exportacao,27090010,oleos_brutos_petroleo,Óleos brutos de petróleo,energia,3971869769,5672749458
2022-07-31,exportacao,27090010,oleos_brutos_petroleo,Óleos brutos de petróleo,energia,3465105228,4766829426
2022-08-31,exportacao,27090010,oleos_brutos_petroleo,Óleos brutos de petróleo,energia,3928197090,5831058879
2022-09-30,exportacao,27090010,oleos_brutos_petroleo,Óleos brutos de petróleo,energia,3464156399,5724398055
2022-10-31,exportacao,27090010,oleos_brutos_petroleo,Óleos brutos de petróleo,energia,2959747613,5287793930
2022-11-30,exportacao,27090010,oleos_brutos_petroleo,Óleos brutos de petróleo,energia,4569070822,8209785026
2022-12-31,exportacao,27090010,oleos_brutos_petroleo,Óleos brutos de petróleo,energia,4507383475,8345888225
2023-01-31,exportacao,27090010,oleos_brutos_petroleo,Óleos brutos de petróleo,energia,3129360527,6205619775
2023-02-28,exportacao,27090010,oleos_brutos_petroleo,Óleos brutos de petróleo,energia,1194413455,2378102827
2023-03-31,exportacao,27090010,oleos_brutos_petroleo,Óleos brutos de petróleo,energia,5520902205,11003687594
2023-04-30,exportacao,27090010,oleos_brutos_petroleo,Óleos brutos de petróleo,energia,2393081486,4758449412
2023-05-31,exportacao,27090010,oleos_brutos_petroleo,Óleos brutos de petróleo,energia,3519997846,7114761992
2023-06-30,exportacao,27090010,oleos_brutos_petroleo,Óleos brutos de petróleo,energia,2803459014,5714628923
2023-07-31,exportacao,27090010,oleos_brutos_petroleo,Óleos brutos de petróleo,energia,3642496319,7424093857
2023-08-31,exportacao,27090010,oleos_brutos_petroleo,Óleos brutos de petróleo,energia,3885415318,7618700613
2023-09-30,exportacao,27090010,oleos_brutos_petroleo,Óleos brutos de petróleo,energia,4304909734,7685399469
2023-10-31,exportacao,27090010,oleos_brutos_petroleo,Óleos brutos de petróleo,energia,4225096578,7124455363
2023-11-30,exportacao,27090010,oleos_brutos_petroleo,Óleos brutos de petróleo,energia,4442141375,7696851019
2023-12-31,exportacao,27090010,oleos_brutos_petroleo,Óleos brutos de petróleo,energia,3549804815,6684812979
2024-01-31,exportacao,27090010,oleos_brutos_petroleo,Óleos brutos de petróleo,energia,4877245796,9466511933
2024-02-29,exportacao,27090010,oleos_brutos_petroleo,Óleos brutos de petróleo,energia,2712100038,5500317553
2024-03-31,exportacao,27090010,oleos_brutos_petroleo,Óleos brutos de petróleo,energia,3624326216,7775062263
2024-04-30,exportacao,27090010,oleos_brutos_petroleo,Óleos brutos de petróleo,energia,4514763346,9090236343
2024-05-31,exportacao,27090010,oleos_brutos_petroleo,Óleos brutos de petróleo,energia,4850725330,8956388422
2024-06-30,exportacao,27090010,oleos_brutos_petroleo,Óleos brutos de petróleo,energia,3623190643,6897758400
2024-07-31,exportacao,27090010,oleos_brutos_petroleo,Óleos brutos de petróleo,energia,3731437490,7308992662
2024-08-31,exportacao,27090010,oleos_brutos_petroleo,Óleos brutos de petróleo,energia,3587288642,6978723511
2024-09-30,exportacao,27090010,oleos_brutos_petroleo,Óleos brutos de petróleo,energia,3020437115,5911264815
2024-10-31,exportacao,27090010,oleos_brutos_petroleo,Óleos brutos de petróleo,energia,3679669622,7552530143
2024-11-30,exportacao,27090010,oleos_brutos_petroleo,Óleos brutos de petróleo,energia,4515628424,8953536571
2024-12-31,exportacao,27090010,oleos_brutos_petroleo,Óleos brutos de petróleo,energia,2227065858,4779009893
2025-01-31,exportacao,27090010,oleos_brutos_petroleo,Óleos brutos de petróleo,energia,4673144797,9334147909
2025-02-28,exportacao,27090010,oleos_brutos_petroleo,Óleos brutos de petróleo,energia,2121317842,4284137947
2025-03-31,exportacao,27090010,oleos_brutos_petroleo,Óleos brutos de petróleo,energia,2798659397,5761287341
2025-04-30,exportacao,27090010,oleos_brutos_petroleo,Óleos brutos de petróleo,energia,4339399173,9138245184
2025-05-31,exportacao,27090010,oleos_brutos_petroleo,Óleos brutos de petróleo,energia,4209142958,9477252839
2025-06-30,exportacao,27090010,oleos_brutos_petroleo,Óleos brutos de petróleo,energia,3511445501,7946495583
2025-07-31,exportacao,27090010,oleos_brutos_petroleo,Óleos brutos de petróleo,energia,4032281669,8585407770
2025-08-31,exportacao,27090010,oleos_brutos_petroleo,Óleos brutos de petróleo,energia,4091476347,8867353561
2025-09-30,exportacao,27090010,oleos_brutos_petroleo,Óleos brutos de petróleo,energia,3665346306,8219960243
2025-10-31,exportacao,27090010,oleos_brutos_petroleo,Óleos brutos de petróleo,energia,3836263644,8896641068
2025-11-30,exportacao,27090010,oleos_brutos_petroleo,Óleos brutos de petróleo,energia,3475523566,8401836624
2025-12-31,exportacao,27090010,oleos_brutos_petroleo,Óleos brutos de petróleo,energia,3782156727,9280876249
2026-01-31,exportacao,27090010,oleos_brutos_petroleo,Óleos brutos de petróleo,energia,4038657819,9958455242
2026-02-28,exportacao,27090010,oleos_brutos_petroleo,Óleos brutos de petróleo,energia,3772352332,9010206653
2026-03-31,exportacao,27090010,oleos_brutos_petroleo,Óleos brutos de petróleo,energia,5009496957,10115087798
2026-04-30,exportacao,27090010,oleos_brutos_petroleo,Óleos brutos de petróleo,energia,5116324272,8148992469
2026-05-31,exportacao,27090010,oleos_brutos_petroleo,Óleos brutos de petróleo,energia,3632605695,5429955351
2026-06-30,exportacao,27090010,oleos_brutos_petroleo,Óleos brutos de petróleo,energia,5722117993,8453060256
2026-07-31,exportacao,27090010,oleos_brutos_petroleo,Óleos brutos de petróleo,energia,4737463030,7674971451
2026-08-31,exportacao,27090010,oleos_brutos_petroleo,Óleos brutos de petróleo,energia,4828191084,8379911835
2020-01-31,importacao,27090010,oleos_brutos_petroleo,Óleos brutos de petróleo,energia,207990371,432290309
2020-02-29,importacao,27090010,oleos_brutos_petroleo,Óleos brutos de petróleo,energia,333210945,689099760
2020-03-31,importacao,27090010,oleos_brutos_petroleo,Óleos brutos de petróleo,energia,301306165,664246199
2020-04-30,importacao,27090010,oleos_brutos_petroleo,Óleos brutos de petróleo,energia,340394732,723401244
2020-05-31,importacao,27090010,oleos_brutos_petroleo,Óleos brutos de petróleo,energia,77926223,249201406
2020-06-30,importacao,27090010,oleos_brutos_petroleo,Óleos brutos de petróleo,energia,485468302,1401775250
2020-07-31,importacao,27090010,oleos_brutos_petroleo,Óleos brutos de petróleo,energia,259549172,556074796
2020-08-31,importacao,27090010,oleos_brutos_petroleo,Óleos brutos de petróleo,energia,86395749,283528174
2020-09-30,importacao,27090010,oleos_brutos_petroleo,Óleos brutos de petróleo,energia,87489456,257058813
2020-10-31,importacao,27090010,oleos_brutos_petroleo,Óleos brutos de petróleo,energia,98413669,300889711
2020-11-30,importacao,27090010,oleos_brutos_petroleo,Óleos brutos de petróleo,energia,190356078,626847111
2020-12-31,importacao,27090010,oleos_brutos_petroleo,Óleos brutos de petróleo,energia,145230711,454831966
2021-01-31,importacao,27090010,oleos_brutos_petroleo,Óleos brutos de petróleo,energia,96760569,191646679
2021-02-28,importacao,27090010,oleos_brutos_petroleo,Óleos brutos de petróleo,energia,217992635,595412866
2021-03-31,importacao,27090010,oleos_brutos_petroleo,Óleos brutos de petróleo,energia,247178152,545321653
2021-04-30,importacao,27090010,oleos_brutos_petroleo,Óleos brutos de petróleo,energia,424160511,955238555
2021-05-31,importacao,27090010,oleos_brutos_petroleo,Óleos brutos de petróleo,energia,494418836,1099582903
2021-06-30,importacao,27090010,oleos_brutos_petroleo,Óleos brutos de petróleo,energia,318442506,692715635
2021-07-31,importacao,27090010,oleos_brutos_petroleo,Óleos brutos de petróleo,energia,618138825,1219351652
2021-08-31,importacao,27090010,oleos_brutos_petroleo,Óleos brutos de petróleo,energia,277679781,447494027
2021-09-30,importacao,27090010,oleos_brutos_petroleo,Óleos brutos de petróleo,energia,355679818,629038226
2021-10-31,importacao,27090010,oleos_brutos_petroleo,Óleos brutos de petróleo,energia,276011205,522060949
2021-11-30,importacao,27090010,oleos_brutos_petroleo,Óleos brutos de petróleo,energia,367436479,644019588
2021-12-31,importacao,27090010,oleos_brutos_petroleo,Óleos brutos de petróleo,energia,301356337,507569501
2022-01-31,importacao,27090010,oleos_brutos_petroleo,Óleos brutos de petróleo,energia,536856773,877079680
2022-02-28,importacao,27090010,oleos_brutos_petroleo,Óleos brutos de petróleo,energia,482247666,782364633
2022-03-31,importacao,27090010,oleos_brutos_petroleo,Óleos brutos de petróleo,energia,762338310,1166958446
2022-04-30,importacao,27090010,oleos_brutos_petroleo,Óleos brutos de petróleo,energia,611789336,699876344
2022-05-31,importacao,27090010,oleos_brutos_petroleo,Óleos brutos de petróleo,energia,732948917,883333777
2022-06-30,importacao,27090010,oleos_brutos_petroleo,Óleos brutos de petróleo,energia,899636765,1129789420
2022-07-31,importacao,27090010,oleos_brutos_petroleo,Óleos brutos de petróleo,energia,771529207,931150477
2022-08-31,importacao,27090010,oleos_brutos_petroleo,Óleos brutos de petróleo,energia,795493494,964389537
2022-09-30,importacao,27090010,oleos_brutos_petroleo,Óleos brutos de petróleo,energia,1043765015,1385525347
2022-10-31,importacao,27090010,oleos_brutos_petroleo,Óleos brutos de petróleo,energia,1115473935,1573340282
2022-11-30,importacao,27090010,oleos_brutos_petroleo,Óleos brutos de petróleo,energia,970883023,1414141943
2022-12-31,importacao,27090010,oleos_brutos_petroleo,Óleos brutos de petróleo,energia,1191903365,1742216456
2023-01-31,importacao,27090010,oleos_brutos_petroleo,Óleos brutos de petróleo,energia,1011482402,1517662520
2023-02-28,importacao,27090010,oleos_brutos_petroleo,Óleos brutos de petróleo,energia,744307687,1203710872
2023-03-31,importacao,27090010,oleos_brutos_petroleo,Óleos brutos de petróleo,energia,695254886,1147415607
2023-04-30,importacao,27090010,oleos_brutos_petroleo,Óleos brutos de petróleo,energia,965078205,1572127373
2023-05-31,importacao,27090010,oleos_brutos_petroleo,Óleos brutos de petróleo,energia,729014055,1210367031
2023-06-30,importacao,27090010,oleos_brutos_petroleo,Óleos brutos de petróleo,energia,481607399,838834904
2023-07-31,importacao,27090010,oleos_brutos_petroleo,Óleos brutos de petróleo,energia,814150049,1385643598
2023-08-31,importacao,27090010,oleos_brutos_petroleo,Óleos brutos de petróleo,energia,754668325,1204368634
2023-09-30,importacao,27090010,oleos_brutos_petroleo,Óleos brutos de petróleo,energia,682324083,1031772617
2023-10-31,importacao,27090010,oleos_brutos_petroleo,Óleos brutos de petróleo,energia,1135465889,1632966921
2023-11-30,importacao,27090010,oleos_brutos_petroleo,Óleos brutos de petróleo,energia,625982841,927612381
2023-12-31,importacao,27090010,oleos_brutos_petroleo,Óleos brutos de petróleo,energia,419120331,644810799
2024-01-31,importacao,27090010,oleos_brutos_petroleo,Óleos brutos de petróleo,energia,613925609,1009174936
2024-02-29,importacao,27090010,oleos_brutos_petroleo,Óleos brutos de petróleo,energia,650660864,1055719619
2024-03-31,importacao,27090010,oleos_brutos_petroleo,Óleos brutos de petróleo,energia,803271361,1256403626
2024-04-30,importacao,27090010,oleos_brutos_petroleo,Óleos brutos de petróleo,energia,1093479360,1612716047
2024-05-31,importacao,27090010,oleos_brutos_petroleo,Óleos brutos de petróleo,energia,903197720,1366365813
2024-06-30,importacao,27090010,oleos_brutos_petroleo,Óleos brutos de petróleo,energia,657456051,1036803909
2024-07-31,importacao,27090010,oleos_brutos_petroleo,Óleos brutos de petróleo,energia,689018318,1082519049
2024-08-31,importacao,27090010,oleos_brutos_petroleo,Óleos brutos de petróleo,energia,599359392,924423729
2024-09-30,importacao,27090010,oleos_brutos_petroleo,Óleos brutos de petróleo,energia,717625525,1182171484
2024-10-31,importacao,27090010,oleos_brutos_petroleo,Óleos brutos de petróleo,energia,766124352,1338170088
2024-11-30,importacao,27090010,oleos_brutos_petroleo,Óleos brutos de petróleo,energia,789412860,1357202424
2024-12-31,importacao,27090010,oleos_brutos_petroleo,Óleos brutos de petróleo,energia,406678650,722982678
2025-01-31,importacao,27090010,oleos_brutos_petroleo,Óleos brutos de petróleo,energia,633572724,1096138456
2025-02-28,importacao,27090010,oleos_brutos_petroleo,Óleos brutos de petróleo,energia,473632518,777196251
2025-03-31,importacao,27090010,oleos_brutos_petroleo,Óleos brutos de petróleo,energia,602886781,1037035067
2025-04-30,importacao,27090010,oleos_brutos_petroleo,Óleos brutos de petróleo,energia,524959892,933335109
2025-05-31,importacao,27090010,oleos_brutos_petroleo,Óleos brutos de petróleo,energia,527925790,997602718
2025-06-30,importacao,27090010,oleos_brutos_petroleo,Óleos brutos de petróleo,energia,547737454,1067147023
2025-07-31,importacao,27090010,oleos_brutos_petroleo,Óleos brutos de petróleo,energia,535519313,981955812
2025-08-31,importacao,27090010,oleos_brutos_petroleo,Óleos brutos de petróleo,energia,778894109,1360539747
2025-09-30,importacao,27090010,oleos_brutos_petroleo,Óleos brutos de petróleo,energia,527996235,999569534
2025-10-31,importacao,27090010,oleos_brutos_petroleo,Óleos brutos de petróleo,energia,553722772,1067999456
2025-11-30,importacao,27090010,oleos_brutos_petroleo,Óleos brutos de petróleo,energia,488305399,974549664
2025-12-31,importacao,27090010,oleos_brutos_petroleo,Óleos brutos de petróleo,energia,416713641,853711240
2026-01-31,importacao,27090010,oleos_brutos_petroleo,Óleos brutos de petróleo,energia,319443181,683931605
2026-02-28,importacao,27090010,oleos_brutos_petroleo,Óleos brutos de petróleo,energia,492997700,995889272
2026-03-31,importacao,27090010,oleos_brutos_petroleo,Óleos brutos de petróleo,energia,724835429,1223000998
2026-04-30,importacao,27090010,oleos_brutos_petroleo,Óleos brutos de petróleo,energia,667934481,867908929
2026-05-31,importacao,27090010,oleos_brutos_petroleo,Óleos brutos de petróleo,energia,346085097,430988678
2026-06-30,importacao,27090010,oleos_brutos_petroleo,Óleos brutos de petróleo,energia,765186840,910582185
2026-07-31,importacao,27090010,oleos_brutos_petroleo,Óleos brutos de petróleo,energia,736291615,1020215096
2026-08-31,importacao,27090010,oleos_brutos_petroleo,Óleos brutos de petróleo,energia,547298813,797225701
2020-01-31,exportacao,27101922,fuel_oil,Fuel oil,energia,401663716,955961547
2020-02-29,exportacao,27101922,fuel_oil,Fuel oil,energia,404649679,1059454064
2020-03-31,exportacao,27101922,fuel_oil,Fuel oil,energia,402851250,1553966166
2020-04-30,exportacao,27101922,fuel_oil,Fuel oil,energia,239084398,943922605
2020-05-31,exportacao,27101922,fuel_oil,Fuel oil,energia,239883718,1103585848
2020-06-30,exportacao,27101922,fuel_oil,Fuel oil,energia,251780918,1099502191
2020-07-31,exportacao,27101922,fuel_oil,Fuel oil,energia,333827181,1217306650
2020-08-31,exportacao,27101922,fuel_oil,Fuel oil,energia,235528363,749144033
2020-09-30,exportacao,27101922,fuel_oil,Fuel oil,energia,166197100,535600388
2020-10-31,exportacao,27101922,fuel_oil,Fuel oil,energia,157717221,516047889
2020-11-30,exportacao,27101922,fuel_oil,Fuel oil,energia,318371906,1046788196
2020-12-31,exportacao,27101922,fuel_oil,Fuel oil,energia,544410025,1733720242
2021-01-31,exportacao,27101922,fuel_oil,Fuel oil,energia,317434287,869757140
2021-02-28,exportacao,27101922,fuel_oil,Fuel oil,energia,131614024,281383707
2021-03-31,exportacao,27101922,fuel_oil,Fuel oil,energia,299882905,669959654
2021-04-30,exportacao,27101922,fuel_oil,Fuel oil,energia,656468163,1468443796
2021-05-31,exportacao,27101922,fuel_oil,Fuel oil,energia,670162340,1557631146
2021-06-30,exportacao,27101922,fuel_oil,Fuel oil,energia,408767192,866169502
2021-07-31,exportacao,27101922,fuel_oil,Fuel oil,energia,656397056,1348171445
2021-08-31,exportacao,27101922,fuel_oil,Fuel oil,energia,445751078,894118447
2021-09-30,exportacao,27101922,fuel_oil,Fuel oil,energia,402091060,773653721
2021-10-31,exportacao,27101922,fuel_oil,Fuel oil,energia,575260517,1031374964
2021-11-30,exportacao,27101922,fuel_oil,Fuel oil,energia,400733625,721744923
2021-12-31,exportacao,27101922,fuel_oil,Fuel oil,energia,512576695,920514619
2022-01-31,exportacao,27101922,fuel_oil,Fuel oil,energia,810052482,1410665351
2022-02-28,exportacao,27101922,fuel_oil,Fuel oil,energia,761441157,1128069946
2022-03-31,exportacao,27101922,fuel_oil,Fuel oil,energia,893624733,1199420461
2022-04-30,exportacao,27101922,fuel_oil,Fuel oil,energia,1074064642,1371361449
2022-05-31,exportacao,27101922,fuel_oil,Fuel oil,energia,644806980,791128652
2022-06-30,exportacao,27101922,fuel_oil,Fuel oil,energia,1125398610,1208925091
2022-07-31,exportacao,27101922,fuel_oil,Fuel oil,energia,1232889514,1380213917
2022-08-31,exportacao,27101922,fuel_oil,Fuel oil,energia,761849755,1026018477
2022-09-30,exportacao,27101922,fuel_oil,Fuel oil,energia,655858575,932376878
2022-10-31,exportacao,27101922,fuel_oil,Fuel oil,energia,711626268,1141763241
2022-11-30,exportacao,27101922,fuel_oil,Fuel oil,energia,1128005933,1840960015
2022-12-31,exportacao,27101922,fuel_oil,Fuel oil,energia,519945587,977315197
2023-01-31,exportacao,27101922,fuel_oil,Fuel oil,energia,854701277,1571581155
2023-02-28,exportacao,27101922,fuel_oil,Fuel oil,energia,612215539,1115872646
2023-03-31,exportacao,27101922,fuel_oil,Fuel oil,energia,463100833,885129930
2023-04-30,exportacao,27101922,fuel_oil,Fuel oil,energia,461929054,830461580
2023-05-31,exportacao,27101922,fuel_oil,Fuel oil,energia,1131998054,2231028346
2023-06-30,exportacao,27101922,fuel_oil,Fuel oil,energia,428240245,792237512
2023-07-31,exportacao,27101922,fuel_oil,Fuel oil,energia,682649104,1355266992
2023-08-31,exportacao,27101922,fuel_oil,Fuel oil,energia,692611152,1288668361
2023-09-30,exportacao,27101922,fuel_oil,Fuel oil,energia,597299320,988404719
2023-10-31,exportacao,27101922,fuel_oil,Fuel oil,energia,774403847,1270249251
2023-11-30,exportacao,27101922,fuel_oil,Fuel oil,energia,389357274,611726216
2023-12-31,exportacao,27101922,fuel_oil,Fuel oil,energia,466730115,750740443
2024-01-31,exportacao,27101922,fuel_oil,Fuel oil,energia,820688509,1513390867
2024-02-29,exportacao,27101922,fuel_oil,Fuel oil,energia,530798502,967796573
2024-03-31,exportacao,27101922,fuel_oil,Fuel oil,energia,542057511,988291091
2024-04-30,exportacao,27101922,fuel_oil,Fuel oil,energia,934720088,1649894468
2024-05-31,exportacao,27101922,fuel_oil,Fuel oil,energia,680730993,1117647631
2024-06-30,exportacao,27101922,fuel_oil,Fuel oil,energia,558502758,1000800792
2024-07-31,exportacao,27101922,fuel_oil,Fuel oil,energia,400722373,713001701
2024-08-31,exportacao,27101922,fuel_oil,Fuel oil,energia,752323374,1374140483
2024-09-30,exportacao,27101922,fuel_oil,Fuel oil,energia,525690472,974789968
2024-10-31,exportacao,27101922,fuel_oil,Fuel oil,energia,668255286,1292202097
2024-11-30,exportacao,27101922,fuel_oil,Fuel oil,energia,499081410,932177375
2024-12-31,exportacao,27101922,fuel_oil,Fuel oil,energia,461575369,906386181
2025-01-31,exportacao,27101922,fuel_oil,Fuel oil,energia,619527202,1223607357
2025-02-28,exportacao,27101922,fuel_oil,Fuel oil,energia,680987576,1349216536
2025-03-31,exportacao,27101922,fuel_oil,Fuel oil,energia,543527103,1104015504
2025-04-30,exportacao,27101922,fuel_oil,Fuel oil,energia,708937495,1534021133
2025-05-31,exportacao,27101922,fuel_oil,Fuel oil,energia,475746173,1030821148
2025-06-30,exportacao,27101922,fuel_oil,Fuel oil,energia,617749773,1293500880
2025-07-31,exportacao,27101922,fuel_oil,Fuel oil,energia,556504700,1136669000
2025-08-31,exportacao,27101922,fuel_oil,Fuel oil,energia,673631658,1446459276
2025-09-30,exportacao,27101922,fuel_oil,Fuel oil,energia,556723483,1229983310
2025-10-31,exportacao,27101922,fuel_oil,Fuel oil,energia,396380363,904112261
2025-11-30,exportacao,27101922,fuel_oil,Fuel oil,energia,504562161,1195722360
2025-12-31,exportacao,27101922,fuel_oil,Fuel oil,energia,672319663,1578000432
2026-01-31,exportacao,27101922,fuel_oil,Fuel oil,energia,473076997,1109146007
2026-02-28,exportacao,27101922,fuel_oil,Fuel oil,energia,597018992,1010602233
2026-03-31,exportacao,27101922,fuel_oil,Fuel oil,energia,936406804,1673531500
2026-04-30,exportacao,27101922,fuel_oil,Fuel oil,energia,941665683,1385212710
2026-05-31,exportacao,27101922,fuel_oil,Fuel oil,energia,626892212,953425998
2026-06-30,exportacao,27101922,fuel_oil,Fuel oil,energia,878000457,1353692378
2026-07-31,exportacao,27101922,fuel_oil,Fuel oil,energia,589861744,959864111
2026-08-31,exportacao,27101922,fuel_oil,Fuel oil,energia,893582419,1438094595
2020-12-31,importacao,27101922,fuel_oil,Fuel oil,energia,13124930,40054409
2021-08-31,importacao,27101922,fuel_oil,Fuel oil,energia,50718929,104382520
2021-09-30,importacao,27101922,fuel_oil,Fuel oil,energia,74001330,147378059
2021-10-31,importacao,27101922,fuel_oil,Fuel oil,energia,41258664,81105059
2021-11-30,importacao,27101922,fuel_oil,Fuel oil,energia,19004198,37552587
2021-12-31,importacao,27101922,fuel_oil,Fuel oil,energia,101827367,194976716
2022-04-30,importacao,27101922,fuel_oil,Fuel oil,energia,10742968,20101706
2022-05-31,importacao,27101922,fuel_oil,Fuel oil,energia,18570416,34765531
2022-07-31,importacao,27101922,fuel_oil,Fuel oil,energia,31535618,54988555
2022-10-31,importacao,27101922,fuel_oil,Fuel oil,energia,21665628,39943429
2022-12-31,importacao,27101922,fuel_oil,Fuel oil,energia,7435087,15045393
2023-01-31,importacao,27101922,fuel_oil,Fuel oil,energia,12356756,25004717
2023-02-28,importacao,27101922,fuel_oil,Fuel oil,energia,4517229,10000000
2023-03-31,importacao,27101922,fuel_oil,Fuel oil,energia,13522979,29936449
2023-11-30,importacao,27101922,fuel_oil,Fuel oil,energia,1681988,3000000
2023-12-31,importacao,27101922,fuel_oil,Fuel oil,energia,1637989,3000000
2024-05-31,importacao,27101922,fuel_oil,Fuel oil,energia,1750806,3000000
2024-06-30,importacao,27101922,fuel_oil,Fuel oil,energia,33875,60420
2024-07-31,importacao,27101922,fuel_oil,Fuel oil,energia,6647838,16555508
2024-08-31,importacao,27101922,fuel_oil,Fuel oil,energia,4660540,8000000
2024-09-30,importacao,27101922,fuel_oil,Fuel oil,energia,1182685,2000000
2024-10-31,importacao,27101922,fuel_oil,Fuel oil,energia,1703191,3000000
2024-11-30,importacao,27101922,fuel_oil,Fuel oil,energia,10005396,18000000
2024-12-31,importacao,27101922,fuel_oil,Fuel oil,energia,4855138,8778000
2025-01-31,importacao,27101922,fuel_oil,Fuel oil,energia,2381266,4014789
2025-02-28,importacao,27101922,fuel_oil,Fuel oil,energia,11413131,21452883
2025-03-31,importacao,27101922,fuel_oil,Fuel oil,energia,6354014,12078248
2025-04-30,importacao,27101922,fuel_oil,Fuel oil,energia,3905333,8000000
2025-05-31,importacao,27101922,fuel_oil,Fuel oil,energia,10047914,22662893
2025-06-30,importacao,27101922,fuel_oil,Fuel oil,energia,6326647,12000000
2025-07-31,importacao,27101922,fuel_oil,Fuel oil,energia,23866739,48040056
2025-08-31,importacao,27101922,fuel_oil,Fuel oil,energia,11382800,25556275
2025-09-30,importacao,27101922,fuel_oil,Fuel oil,energia,10449128,24497197
2025-10-31,importacao,27101922,fuel_oil,Fuel oil,energia,1759033,4000000
2025-11-30,importacao,27101922,fuel_oil,Fuel oil,energia,7341439,18100113
2025-12-31,importacao,27101922,fuel_oil,Fuel oil,energia,5663056,14499577
2026-01-31,importacao,27101922,fuel_oil,Fuel oil,energia,2397723,6000000
2026-02-28,importacao,27101922,fuel_oil,Fuel oil,energia,4249876,9491032
2026-03-31,importacao,27101922,fuel_oil,Fuel oil,energia,6126004,8000000
2026-04-30,importacao,27101922,fuel_oil,Fuel oil,energia,4942088,6000000
2026-05-31,importacao,27101922,fuel_oil,Fuel oil,energia,7841601,9474399
2026-06-30,importacao,27101922,fuel_oil,Fuel oil,energia,3372046,4350000
2026-07-31,importacao,27101922,fuel_oil,Fuel oil,energia,60,24
2020-01-31,exportacao,47032900,celulose_nao_coniferas,"Pastas químicas de madeira, à soda ou ao sulfato, exceto pastas para dissolução, semibranqueadas ou branqueadas, de não coníferas",celulose,488810441,1351894846
2020-02-29,exportacao,47032900,celulose_nao_coniferas,"Pastas químicas de madeira, à soda ou ao sulfato, exceto pastas para dissolução, semibranqueadas ou branqueadas, de não coníferas",celulose,385341945,1021432630
2020-03-31,exportacao,47032900,celulose_nao_coniferas,"Pastas químicas de madeira, à soda ou ao sulfato, exceto pastas para dissolução, semibranqueadas ou branqueadas, de não coníferas",celulose,521172140,1285635485
2020-04-30,exportacao,47032900,celulose_nao_coniferas,"Pastas químicas de madeira, à soda ou ao sulfato, exceto pastas para dissolução, semibranqueadas ou branqueadas, de não coníferas",celulose,448281369,1145319247
2020-05-31,exportacao,47032900,celulose_nao_coniferas,"Pastas químicas de madeira, à soda ou ao sulfato, exceto pastas para dissolução, semibranqueadas ou branqueadas, de não coníferas",celulose,544086967,1434443890
2020-06-30,exportacao,47032900,celulose_nao_coniferas,"Pastas químicas de madeira, à soda ou ao sulfato, exceto pastas para dissolução, semibranqueadas ou branqueadas, de não coníferas",celulose,529588108,1462371507
2020-07-31,exportacao,47032900,celulose_nao_coniferas,"Pastas químicas de madeira, à soda ou ao sulfato, exceto pastas para dissolução, semibranqueadas ou branqueadas, de não coníferas",celulose,441115081,1368889448
2020-08-31,exportacao,47032900,celulose_nao_coniferas,"Pastas químicas de madeira, à soda ou ao sulfato, exceto pastas para dissolução, semibranqueadas ou branqueadas, de não coníferas",celulose,394172942,1204736967
2020-09-30,exportacao,47032900,celulose_nao_coniferas,"Pastas químicas de madeira, à soda ou ao sulfato, exceto pastas para dissolução, semibranqueadas ou branqueadas, de não coníferas",celulose,425670648,1101417646
2020-10-31,exportacao,47032900,celulose_nao_coniferas,"Pastas químicas de madeira, à soda ou ao sulfato, exceto pastas para dissolução, semibranqueadas ou branqueadas, de não coníferas",celulose,511010404,1379168149
2020-11-30,exportacao,47032900,celulose_nao_coniferas,"Pastas químicas de madeira, à soda ou ao sulfato, exceto pastas para dissolução, semibranqueadas ou branqueadas, de não coníferas",celulose,510905313,1409841387
2020-12-31,exportacao,47032900,celulose_nao_coniferas,"Pastas químicas de madeira, à soda ou ao sulfato, exceto pastas para dissolução, semibranqueadas ou branqueadas, de não coníferas",celulose,370930142,1232039006
2021-01-31,exportacao,47032900,celulose_nao_coniferas,"Pastas químicas de madeira, à soda ou ao sulfato, exceto pastas para dissolução, semibranqueadas ou branqueadas, de não coníferas",celulose,358712997,1162700364
2021-02-28,exportacao,47032900,celulose_nao_coniferas,"Pastas químicas de madeira, à soda ou ao sulfato, exceto pastas para dissolução, semibranqueadas ou branqueadas, de não coníferas",celulose,345884223,1073200173
2021-03-31,exportacao,47032900,celulose_nao_coniferas,"Pastas químicas de madeira, à soda ou ao sulfato, exceto pastas para dissolução, semibranqueadas ou branqueadas, de não coníferas",celulose,497981382,1383705661
2021-04-30,exportacao,47032900,celulose_nao_coniferas,"Pastas químicas de madeira, à soda ou ao sulfato, exceto pastas para dissolução, semibranqueadas ou branqueadas, de não coníferas",celulose,582180207,1395019189
2021-05-31,exportacao,47032900,celulose_nao_coniferas,"Pastas químicas de madeira, à soda ou ao sulfato, exceto pastas para dissolução, semibranqueadas ou branqueadas, de não coníferas",celulose,590006366,1376651524
2021-06-30,exportacao,47032900,celulose_nao_coniferas,"Pastas químicas de madeira, à soda ou ao sulfato, exceto pastas para dissolução, semibranqueadas ou branqueadas, de não coníferas",celulose,530549060,1269455234
2021-07-31,exportacao,47032900,celulose_nao_coniferas,"Pastas químicas de madeira, à soda ou ao sulfato, exceto pastas para dissolução, semibranqueadas ou branqueadas, de não coníferas",celulose,565366525,1361174587
2021-08-31,exportacao,47032900,celulose_nao_coniferas,"Pastas químicas de madeira, à soda ou ao sulfato, exceto pastas para dissolução, semibranqueadas ou branqueadas, de não coníferas",celulose,568215715,1270773899
2021-09-30,exportacao,47032900,celulose_nao_coniferas,"Pastas químicas de madeira, à soda ou ao sulfato, exceto pastas para dissolução, semibranqueadas ou branqueadas, de não coníferas",celulose,467653777,1047888467
2021-10-31,exportacao,47032900,celulose_nao_coniferas,"Pastas químicas de madeira, à soda ou ao sulfato, exceto pastas para dissolução, semibranqueadas ou branqueadas, de não coníferas",celulose,524286561,1176225962
2021-11-30,exportacao,47032900,celulose_nao_coniferas,"Pastas químicas de madeira, à soda ou ao sulfato, exceto pastas para dissolução, semibranqueadas ou branqueadas, de não coníferas",celulose,567471485,1364144631
2021-12-31,exportacao,47032900,celulose_nao_coniferas,"Pastas químicas de madeira, à soda ou ao sulfato, exceto pastas para dissolução, semibranqueadas ou branqueadas, de não coníferas",celulose,630631087,1587213434
2022-01-31,exportacao,47032900,celulose_nao_coniferas,"Pastas químicas de madeira, à soda ou ao sulfato, exceto pastas para dissolução, semibranqueadas ou branqueadas, de não coníferas",celulose,568064110,1546601625
2022-02-28,exportacao,47032900,celulose_nao_coniferas,"Pastas químicas de madeira, à soda ou ao sulfato, exceto pastas para dissolução, semibranqueadas ou branqueadas, de não coníferas",celulose,406331441,1086713427
2022-03-31,exportacao,47032900,celulose_nao_coniferas,"Pastas químicas de madeira, à soda ou ao sulfato, exceto pastas para dissolução, semibranqueadas ou branqueadas, de não coníferas",celulose,604886532,1504284274
2022-04-30,exportacao,47032900,celulose_nao_coniferas,"Pastas químicas de madeira, à soda ou ao sulfato, exceto pastas para dissolução, semibranqueadas ou branqueadas, de não coníferas",celulose,687128133,1646497676
2022-05-31,exportacao,47032900,celulose_nao_coniferas,"Pastas químicas de madeira, à soda ou ao sulfato, exceto pastas para dissolução, semibranqueadas ou branqueadas, de não coníferas",celulose,701254541,1697429779
2022-06-30,exportacao,47032900,celulose_nao_coniferas,"Pastas químicas de madeira, à soda ou ao sulfato, exceto pastas para dissolução, semibranqueadas ou branqueadas, de não coníferas",celulose,585012584,1386434856
2022-07-31,exportacao,47032900,celulose_nao_coniferas,"Pastas químicas de madeira, à soda ou ao sulfato, exceto pastas para dissolução, semibranqueadas ou branqueadas, de não coníferas",celulose,618719572,1608186678
2022-08-31,exportacao,47032900,celulose_nao_coniferas,"Pastas químicas de madeira, à soda ou ao sulfato, exceto pastas para dissolução, semibranqueadas ou branqueadas, de não coníferas",celulose,635624281,1503195410
2022-09-30,exportacao,47032900,celulose_nao_coniferas,"Pastas químicas de madeira, à soda ou ao sulfato, exceto pastas para dissolução, semibranqueadas ou branqueadas, de não coníferas",celulose,803184314,1985616720
2022-10-31,exportacao,47032900,celulose_nao_coniferas,"Pastas químicas de madeira, à soda ou ao sulfato, exceto pastas para dissolução, semibranqueadas ou branqueadas, de não coníferas",celulose,761143107,1862279368
2022-11-30,exportacao,47032900,celulose_nao_coniferas,"Pastas químicas de madeira, à soda ou ao sulfato, exceto pastas para dissolução, semibranqueadas ou branqueadas, de não coníferas",celulose,687767960,1606139616
2022-12-31,exportacao,47032900,celulose_nao_coniferas,"Pastas químicas de madeira, à soda ou ao sulfato, exceto pastas para dissolução, semibranqueadas ou branqueadas, de não coníferas",celulose,618594435,1462775094
2023-01-31,exportacao,47032900,celulose_nao_coniferas,"Pastas químicas de madeira, à soda ou ao sulfato, exceto pastas para dissolução, semibranqueadas ou branqueadas, de não coníferas",celulose,688061359,1625233590
2023-02-28,exportacao,47032900,celulose_nao_coniferas,"Pastas químicas de madeira, à soda ou ao sulfato, exceto pastas para dissolução, semibranqueadas ou branqueadas, de não coníferas",celulose,607970626,1431510377
2023-03-31,exportacao,47032900,celulose_nao_coniferas,"Pastas químicas de madeira, à soda ou ao sulfato, exceto pastas para dissolução, semibranqueadas ou branqueadas, de não coníferas",celulose,685851036,1611164553
2023-04-30,exportacao,47032900,celulose_nao_coniferas,"Pastas químicas de madeira, à soda ou ao sulfato, exceto pastas para dissolução, semibranqueadas ou branqueadas, de não coníferas",celulose,583053021,1469686099
2023-05-31,exportacao,47032900,celulose_nao_coniferas,"Pastas químicas de madeira, à soda ou ao sulfato, exceto pastas para dissolução, semibranqueadas ou branqueadas, de não coníferas",celulose,561127296,1465197743
2023-06-30,exportacao,47032900,celulose_nao_coniferas,"Pastas químicas de madeira, à soda ou ao sulfato, exceto pastas para dissolução, semibranqueadas ou branqueadas, de não coníferas",celulose,544595038,1414748605
2023-07-31,exportacao,47032900,celulose_nao_coniferas,"Pastas químicas de madeira, à soda ou ao sulfato, exceto pastas para dissolução, semibranqueadas ou branqueadas, de não coníferas",celulose,620829091,1677559695
2023-08-31,exportacao,47032900,celulose_nao_coniferas,"Pastas químicas de madeira, à soda ou ao sulfato, exceto pastas para dissolução, semibranqueadas ou branqueadas, de não coníferas",celulose,466697796,1259558770
2023-09-30,exportacao,47032900,celulose_nao_coniferas,"Pastas químicas de madeira, à soda ou ao sulfato, exceto pastas para dissolução, semibranqueadas ou branqueadas, de não coníferas",celulose,546424552,1528359186
2023-10-31,exportacao,47032900,celulose_nao_coniferas,"Pastas químicas de madeira, à soda ou ao sulfato, exceto pastas para dissolução, semibranqueadas ou branqueadas, de não coníferas",celulose,464210775,1259456492
2023-11-30,exportacao,47032900,celulose_nao_coniferas,"Pastas químicas de madeira, à soda ou ao sulfato, exceto pastas para dissolução, semibranqueadas ou branqueadas, de não coníferas",celulose,600124174,1444520713
2023-12-31,exportacao,47032900,celulose_nao_coniferas,"Pastas químicas de madeira, à soda ou ao sulfato, exceto pastas para dissolução, semibranqueadas ou branqueadas, de não coníferas",celulose,624530148,1637955787
2024-01-31,exportacao,47032900,celulose_nao_coniferas,"Pastas químicas de madeira, à soda ou ao sulfato, exceto pastas para dissolução, semibranqueadas ou branqueadas, de não coníferas",celulose,642728913,1590420556
2024-02-29,exportacao,47032900,celulose_nao_coniferas,"Pastas químicas de madeira, à soda ou ao sulfato, exceto pastas para dissolução, semibranqueadas ou branqueadas, de não coníferas",celulose,662936818,1524228818
2024-03-31,exportacao,47032900,celulose_nao_coniferas,"Pastas químicas de madeira, à soda ou ao sulfato, exceto pastas para dissolução, semibranqueadas ou branqueadas, de não coníferas",celulose,698511825,1520355445
2024-04-30,exportacao,47032900,celulose_nao_coniferas,"Pastas químicas de madeira, à soda ou ao sulfato, exceto pastas para dissolução, semibranqueadas ou branqueadas, de não coníferas",celulose,764541809,1603436471
2024-05-31,exportacao,47032900,celulose_nao_coniferas,"Pastas químicas de madeira, à soda ou ao sulfato, exceto pastas para dissolução, semibranqueadas ou branqueadas, de não coníferas",celulose,808205759,1528740683
2024-06-30,exportacao,47032900,celulose_nao_coniferas,"Pastas químicas de madeira, à soda ou ao sulfato, exceto pastas para dissolução, semibranqueadas ou branqueadas, de não coníferas",celulose,895500470,1574028160
2024-07-31,exportacao,47032900,celulose_nao_coniferas,"Pastas químicas de madeira, à soda ou ao sulfato, exceto pastas para dissolução, semibranqueadas ou branqueadas, de não coníferas",celulose,963275240,1607286637
2024-08-31,exportacao,47032900,celulose_nao_coniferas,"Pastas químicas de madeira, à soda ou ao sulfato, exceto pastas para dissolução, semibranqueadas ou branqueadas, de não coníferas",celulose,678927401,1107684190
2024-09-30,exportacao,47032900,celulose_nao_coniferas,"Pastas químicas de madeira, à soda ou ao sulfato, exceto pastas para dissolução, semibranqueadas ou branqueadas, de não coníferas",celulose,906176532,1495947091
2024-10-31,exportacao,47032900,celulose_nao_coniferas,"Pastas químicas de madeira, à soda ou ao sulfato, exceto pastas para dissolução, semibranqueadas ou branqueadas, de não coníferas",celulose,902953163,1665833512
2024-11-30,exportacao,47032900,celulose_nao_coniferas,"Pastas químicas de madeira, à soda ou ao sulfato, exceto pastas para dissolução, semibranqueadas ou branqueadas, de não coníferas",celulose,786690024,1513919492
2024-12-31,exportacao,47032900,celulose_nao_coniferas,"Pastas químicas de madeira, à soda ou ao sulfato, exceto pastas para dissolução, semibranqueadas ou branqueadas, de não coníferas",celulose,841411807,1590221431
2025-01-31,exportacao,47032900,celulose_nao_coniferas,"Pastas químicas de madeira, à soda ou ao sulfato, exceto pastas para dissolução, semibranqueadas ou branqueadas, de não coníferas",celulose,934768361,1947680684
2025-02-28,exportacao,47032900,celulose_nao_coniferas,"Pastas químicas de madeira, à soda ou ao sulfato, exceto pastas para dissolução, semibranqueadas ou branqueadas, de não coníferas",celulose,642707950,1416849957
2025-03-31,exportacao,47032900,celulose_nao_coniferas,"Pastas químicas de madeira, à soda ou ao sulfato, exceto pastas para dissolução, semibranqueadas ou branqueadas, de não coníferas",celulose,884792643,1927058071
2025-04-30,exportacao,47032900,celulose_nao_coniferas,"Pastas químicas de madeira, à soda ou ao sulfato, exceto pastas para dissolução, semibranqueadas ou branqueadas, de não coníferas",celulose,627312104,1336699893
2025-05-31,exportacao,47032900,celulose_nao_coniferas,"Pastas químicas de madeira, à soda ou ao sulfato, exceto pastas para dissolução, semibranqueadas ou branqueadas, de não coníferas",celulose,856786322,1930016645
2025-06-30,exportacao,47032900,celulose_nao_coniferas,"Pastas químicas de madeira, à soda ou ao sulfato, exceto pastas para dissolução, semibranqueadas ou branqueadas, de não coníferas",celulose,769046062,1802366031
2025-07-31,exportacao,47032900,celulose_nao_coniferas,"Pastas químicas de madeira, à soda ou ao sulfato, exceto pastas para dissolução, semibranqueadas ou branqueadas, de não coníferas",celulose,736333935,1791636588
2025-08-31,exportacao,47032900,celulose_nao_coniferas,"Pastas químicas de madeira, à soda ou ao sulfato, exceto pastas para dissolução, semibranqueadas ou branqueadas, de não coníferas",celulose,627417462,1575646693
2025-09-30,exportacao,47032900,celulose_nao_coniferas,"Pastas químicas de madeira, à soda ou ao sulfato, exceto pastas para dissolução, semibranqueadas ou branqueadas, de não coníferas",celulose,664572734,1718774672
2025-10-31,exportacao,47032900,celulose_nao_coniferas,"Pastas químicas de madeira, à soda ou ao sulfato, exceto pastas para dissolução, semibranqueadas ou branqueadas, de não coníferas",celulose,709937954,1682742406
2025-11-30,exportacao,47032900,celulose_nao_coniferas,"Pastas químicas de madeira, à soda ou ao sulfato, exceto pastas para dissolução, semibranqueadas ou branqueadas, de não coníferas",celulose,735187352,1620558177
2025-12-31,exportacao,47032900,celulose_nao_coniferas,"Pastas químicas de madeira, à soda ou ao sulfato, exceto pastas para dissolução, semibranqueadas ou branqueadas, de não coníferas",celulose,750255632,1662244059
2026-01-31,exportacao,47032900,celulose_nao_coniferas,"Pastas químicas de madeira, à soda ou ao sulfato, exceto pastas para dissolução, semibranqueadas ou branqueadas, de não coníferas",celulose,800477867,1704088618
2026-02-28,exportacao,47032900,celulose_nao_coniferas,"Pastas químicas de madeira, à soda ou ao sulfato, exceto pastas para dissolução, semibranqueadas ou branqueadas, de não coníferas",celulose,730034161,1561280934
2026-03-31,exportacao,47032900,celulose_nao_coniferas,"Pastas químicas de madeira, à soda ou ao sulfato, exceto pastas para dissolução, semibranqueadas ou branqueadas, de não coníferas",celulose,687560581,1464857437
2026-04-30,exportacao,47032900,celulose_nao_coniferas,"Pastas químicas de madeira, à soda ou ao sulfato, exceto pastas para dissolução, semibranqueadas ou branqueadas, de não coníferas",celulose,676242194,1441275578
2026-05-31,exportacao,47032900,celulose_nao_coniferas,"Pastas químicas de madeira, à soda ou ao sulfato, exceto pastas para dissolução, semibranqueadas ou branqueadas, de não coníferas",celulose,684348809,1440148007
2026-06-30,exportacao,47032900,celulose_nao_coniferas,"Pastas químicas de madeira, à soda ou ao sulfato, exceto pastas para dissolução, semibranqueadas ou branqueadas, de não coníferas",celulose,818149165,1661442904
2026-07-31,exportacao,47032900,celulose_nao_coniferas,"Pastas químicas de madeira, à soda ou ao sulfato, exceto pastas para dissolução, semibranqueadas ou branqueadas, de não coníferas",celulose,904164745,1733908493
2026-08-31,exportacao,47032900,celulose_nao_coniferas,"Pastas químicas de madeira, à soda ou ao sulfato, exceto pastas para dissolução, semibranqueadas ou branqueadas, de não coníferas",celulose,748163251,1412673002
2020-01-31,importacao,47032900,celulose_nao_coniferas,"Pastas químicas de madeira, à soda ou ao sulfato, exceto pastas para dissolução, semibranqueadas ou branqueadas, de não coníferas",celulose,23393,40720
2020-03-31,importacao,47032900,celulose_nao_coniferas,"Pastas químicas de madeira, à soda ou ao sulfato, exceto pastas para dissolução, semibranqueadas ou branqueadas, de não coníferas",celulose,12446,20480
2020-04-30,importacao,47032900,celulose_nao_coniferas,"Pastas químicas de madeira, à soda ou ao sulfato, exceto pastas para dissolução, semibranqueadas ou branqueadas, de não coníferas",celulose,29042,60480
2020-06-30,importacao,47032900,celulose_nao_coniferas,"Pastas químicas de madeira, à soda ou ao sulfato, exceto pastas para dissolução, semibranqueadas ou branqueadas, de não coníferas",celulose,20000,40320
2020-08-31,importacao,47032900,celulose_nao_coniferas,"Pastas químicas de madeira, à soda ou ao sulfato, exceto pastas para dissolução, semibranqueadas ou branqueadas, de não coníferas",celulose,12661,20400
2020-10-31,importacao,47032900,celulose_nao_coniferas,"Pastas químicas de madeira, à soda ou ao sulfato, exceto pastas para dissolução, semibranqueadas ou branqueadas, de não coníferas",celulose,13281,20480
2020-11-30,importacao,47032900,celulose_nao_coniferas,"Pastas químicas de madeira, à soda ou ao sulfato, exceto pastas para dissolução, semibranqueadas ou branqueadas, de não coníferas",celulose,10480,20160
2020-12-31,importacao,47032900,celulose_nao_coniferas,"Pastas químicas de madeira, à soda ou ao sulfato, exceto pastas para dissolução, semibranqueadas ou branqueadas, de não coníferas",celulose,24894,40720
2021-01-31,importacao,47032900,celulose_nao_coniferas,"Pastas químicas de madeira, à soda ou ao sulfato, exceto pastas para dissolução, semibranqueadas ou branqueadas, de não coníferas",celulose,7170,26213
2021-03-31,importacao,47032900,celulose_nao_coniferas,"Pastas químicas de madeira, à soda ou ao sulfato, exceto pastas para dissolução, semibranqueadas ou branqueadas, de não coníferas",celulose,29701,69184
2021-04-30,importacao,47032900,celulose_nao_coniferas,"Pastas químicas de madeira, à soda ou ao sulfato, exceto pastas para dissolução, semibranqueadas ou branqueadas, de não coníferas",celulose,35531,60880
2021-05-31,importacao,47032900,celulose_nao_coniferas,"Pastas químicas de madeira, à soda ou ao sulfato, exceto pastas para dissolução, semibranqueadas ou branqueadas, de não coníferas",celulose,10796,20160
2021-06-30,importacao,47032900,celulose_nao_coniferas,"Pastas químicas de madeira, à soda ou ao sulfato, exceto pastas para dissolução, semibranqueadas ou branqueadas, de não coníferas",celulose,47944,99903
2021-07-31,importacao,47032900,celulose_nao_coniferas,"Pastas químicas de madeira, à soda ou ao sulfato, exceto pastas para dissolução, semibranqueadas ou branqueadas, de não coníferas",celulose,20589,39480
2021-08-31,importacao,47032900,celulose_nao_coniferas,"Pastas químicas de madeira, à soda ou ao sulfato, exceto pastas para dissolução, semibranqueadas ou branqueadas, de não coníferas",celulose,10353,20160
2021-09-30,importacao,47032900,celulose_nao_coniferas,"Pastas químicas de madeira, à soda ou ao sulfato, exceto pastas para dissolução, semibranqueadas ou branqueadas, de não coníferas",celulose,21052,40320
2021-11-30,importacao,47032900,celulose_nao_coniferas,"Pastas químicas de madeira, à soda ou ao sulfato, exceto pastas para dissolução, semibranqueadas ou branqueadas, de não coníferas",celulose,204418,279030
2021-12-31,importacao,47032900,celulose_nao_coniferas,"Pastas químicas de madeira, à soda ou ao sulfato, exceto pastas para dissolução, semibranqueadas ou branqueadas, de não coníferas",celulose,21222,44000
2022-01-31,importacao,47032900,celulose_nao_coniferas,"Pastas químicas de madeira, à soda ou ao sulfato, exceto pastas para dissolução, semibranqueadas ou branqueadas, de não coníferas",celulose,21937,40500
2022-02-28,importacao,47032900,celulose_nao_coniferas,"Pastas químicas de madeira, à soda ou ao sulfato, exceto pastas para dissolução, semibranqueadas ou branqueadas, de não coníferas",celulose,50722,92181
2022-04-30,importacao,47032900,celulose_nao_coniferas,"Pastas químicas de madeira, à soda ou ao sulfato, exceto pastas para dissolução, semibranqueadas ou branqueadas, de não coníferas",celulose,20882,40320
2022-05-31,importacao,47032900,celulose_nao_coniferas,"Pastas químicas de madeira, à soda ou ao sulfato, exceto pastas para dissolução, semibranqueadas ou branqueadas, de não coníferas",celulose,14209,20640
2022-06-30,importacao,47032900,celulose_nao_coniferas,"Pastas químicas de madeira, à soda ou ao sulfato, exceto pastas para dissolução, semibranqueadas ou branqueadas, de não coníferas",celulose,3248,323
2022-07-31,importacao,47032900,celulose_nao_coniferas,"Pastas químicas de madeira, à soda ou ao sulfato, exceto pastas para dissolução, semibranqueadas ou branqueadas, de não coníferas",celulose,9496,20160
2022-08-31,importacao,47032900,celulose_nao_coniferas,"Pastas químicas de madeira, à soda ou ao sulfato, exceto pastas para dissolução, semibranqueadas ou branqueadas, de não coníferas",celulose,9334,20160
2022-09-30,importacao,47032900,celulose_nao_coniferas,"Pastas químicas de madeira, à soda ou ao sulfato, exceto pastas para dissolução, semibranqueadas ou branqueadas, de não coníferas",celulose,51994,106320
2022-10-31,importacao,47032900,celulose_nao_coniferas,"Pastas químicas de madeira, à soda ou ao sulfato, exceto pastas para dissolução, semibranqueadas ou branqueadas, de não coníferas",celulose,5562,600
2023-01-31,importacao,47032900,celulose_nao_coniferas,"Pastas químicas de madeira, à soda ou ao sulfato, exceto pastas para dissolução, semibranqueadas ou branqueadas, de não coníferas",celulose,6346,10000
2023-02-28,importacao,47032900,celulose_nao_coniferas,"Pastas químicas de madeira, à soda ou ao sulfato, exceto pastas para dissolução, semibranqueadas ou branqueadas, de não coníferas",celulose,23973,32000
2023-03-31,importacao,47032900,celulose_nao_coniferas,"Pastas químicas de madeira, à soda ou ao sulfato, exceto pastas para dissolução, semibranqueadas ou branqueadas, de não coníferas",celulose,24084,22600
2023-04-30,importacao,47032900,celulose_nao_coniferas,"Pastas químicas de madeira, à soda ou ao sulfato, exceto pastas para dissolução, semibranqueadas ou branqueadas, de não coníferas",celulose,53712,69980
2023-05-31,importacao,47032900,celulose_nao_coniferas,"Pastas químicas de madeira, à soda ou ao sulfato, exceto pastas para dissolução, semibranqueadas ou branqueadas, de não coníferas",celulose,46826,68000
2023-06-30,importacao,47032900,celulose_nao_coniferas,"Pastas químicas de madeira, à soda ou ao sulfato, exceto pastas para dissolução, semibranqueadas ou branqueadas, de não coníferas",celulose,35785,48172
2023-07-31,importacao,47032900,celulose_nao_coniferas,"Pastas químicas de madeira, à soda ou ao sulfato, exceto pastas para dissolução, semibranqueadas ou branqueadas, de não coníferas",celulose,44541,74939
2023-08-31,importacao,47032900,celulose_nao_coniferas,"Pastas químicas de madeira, à soda ou ao sulfato, exceto pastas para dissolução, semibranqueadas ou branqueadas, de não coníferas",celulose,14585,22000
2023-09-30,importacao,47032900,celulose_nao_coniferas,"Pastas químicas de madeira, à soda ou ao sulfato, exceto pastas para dissolução, semibranqueadas ou branqueadas, de não coníferas",celulose,14622,22000
2023-10-31,importacao,47032900,celulose_nao_coniferas,"Pastas químicas de madeira, à soda ou ao sulfato, exceto pastas para dissolução, semibranqueadas ou branqueadas, de não coníferas",celulose,29527,44000
2023-11-30,importacao,47032900,celulose_nao_coniferas,"Pastas químicas de madeira, à soda ou ao sulfato, exceto pastas para dissolução, semibranqueadas ou branqueadas, de não coníferas",celulose,27635,44000
2023-12-31,importacao,47032900,celulose_nao_coniferas,"Pastas químicas de madeira, à soda ou ao sulfato, exceto pastas para dissolução, semibranqueadas ou branqueadas, de não coníferas",celulose,5180,600
2024-01-31,importacao,47032900,celulose_nao_coniferas,"Pastas químicas de madeira, à soda ou ao sulfato, exceto pastas para dissolução, semibranqueadas ou branqueadas, de não coníferas",celulose,23769,42000
2024-03-31,importacao,47032900,celulose_nao_coniferas,"Pastas químicas de madeira, à soda ou ao sulfato, exceto pastas para dissolução, semibranqueadas ou branqueadas, de não coníferas",celulose,40951,66000
2024-04-30,importacao,47032900,celulose_nao_coniferas,"Pastas químicas de madeira, à soda ou ao sulfato, exceto pastas para dissolução, semibranqueadas ou branqueadas, de não coníferas",celulose,109186,157514
2024-05-31,importacao,47032900,celulose_nao_coniferas,"Pastas químicas de madeira, à soda ou ao sulfato, exceto pastas para dissolução, semibranqueadas ou branqueadas, de não coníferas",celulose,146268,200736
2024-06-30,importacao,47032900,celulose_nao_coniferas,"Pastas químicas de madeira, à soda ou ao sulfato, exceto pastas para dissolução, semibranqueadas ou branqueadas, de não coníferas",celulose,28611,44000
2024-07-31,importacao,47032900,celulose_nao_coniferas,"Pastas químicas de madeira, à soda ou ao sulfato, exceto pastas para dissolução, semibranqueadas ou branqueadas, de não coníferas",celulose,43537,66000
2024-08-31,importacao,47032900,celulose_nao_coniferas,"Pastas químicas de madeira, à soda ou ao sulfato, exceto pastas para dissolução, semibranqueadas ou branqueadas, de não coníferas",celulose,109418,173906
2024-09-30,importacao,47032900,celulose_nao_coniferas,"Pastas químicas de madeira, à soda ou ao sulfato, exceto pastas para dissolução, semibranqueadas ou branqueadas, de não coníferas",celulose,1317166,2328611
2024-10-31,importacao,47032900,celulose_nao_coniferas,"Pastas químicas de madeira, à soda ou ao sulfato, exceto pastas para dissolução, semibranqueadas ou branqueadas, de não coníferas",celulose,1149888,2123187
2024-11-30,importacao,47032900,celulose_nao_coniferas,"Pastas químicas de madeira, à soda ou ao sulfato, exceto pastas para dissolução, semibranqueadas ou branqueadas, de não coníferas",celulose,209929,261351
2024-12-31,importacao,47032900,celulose_nao_coniferas,"Pastas químicas de madeira, à soda ou ao sulfato, exceto pastas para dissolução, semibranqueadas ou branqueadas, de não coníferas",celulose,69936,124256
2025-01-31,importacao,47032900,celulose_nao_coniferas,"Pastas químicas de madeira, à soda ou ao sulfato, exceto pastas para dissolução, semibranqueadas ou branqueadas, de não coníferas",celulose,14043,12342
2025-02-28,importacao,47032900,celulose_nao_coniferas,"Pastas químicas de madeira, à soda ou ao sulfato, exceto pastas para dissolução, semibranqueadas ou branqueadas, de não coníferas",celulose,863148,1884029
2025-03-31,importacao,47032900,celulose_nao_coniferas,"Pastas químicas de madeira, à soda ou ao sulfato, exceto pastas para dissolução, semibranqueadas ou branqueadas, de não coníferas",celulose,1239685,2672694
2025-04-30,importacao,47032900,celulose_nao_coniferas,"Pastas químicas de madeira, à soda ou ao sulfato, exceto pastas para dissolução, semibranqueadas ou branqueadas, de não coníferas",celulose,786423,1644971
2025-05-31,importacao,47032900,celulose_nao_coniferas,"Pastas químicas de madeira, à soda ou ao sulfato, exceto pastas para dissolução, semibranqueadas ou branqueadas, de não coníferas",celulose,220910,106029
2025-06-30,importacao,47032900,celulose_nao_coniferas,"Pastas químicas de madeira, à soda ou ao sulfato, exceto pastas para dissolução, semibranqueadas ou branqueadas, de não coníferas",celulose,282472,95740
2025-07-31,importacao,47032900,celulose_nao_coniferas,"Pastas químicas de madeira, à soda ou ao sulfato, exceto pastas para dissolução, semibranqueadas ou branqueadas, de não coníferas",celulose,1588420,2753415
2025-08-31,importacao,47032900,celulose_nao_coniferas,"Pastas químicas de madeira, à soda ou ao sulfato, exceto pastas para dissolução, semibranqueadas ou branqueadas, de não coníferas",celulose,740297,786156
2025-09-30,importacao,47032900,celulose_nao_coniferas,"Pastas químicas de madeira, à soda ou ao sulfato, exceto pastas para dissolução, semibranqueadas ou branqueadas, de não coníferas",celulose,512478,290801
2025-10-31,importacao,47032900,celulose_nao_coniferas,"Pastas químicas de madeira, à soda ou ao sulfato, exceto pastas para dissolução, semibranqueadas ou branqueadas, de não coníferas",celulose,572966,652074
2025-11-30,importacao,47032900,celulose_nao_coniferas,"Pastas químicas de madeira, à soda ou ao sulfato, exceto pastas para dissolução, semibranqueadas ou branqueadas, de não coníferas",celulose,624618,779076
2025-12-31,importacao,47032900,celulose_nao_coniferas,"Pastas químicas de madeira, à soda ou ao sulfato, exceto pastas para dissolução, semibranqueadas ou branqueadas, de não coníferas",celulose,35565,4800
2026-01-31,importacao,47032900,celulose_nao_coniferas,"Pastas químicas de madeira, à soda ou ao sulfato, exceto pastas para dissolução, semibranqueadas ou branqueadas, de não coníferas",celulose,1364373,1631860
2026-02-28,importacao,47032900,celulose_nao_coniferas,"Pastas químicas de madeira, à soda ou ao sulfato, exceto pastas para dissolução, semibranqueadas ou branqueadas, de não coníferas",celulose,455311,695893
2026-03-31,importacao,47032900,celulose_nao_coniferas,"Pastas químicas de madeira, à soda ou ao sulfato, exceto pastas para dissolução, semibranqueadas ou branqueadas, de não coníferas",celulose,897812,1104762
2026-04-30,importacao,47032900,celulose_nao_coniferas,"Pastas químicas de madeira, à soda ou ao sulfato, exceto pastas para dissolução, semibranqueadas ou branqueadas, de não coníferas",celulose,804726,929216
2026-05-31,importacao,47032900,celulose_nao_coniferas,"Pastas químicas de madeira, à soda ou ao sulfato, exceto pastas para dissolução, semibranqueadas ou branqueadas, de não coníferas",celulose,1431854,1552797
2026-06-30,importacao,47032900,celulose_nao_coniferas,"Pastas químicas de madeira, à soda ou ao sulfato, exceto pastas para dissolução, semibranqueadas ou branqueadas, de não coníferas",celulose,1169186,1569142
2026-07-31,importacao,47032900,celulose_nao_coniferas,"Pastas químicas de madeira, à soda ou ao sulfato, exceto pastas para dissolução, semibranqueadas ou branqueadas, de não coníferas",celulose,1032668,904209
2026-08-31,importacao,47032900,celulose_nao_coniferas,"Pastas químicas de madeira, à soda ou ao sulfato, exceto pastas para dissolução, semibranqueadas ou branqueadas, de não coníferas",celulose,1381516,1452782
